2024-12-06 12:45:47,339 - ValveController - ERROR - MQTT connection failed: timed out
Traceback (most recent call last):
  File "/app/valves_node.py", line 62, in connect_mqtt
    self.client.connect(self.broker_host, self.broker_port)
  File "/usr/local/lib/python3.9/site-packages/paho/mqtt/client.py", line 1435, in connect
    return self.reconnect()
  File "/usr/local/lib/python3.9/site-packages/paho/mqtt/client.py", line 1598, in reconnect
    self._sock = self._create_socket()
  File "/usr/local/lib/python3.9/site-packages/paho/mqtt/client.py", line 4609, in _create_socket
    sock = self._create_socket_connection()
  File "/usr/local/lib/python3.9/site-packages/paho/mqtt/client.py", line 4640, in _create_socket_connection
    return socket.create_connection(addr, timeout=self._connect_timeout, source_address=source)
  File "/usr/local/lib/python3.9/socket.py", line 856, in create_connection
    raise err
  File "/usr/local/lib/python3.9/socket.py", line 844, in create_connection
    sock.connect(sa)
socket.timeout: timed out
2024-12-06 12:45:57,352 - ValveController - ERROR - MQTT connection failed: timed out
Traceback (most recent call last):
  File "/app/valves_node.py", line 62, in connect_mqtt
    self.client.connect(self.broker_host, self.broker_port)
  File "/usr/local/lib/python3.9/site-packages/paho/mqtt/client.py", line 1435, in connect
    return self.reconnect()
  File "/usr/local/lib/python3.9/site-packages/paho/mqtt/client.py", line 1598, in reconnect
    self._sock = self._create_socket()
  File "/usr/local/lib/python3.9/site-packages/paho/mqtt/client.py", line 4609, in _create_socket
    sock = self._create_socket_connection()
  File "/usr/local/lib/python3.9/site-packages/paho/mqtt/client.py", line 4640, in _create_socket_connection
    return socket.create_connection(addr, timeout=self._connect_timeout, source_address=source)
  File "/usr/local/lib/python3.9/socket.py", line 856, in create_connection
    raise err
  File "/usr/local/lib/python3.9/socket.py", line 844, in create_connection
    sock.connect(sa)
socket.timeout: timed out
2024-12-06 12:46:07,360 - ValveController - ERROR - MQTT connection failed: timed out
Traceback (most recent call last):
  File "/app/valves_node.py", line 62, in connect_mqtt
    self.client.connect(self.broker_host, self.broker_port)
  File "/usr/local/lib/python3.9/site-packages/paho/mqtt/client.py", line 1435, in connect
    return self.reconnect()
  File "/usr/local/lib/python3.9/site-packages/paho/mqtt/client.py", line 1598, in reconnect
    self._sock = self._create_socket()
  File "/usr/local/lib/python3.9/site-packages/paho/mqtt/client.py", line 4609, in _create_socket
    sock = self._create_socket_connection()
  File "/usr/local/lib/python3.9/site-packages/paho/mqtt/client.py", line 4640, in _create_socket_connection
    return socket.create_connection(addr, timeout=self._connect_timeout, source_address=source)
  File "/usr/local/lib/python3.9/socket.py", line 856, in create_connection
    raise err
  File "/usr/local/lib/python3.9/socket.py", line 844, in create_connection
    sock.connect(sa)
socket.timeout: timed out
2024-12-06 12:46:17,372 - ValveController - ERROR - MQTT connection failed: timed out
Traceback (most recent call last):
  File "/app/valves_node.py", line 62, in connect_mqtt
    self.client.connect(self.broker_host, self.broker_port)
  File "/usr/local/lib/python3.9/site-packages/paho/mqtt/client.py", line 1435, in connect
    return self.reconnect()
  File "/usr/local/lib/python3.9/site-packages/paho/mqtt/client.py", line 1598, in reconnect
    self._sock = self._create_socket()
  File "/usr/local/lib/python3.9/site-packages/paho/mqtt/client.py", line 4609, in _create_socket
    sock = self._create_socket_connection()
  File "/usr/local/lib/python3.9/site-packages/paho/mqtt/client.py", line 4640, in _create_socket_connection
    return socket.create_connection(addr, timeout=self._connect_timeout, source_address=source)
  File "/usr/local/lib/python3.9/socket.py", line 856, in create_connection
    raise err
  File "/usr/local/lib/python3.9/socket.py", line 844, in create_connection
    sock.connect(sa)
socket.timeout: timed out
2024-12-06 12:46:27,380 - ValveController - ERROR - MQTT connection failed: timed out
Traceback (most recent call last):
  File "/app/valves_node.py", line 62, in connect_mqtt
    self.client.connect(self.broker_host, self.broker_port)
  File "/usr/local/lib/python3.9/site-packages/paho/mqtt/client.py", line 1435, in connect
    return self.reconnect()
  File "/usr/local/lib/python3.9/site-packages/paho/mqtt/client.py", line 1598, in reconnect
    self._sock = self._create_socket()
  File "/usr/local/lib/python3.9/site-packages/paho/mqtt/client.py", line 4609, in _create_socket
    sock = self._create_socket_connection()
  File "/usr/local/lib/python3.9/site-packages/paho/mqtt/client.py", line 4640, in _create_socket_connection
    return socket.create_connection(addr, timeout=self._connect_timeout, source_address=source)
  File "/usr/local/lib/python3.9/socket.py", line 856, in create_connection
    raise err
  File "/usr/local/lib/python3.9/socket.py", line 844, in create_connection
    sock.connect(sa)
socket.timeout: timed out
2024-12-06 12:46:37,394 - ValveController - ERROR - MQTT connection failed: timed out
Traceback (most recent call last):
  File "/app/valves_node.py", line 62, in connect_mqtt
    self.client.connect(self.broker_host, self.broker_port)
  File "/usr/local/lib/python3.9/site-packages/paho/mqtt/client.py", line 1435, in connect
    return self.reconnect()
  File "/usr/local/lib/python3.9/site-packages/paho/mqtt/client.py", line 1598, in reconnect
    self._sock = self._create_socket()
  File "/usr/local/lib/python3.9/site-packages/paho/mqtt/client.py", line 4609, in _create_socket
    sock = self._create_socket_connection()
  File "/usr/local/lib/python3.9/site-packages/paho/mqtt/client.py", line 4640, in _create_socket_connection
    return socket.create_connection(addr, timeout=self._connect_timeout, source_address=source)
  File "/usr/local/lib/python3.9/socket.py", line 856, in create_connection
    raise err
  File "/usr/local/lib/python3.9/socket.py", line 844, in create_connection
    sock.connect(sa)
socket.timeout: timed out
2024-12-06 12:46:47,407 - ValveController - ERROR - MQTT connection failed: timed out
Traceback (most recent call last):
  File "/app/valves_node.py", line 62, in connect_mqtt
    self.client.connect(self.broker_host, self.broker_port)
  File "/usr/local/lib/python3.9/site-packages/paho/mqtt/client.py", line 1435, in connect
    return self.reconnect()
  File "/usr/local/lib/python3.9/site-packages/paho/mqtt/client.py", line 1598, in reconnect
    self._sock = self._create_socket()
  File "/usr/local/lib/python3.9/site-packages/paho/mqtt/client.py", line 4609, in _create_socket
    sock = self._create_socket_connection()
  File "/usr/local/lib/python3.9/site-packages/paho/mqtt/client.py", line 4640, in _create_socket_connection
    return socket.create_connection(addr, timeout=self._connect_timeout, source_address=source)
  File "/usr/local/lib/python3.9/socket.py", line 856, in create_connection
    raise err
  File "/usr/local/lib/python3.9/socket.py", line 844, in create_connection
    sock.connect(sa)
socket.timeout: timed out
2024-12-06 12:46:57,419 - ValveController - ERROR - MQTT connection failed: timed out
Traceback (most recent call last):
  File "/app/valves_node.py", line 62, in connect_mqtt
    self.client.connect(self.broker_host, self.broker_port)
  File "/usr/local/lib/python3.9/site-packages/paho/mqtt/client.py", line 1435, in connect
    return self.reconnect()
  File "/usr/local/lib/python3.9/site-packages/paho/mqtt/client.py", line 1598, in reconnect
    self._sock = self._create_socket()
  File "/usr/local/lib/python3.9/site-packages/paho/mqtt/client.py", line 4609, in _create_socket
    sock = self._create_socket_connection()
  File "/usr/local/lib/python3.9/site-packages/paho/mqtt/client.py", line 4640, in _create_socket_connection
    return socket.create_connection(addr, timeout=self._connect_timeout, source_address=source)
  File "/usr/local/lib/python3.9/socket.py", line 856, in create_connection
    raise err
  File "/usr/local/lib/python3.9/socket.py", line 844, in create_connection
    sock.connect(sa)
socket.timeout: timed out
2024-12-06 12:47:07,430 - ValveController - ERROR - MQTT connection failed: timed out
Traceback (most recent call last):
  File "/app/valves_node.py", line 62, in connect_mqtt
    self.client.connect(self.broker_host, self.broker_port)
  File "/usr/local/lib/python3.9/site-packages/paho/mqtt/client.py", line 1435, in connect
    return self.reconnect()
  File "/usr/local/lib/python3.9/site-packages/paho/mqtt/client.py", line 1598, in reconnect
    self._sock = self._create_socket()
  File "/usr/local/lib/python3.9/site-packages/paho/mqtt/client.py", line 4609, in _create_socket
    sock = self._create_socket_connection()
  File "/usr/local/lib/python3.9/site-packages/paho/mqtt/client.py", line 4640, in _create_socket_connection
    return socket.create_connection(addr, timeout=self._connect_timeout, source_address=source)
  File "/usr/local/lib/python3.9/socket.py", line 856, in create_connection
    raise err
  File "/usr/local/lib/python3.9/socket.py", line 844, in create_connection
    sock.connect(sa)
socket.timeout: timed out
2024-12-06 12:47:17,444 - ValveController - ERROR - MQTT connection failed: timed out
Traceback (most recent call last):
  File "/app/valves_node.py", line 62, in connect_mqtt
    self.client.connect(self.broker_host, self.broker_port)
  File "/usr/local/lib/python3.9/site-packages/paho/mqtt/client.py", line 1435, in connect
    return self.reconnect()
  File "/usr/local/lib/python3.9/site-packages/paho/mqtt/client.py", line 1598, in reconnect
    self._sock = self._create_socket()
  File "/usr/local/lib/python3.9/site-packages/paho/mqtt/client.py", line 4609, in _create_socket
    sock = self._create_socket_connection()
  File "/usr/local/lib/python3.9/site-packages/paho/mqtt/client.py", line 4640, in _create_socket_connection
    return socket.create_connection(addr, timeout=self._connect_timeout, source_address=source)
  File "/usr/local/lib/python3.9/socket.py", line 856, in create_connection
    raise err
  File "/usr/local/lib/python3.9/socket.py", line 844, in create_connection
    sock.connect(sa)
socket.timeout: timed out
2024-12-06 12:47:27,457 - ValveController - ERROR - MQTT connection failed: timed out
Traceback (most recent call last):
  File "/app/valves_node.py", line 62, in connect_mqtt
    self.client.connect(self.broker_host, self.broker_port)
  File "/usr/local/lib/python3.9/site-packages/paho/mqtt/client.py", line 1435, in connect
    return self.reconnect()
  File "/usr/local/lib/python3.9/site-packages/paho/mqtt/client.py", line 1598, in reconnect
    self._sock = self._create_socket()
  File "/usr/local/lib/python3.9/site-packages/paho/mqtt/client.py", line 4609, in _create_socket
    sock = self._create_socket_connection()
  File "/usr/local/lib/python3.9/site-packages/paho/mqtt/client.py", line 4640, in _create_socket_connection
    return socket.create_connection(addr, timeout=self._connect_timeout, source_address=source)
  File "/usr/local/lib/python3.9/socket.py", line 856, in create_connection
    raise err
  File "/usr/local/lib/python3.9/socket.py", line 844, in create_connection
    sock.connect(sa)
socket.timeout: timed out
2024-12-06 12:47:37,464 - ValveController - ERROR - MQTT connection failed: timed out
Traceback (most recent call last):
  File "/app/valves_node.py", line 62, in connect_mqtt
    self.client.connect(self.broker_host, self.broker_port)
  File "/usr/local/lib/python3.9/site-packages/paho/mqtt/client.py", line 1435, in connect
    return self.reconnect()
  File "/usr/local/lib/python3.9/site-packages/paho/mqtt/client.py", line 1598, in reconnect
    self._sock = self._create_socket()
  File "/usr/local/lib/python3.9/site-packages/paho/mqtt/client.py", line 4609, in _create_socket
    sock = self._create_socket_connection()
  File "/usr/local/lib/python3.9/site-packages/paho/mqtt/client.py", line 4640, in _create_socket_connection
    return socket.create_connection(addr, timeout=self._connect_timeout, source_address=source)
  File "/usr/local/lib/python3.9/socket.py", line 856, in create_connection
    raise err
  File "/usr/local/lib/python3.9/socket.py", line 844, in create_connection
    sock.connect(sa)
socket.timeout: timed out
2024-12-06 12:47:47,478 - ValveController - ERROR - MQTT connection failed: timed out
Traceback (most recent call last):
  File "/app/valves_node.py", line 62, in connect_mqtt
    self.client.connect(self.broker_host, self.broker_port)
  File "/usr/local/lib/python3.9/site-packages/paho/mqtt/client.py", line 1435, in connect
    return self.reconnect()
  File "/usr/local/lib/python3.9/site-packages/paho/mqtt/client.py", line 1598, in reconnect
    self._sock = self._create_socket()
  File "/usr/local/lib/python3.9/site-packages/paho/mqtt/client.py", line 4609, in _create_socket
    sock = self._create_socket_connection()
  File "/usr/local/lib/python3.9/site-packages/paho/mqtt/client.py", line 4640, in _create_socket_connection
    return socket.create_connection(addr, timeout=self._connect_timeout, source_address=source)
  File "/usr/local/lib/python3.9/socket.py", line 856, in create_connection
    raise err
  File "/usr/local/lib/python3.9/socket.py", line 844, in create_connection
    sock.connect(sa)
socket.timeout: timed out
2024-12-06 12:47:57,490 - ValveController - ERROR - MQTT connection failed: timed out
Traceback (most recent call last):
  File "/app/valves_node.py", line 62, in connect_mqtt
    self.client.connect(self.broker_host, self.broker_port)
  File "/usr/local/lib/python3.9/site-packages/paho/mqtt/client.py", line 1435, in connect
    return self.reconnect()
  File "/usr/local/lib/python3.9/site-packages/paho/mqtt/client.py", line 1598, in reconnect
    self._sock = self._create_socket()
  File "/usr/local/lib/python3.9/site-packages/paho/mqtt/client.py", line 4609, in _create_socket
    sock = self._create_socket_connection()
  File "/usr/local/lib/python3.9/site-packages/paho/mqtt/client.py", line 4640, in _create_socket_connection
    return socket.create_connection(addr, timeout=self._connect_timeout, source_address=source)
  File "/usr/local/lib/python3.9/socket.py", line 856, in create_connection
    raise err
  File "/usr/local/lib/python3.9/socket.py", line 844, in create_connection
    sock.connect(sa)
socket.timeout: timed out
2024-12-06 12:48:07,503 - ValveController - ERROR - MQTT connection failed: timed out
Traceback (most recent call last):
  File "/app/valves_node.py", line 62, in connect_mqtt
    self.client.connect(self.broker_host, self.broker_port)
  File "/usr/local/lib/python3.9/site-packages/paho/mqtt/client.py", line 1435, in connect
    return self.reconnect()
  File "/usr/local/lib/python3.9/site-packages/paho/mqtt/client.py", line 1598, in reconnect
    self._sock = self._create_socket()
  File "/usr/local/lib/python3.9/site-packages/paho/mqtt/client.py", line 4609, in _create_socket
    sock = self._create_socket_connection()
  File "/usr/local/lib/python3.9/site-packages/paho/mqtt/client.py", line 4640, in _create_socket_connection
    return socket.create_connection(addr, timeout=self._connect_timeout, source_address=source)
  File "/usr/local/lib/python3.9/socket.py", line 856, in create_connection
    raise err
  File "/usr/local/lib/python3.9/socket.py", line 844, in create_connection
    sock.connect(sa)
socket.timeout: timed out
2024-12-06 12:48:17,516 - ValveController - ERROR - MQTT connection failed: timed out
Traceback (most recent call last):
  File "/app/valves_node.py", line 62, in connect_mqtt
    self.client.connect(self.broker_host, self.broker_port)
  File "/usr/local/lib/python3.9/site-packages/paho/mqtt/client.py", line 1435, in connect
    return self.reconnect()
  File "/usr/local/lib/python3.9/site-packages/paho/mqtt/client.py", line 1598, in reconnect
    self._sock = self._create_socket()
  File "/usr/local/lib/python3.9/site-packages/paho/mqtt/client.py", line 4609, in _create_socket
    sock = self._create_socket_connection()
  File "/usr/local/lib/python3.9/site-packages/paho/mqtt/client.py", line 4640, in _create_socket_connection
    return socket.create_connection(addr, timeout=self._connect_timeout, source_address=source)
  File "/usr/local/lib/python3.9/socket.py", line 856, in create_connection
    raise err
  File "/usr/local/lib/python3.9/socket.py", line 844, in create_connection
    sock.connect(sa)
socket.timeout: timed out
2024-12-06 12:48:27,529 - ValveController - ERROR - MQTT connection failed: timed out
Traceback (most recent call last):
  File "/app/valves_node.py", line 62, in connect_mqtt
    self.client.connect(self.broker_host, self.broker_port)
  File "/usr/local/lib/python3.9/site-packages/paho/mqtt/client.py", line 1435, in connect
    return self.reconnect()
  File "/usr/local/lib/python3.9/site-packages/paho/mqtt/client.py", line 1598, in reconnect
    self._sock = self._create_socket()
  File "/usr/local/lib/python3.9/site-packages/paho/mqtt/client.py", line 4609, in _create_socket
    sock = self._create_socket_connection()
  File "/usr/local/lib/python3.9/site-packages/paho/mqtt/client.py", line 4640, in _create_socket_connection
    return socket.create_connection(addr, timeout=self._connect_timeout, source_address=source)
  File "/usr/local/lib/python3.9/socket.py", line 856, in create_connection
    raise err
  File "/usr/local/lib/python3.9/socket.py", line 844, in create_connection
    sock.connect(sa)
socket.timeout: timed out
2024-12-06 12:48:37,541 - ValveController - ERROR - MQTT connection failed: timed out
Traceback (most recent call last):
  File "/app/valves_node.py", line 62, in connect_mqtt
    self.client.connect(self.broker_host, self.broker_port)
  File "/usr/local/lib/python3.9/site-packages/paho/mqtt/client.py", line 1435, in connect
    return self.reconnect()
  File "/usr/local/lib/python3.9/site-packages/paho/mqtt/client.py", line 1598, in reconnect
    self._sock = self._create_socket()
  File "/usr/local/lib/python3.9/site-packages/paho/mqtt/client.py", line 4609, in _create_socket
    sock = self._create_socket_connection()
  File "/usr/local/lib/python3.9/site-packages/paho/mqtt/client.py", line 4640, in _create_socket_connection
    return socket.create_connection(addr, timeout=self._connect_timeout, source_address=source)
  File "/usr/local/lib/python3.9/socket.py", line 856, in create_connection
    raise err
  File "/usr/local/lib/python3.9/socket.py", line 844, in create_connection
    sock.connect(sa)
socket.timeout: timed out
2024-12-06 12:48:47,554 - ValveController - ERROR - MQTT connection failed: timed out
Traceback (most recent call last):
  File "/app/valves_node.py", line 62, in connect_mqtt
    self.client.connect(self.broker_host, self.broker_port)
  File "/usr/local/lib/python3.9/site-packages/paho/mqtt/client.py", line 1435, in connect
    return self.reconnect()
  File "/usr/local/lib/python3.9/site-packages/paho/mqtt/client.py", line 1598, in reconnect
    self._sock = self._create_socket()
  File "/usr/local/lib/python3.9/site-packages/paho/mqtt/client.py", line 4609, in _create_socket
    sock = self._create_socket_connection()
  File "/usr/local/lib/python3.9/site-packages/paho/mqtt/client.py", line 4640, in _create_socket_connection
    return socket.create_connection(addr, timeout=self._connect_timeout, source_address=source)
  File "/usr/local/lib/python3.9/socket.py", line 856, in create_connection
    raise err
  File "/usr/local/lib/python3.9/socket.py", line 844, in create_connection
    sock.connect(sa)
socket.timeout: timed out
2024-12-06 12:48:57,561 - ValveController - ERROR - MQTT connection failed: timed out
Traceback (most recent call last):
  File "/app/valves_node.py", line 62, in connect_mqtt
    self.client.connect(self.broker_host, self.broker_port)
  File "/usr/local/lib/python3.9/site-packages/paho/mqtt/client.py", line 1435, in connect
    return self.reconnect()
  File "/usr/local/lib/python3.9/site-packages/paho/mqtt/client.py", line 1598, in reconnect
    self._sock = self._create_socket()
  File "/usr/local/lib/python3.9/site-packages/paho/mqtt/client.py", line 4609, in _create_socket
    sock = self._create_socket_connection()
  File "/usr/local/lib/python3.9/site-packages/paho/mqtt/client.py", line 4640, in _create_socket_connection
    return socket.create_connection(addr, timeout=self._connect_timeout, source_address=source)
  File "/usr/local/lib/python3.9/socket.py", line 856, in create_connection
    raise err
  File "/usr/local/lib/python3.9/socket.py", line 844, in create_connection
    sock.connect(sa)
socket.timeout: timed out
2024-12-06 12:49:07,575 - ValveController - ERROR - MQTT connection failed: timed out
Traceback (most recent call last):
  File "/app/valves_node.py", line 62, in connect_mqtt
    self.client.connect(self.broker_host, self.broker_port)
  File "/usr/local/lib/python3.9/site-packages/paho/mqtt/client.py", line 1435, in connect
    return self.reconnect()
  File "/usr/local/lib/python3.9/site-packages/paho/mqtt/client.py", line 1598, in reconnect
    self._sock = self._create_socket()
  File "/usr/local/lib/python3.9/site-packages/paho/mqtt/client.py", line 4609, in _create_socket
    sock = self._create_socket_connection()
  File "/usr/local/lib/python3.9/site-packages/paho/mqtt/client.py", line 4640, in _create_socket_connection
    return socket.create_connection(addr, timeout=self._connect_timeout, source_address=source)
  File "/usr/local/lib/python3.9/socket.py", line 856, in create_connection
    raise err
  File "/usr/local/lib/python3.9/socket.py", line 844, in create_connection
    sock.connect(sa)
socket.timeout: timed out
2024-12-06 12:49:17,582 - ValveController - ERROR - MQTT connection failed: timed out
Traceback (most recent call last):
  File "/app/valves_node.py", line 62, in connect_mqtt
    self.client.connect(self.broker_host, self.broker_port)
  File "/usr/local/lib/python3.9/site-packages/paho/mqtt/client.py", line 1435, in connect
    return self.reconnect()
  File "/usr/local/lib/python3.9/site-packages/paho/mqtt/client.py", line 1598, in reconnect
    self._sock = self._create_socket()
  File "/usr/local/lib/python3.9/site-packages/paho/mqtt/client.py", line 4609, in _create_socket
    sock = self._create_socket_connection()
  File "/usr/local/lib/python3.9/site-packages/paho/mqtt/client.py", line 4640, in _create_socket_connection
    return socket.create_connection(addr, timeout=self._connect_timeout, source_address=source)
  File "/usr/local/lib/python3.9/socket.py", line 856, in create_connection
    raise err
  File "/usr/local/lib/python3.9/socket.py", line 844, in create_connection
    sock.connect(sa)
socket.timeout: timed out
2024-12-06 12:49:27,594 - ValveController - ERROR - MQTT connection failed: timed out
Traceback (most recent call last):
  File "/app/valves_node.py", line 62, in connect_mqtt
    self.client.connect(self.broker_host, self.broker_port)
  File "/usr/local/lib/python3.9/site-packages/paho/mqtt/client.py", line 1435, in connect
    return self.reconnect()
  File "/usr/local/lib/python3.9/site-packages/paho/mqtt/client.py", line 1598, in reconnect
    self._sock = self._create_socket()
  File "/usr/local/lib/python3.9/site-packages/paho/mqtt/client.py", line 4609, in _create_socket
    sock = self._create_socket_connection()
  File "/usr/local/lib/python3.9/site-packages/paho/mqtt/client.py", line 4640, in _create_socket_connection
    return socket.create_connection(addr, timeout=self._connect_timeout, source_address=source)
  File "/usr/local/lib/python3.9/socket.py", line 856, in create_connection
    raise err
  File "/usr/local/lib/python3.9/socket.py", line 844, in create_connection
    sock.connect(sa)
socket.timeout: timed out
2024-12-06 12:49:37,606 - ValveController - ERROR - MQTT connection failed: timed out
Traceback (most recent call last):
  File "/app/valves_node.py", line 62, in connect_mqtt
    self.client.connect(self.broker_host, self.broker_port)
  File "/usr/local/lib/python3.9/site-packages/paho/mqtt/client.py", line 1435, in connect
    return self.reconnect()
  File "/usr/local/lib/python3.9/site-packages/paho/mqtt/client.py", line 1598, in reconnect
    self._sock = self._create_socket()
  File "/usr/local/lib/python3.9/site-packages/paho/mqtt/client.py", line 4609, in _create_socket
    sock = self._create_socket_connection()
  File "/usr/local/lib/python3.9/site-packages/paho/mqtt/client.py", line 4640, in _create_socket_connection
    return socket.create_connection(addr, timeout=self._connect_timeout, source_address=source)
  File "/usr/local/lib/python3.9/socket.py", line 856, in create_connection
    raise err
  File "/usr/local/lib/python3.9/socket.py", line 844, in create_connection
    sock.connect(sa)
socket.timeout: timed out
2024-12-06 12:49:47,618 - ValveController - ERROR - MQTT connection failed: timed out
Traceback (most recent call last):
  File "/app/valves_node.py", line 62, in connect_mqtt
    self.client.connect(self.broker_host, self.broker_port)
  File "/usr/local/lib/python3.9/site-packages/paho/mqtt/client.py", line 1435, in connect
    return self.reconnect()
  File "/usr/local/lib/python3.9/site-packages/paho/mqtt/client.py", line 1598, in reconnect
    self._sock = self._create_socket()
  File "/usr/local/lib/python3.9/site-packages/paho/mqtt/client.py", line 4609, in _create_socket
    sock = self._create_socket_connection()
  File "/usr/local/lib/python3.9/site-packages/paho/mqtt/client.py", line 4640, in _create_socket_connection
    return socket.create_connection(addr, timeout=self._connect_timeout, source_address=source)
  File "/usr/local/lib/python3.9/socket.py", line 856, in create_connection
    raise err
  File "/usr/local/lib/python3.9/socket.py", line 844, in create_connection
    sock.connect(sa)
socket.timeout: timed out
2024-12-06 12:49:57,630 - ValveController - ERROR - MQTT connection failed: timed out
Traceback (most recent call last):
  File "/app/valves_node.py", line 62, in connect_mqtt
    self.client.connect(self.broker_host, self.broker_port)
  File "/usr/local/lib/python3.9/site-packages/paho/mqtt/client.py", line 1435, in connect
    return self.reconnect()
  File "/usr/local/lib/python3.9/site-packages/paho/mqtt/client.py", line 1598, in reconnect
    self._sock = self._create_socket()
  File "/usr/local/lib/python3.9/site-packages/paho/mqtt/client.py", line 4609, in _create_socket
    sock = self._create_socket_connection()
  File "/usr/local/lib/python3.9/site-packages/paho/mqtt/client.py", line 4640, in _create_socket_connection
    return socket.create_connection(addr, timeout=self._connect_timeout, source_address=source)
  File "/usr/local/lib/python3.9/socket.py", line 856, in create_connection
    raise err
  File "/usr/local/lib/python3.9/socket.py", line 844, in create_connection
    sock.connect(sa)
socket.timeout: timed out
2024-12-06 12:50:07,643 - ValveController - ERROR - MQTT connection failed: timed out
Traceback (most recent call last):
  File "/app/valves_node.py", line 62, in connect_mqtt
    self.client.connect(self.broker_host, self.broker_port)
  File "/usr/local/lib/python3.9/site-packages/paho/mqtt/client.py", line 1435, in connect
    return self.reconnect()
  File "/usr/local/lib/python3.9/site-packages/paho/mqtt/client.py", line 1598, in reconnect
    self._sock = self._create_socket()
  File "/usr/local/lib/python3.9/site-packages/paho/mqtt/client.py", line 4609, in _create_socket
    sock = self._create_socket_connection()
  File "/usr/local/lib/python3.9/site-packages/paho/mqtt/client.py", line 4640, in _create_socket_connection
    return socket.create_connection(addr, timeout=self._connect_timeout, source_address=source)
  File "/usr/local/lib/python3.9/socket.py", line 856, in create_connection
    raise err
  File "/usr/local/lib/python3.9/socket.py", line 844, in create_connection
    sock.connect(sa)
socket.timeout: timed out
2024-12-06 12:50:17,651 - ValveController - ERROR - MQTT connection failed: timed out
Traceback (most recent call last):
  File "/app/valves_node.py", line 62, in connect_mqtt
    self.client.connect(self.broker_host, self.broker_port)
  File "/usr/local/lib/python3.9/site-packages/paho/mqtt/client.py", line 1435, in connect
    return self.reconnect()
  File "/usr/local/lib/python3.9/site-packages/paho/mqtt/client.py", line 1598, in reconnect
    self._sock = self._create_socket()
  File "/usr/local/lib/python3.9/site-packages/paho/mqtt/client.py", line 4609, in _create_socket
    sock = self._create_socket_connection()
  File "/usr/local/lib/python3.9/site-packages/paho/mqtt/client.py", line 4640, in _create_socket_connection
    return socket.create_connection(addr, timeout=self._connect_timeout, source_address=source)
  File "/usr/local/lib/python3.9/socket.py", line 856, in create_connection
    raise err
  File "/usr/local/lib/python3.9/socket.py", line 844, in create_connection
    sock.connect(sa)
socket.timeout: timed out
2024-12-06 12:50:27,664 - ValveController - ERROR - MQTT connection failed: timed out
Traceback (most recent call last):
  File "/app/valves_node.py", line 62, in connect_mqtt
    self.client.connect(self.broker_host, self.broker_port)
  File "/usr/local/lib/python3.9/site-packages/paho/mqtt/client.py", line 1435, in connect
    return self.reconnect()
  File "/usr/local/lib/python3.9/site-packages/paho/mqtt/client.py", line 1598, in reconnect
    self._sock = self._create_socket()
  File "/usr/local/lib/python3.9/site-packages/paho/mqtt/client.py", line 4609, in _create_socket
    sock = self._create_socket_connection()
  File "/usr/local/lib/python3.9/site-packages/paho/mqtt/client.py", line 4640, in _create_socket_connection
    return socket.create_connection(addr, timeout=self._connect_timeout, source_address=source)
  File "/usr/local/lib/python3.9/socket.py", line 856, in create_connection
    raise err
  File "/usr/local/lib/python3.9/socket.py", line 844, in create_connection
    sock.connect(sa)
socket.timeout: timed out
2024-12-06 12:50:37,670 - ValveController - ERROR - MQTT connection failed: timed out
Traceback (most recent call last):
  File "/app/valves_node.py", line 62, in connect_mqtt
    self.client.connect(self.broker_host, self.broker_port)
  File "/usr/local/lib/python3.9/site-packages/paho/mqtt/client.py", line 1435, in connect
    return self.reconnect()
  File "/usr/local/lib/python3.9/site-packages/paho/mqtt/client.py", line 1598, in reconnect
    self._sock = self._create_socket()
  File "/usr/local/lib/python3.9/site-packages/paho/mqtt/client.py", line 4609, in _create_socket
    sock = self._create_socket_connection()
  File "/usr/local/lib/python3.9/site-packages/paho/mqtt/client.py", line 4640, in _create_socket_connection
    return socket.create_connection(addr, timeout=self._connect_timeout, source_address=source)
  File "/usr/local/lib/python3.9/socket.py", line 856, in create_connection
    raise err
  File "/usr/local/lib/python3.9/socket.py", line 844, in create_connection
    sock.connect(sa)
socket.timeout: timed out
2024-12-06 12:50:47,680 - ValveController - ERROR - MQTT connection failed: timed out
Traceback (most recent call last):
  File "/app/valves_node.py", line 62, in connect_mqtt
    self.client.connect(self.broker_host, self.broker_port)
  File "/usr/local/lib/python3.9/site-packages/paho/mqtt/client.py", line 1435, in connect
    return self.reconnect()
  File "/usr/local/lib/python3.9/site-packages/paho/mqtt/client.py", line 1598, in reconnect
    self._sock = self._create_socket()
  File "/usr/local/lib/python3.9/site-packages/paho/mqtt/client.py", line 4609, in _create_socket
    sock = self._create_socket_connection()
  File "/usr/local/lib/python3.9/site-packages/paho/mqtt/client.py", line 4640, in _create_socket_connection
    return socket.create_connection(addr, timeout=self._connect_timeout, source_address=source)
  File "/usr/local/lib/python3.9/socket.py", line 856, in create_connection
    raise err
  File "/usr/local/lib/python3.9/socket.py", line 844, in create_connection
    sock.connect(sa)
socket.timeout: timed out
2024-12-06 12:50:57,693 - ValveController - ERROR - MQTT connection failed: timed out
Traceback (most recent call last):
  File "/app/valves_node.py", line 62, in connect_mqtt
    self.client.connect(self.broker_host, self.broker_port)
  File "/usr/local/lib/python3.9/site-packages/paho/mqtt/client.py", line 1435, in connect
    return self.reconnect()
  File "/usr/local/lib/python3.9/site-packages/paho/mqtt/client.py", line 1598, in reconnect
    self._sock = self._create_socket()
  File "/usr/local/lib/python3.9/site-packages/paho/mqtt/client.py", line 4609, in _create_socket
    sock = self._create_socket_connection()
  File "/usr/local/lib/python3.9/site-packages/paho/mqtt/client.py", line 4640, in _create_socket_connection
    return socket.create_connection(addr, timeout=self._connect_timeout, source_address=source)
  File "/usr/local/lib/python3.9/socket.py", line 856, in create_connection
    raise err
  File "/usr/local/lib/python3.9/socket.py", line 844, in create_connection
    sock.connect(sa)
socket.timeout: timed out
2024-12-06 12:51:07,706 - ValveController - ERROR - MQTT connection failed: timed out
Traceback (most recent call last):
  File "/app/valves_node.py", line 62, in connect_mqtt
    self.client.connect(self.broker_host, self.broker_port)
  File "/usr/local/lib/python3.9/site-packages/paho/mqtt/client.py", line 1435, in connect
    return self.reconnect()
  File "/usr/local/lib/python3.9/site-packages/paho/mqtt/client.py", line 1598, in reconnect
    self._sock = self._create_socket()
  File "/usr/local/lib/python3.9/site-packages/paho/mqtt/client.py", line 4609, in _create_socket
    sock = self._create_socket_connection()
  File "/usr/local/lib/python3.9/site-packages/paho/mqtt/client.py", line 4640, in _create_socket_connection
    return socket.create_connection(addr, timeout=self._connect_timeout, source_address=source)
  File "/usr/local/lib/python3.9/socket.py", line 856, in create_connection
    raise err
  File "/usr/local/lib/python3.9/socket.py", line 844, in create_connection
    sock.connect(sa)
socket.timeout: timed out
2024-12-06 12:51:17,718 - ValveController - ERROR - MQTT connection failed: timed out
Traceback (most recent call last):
  File "/app/valves_node.py", line 62, in connect_mqtt
    self.client.connect(self.broker_host, self.broker_port)
  File "/usr/local/lib/python3.9/site-packages/paho/mqtt/client.py", line 1435, in connect
    return self.reconnect()
  File "/usr/local/lib/python3.9/site-packages/paho/mqtt/client.py", line 1598, in reconnect
    self._sock = self._create_socket()
  File "/usr/local/lib/python3.9/site-packages/paho/mqtt/client.py", line 4609, in _create_socket
    sock = self._create_socket_connection()
  File "/usr/local/lib/python3.9/site-packages/paho/mqtt/client.py", line 4640, in _create_socket_connection
    return socket.create_connection(addr, timeout=self._connect_timeout, source_address=source)
  File "/usr/local/lib/python3.9/socket.py", line 856, in create_connection
    raise err
  File "/usr/local/lib/python3.9/socket.py", line 844, in create_connection
    sock.connect(sa)
socket.timeout: timed out
2024-12-06 12:51:27,732 - ValveController - ERROR - MQTT connection failed: timed out
Traceback (most recent call last):
  File "/app/valves_node.py", line 62, in connect_mqtt
    self.client.connect(self.broker_host, self.broker_port)
  File "/usr/local/lib/python3.9/site-packages/paho/mqtt/client.py", line 1435, in connect
    return self.reconnect()
  File "/usr/local/lib/python3.9/site-packages/paho/mqtt/client.py", line 1598, in reconnect
    self._sock = self._create_socket()
  File "/usr/local/lib/python3.9/site-packages/paho/mqtt/client.py", line 4609, in _create_socket
    sock = self._create_socket_connection()
  File "/usr/local/lib/python3.9/site-packages/paho/mqtt/client.py", line 4640, in _create_socket_connection
    return socket.create_connection(addr, timeout=self._connect_timeout, source_address=source)
  File "/usr/local/lib/python3.9/socket.py", line 856, in create_connection
    raise err
  File "/usr/local/lib/python3.9/socket.py", line 844, in create_connection
    sock.connect(sa)
socket.timeout: timed out
2024-12-06 12:51:37,742 - ValveController - ERROR - MQTT connection failed: timed out
Traceback (most recent call last):
  File "/app/valves_node.py", line 62, in connect_mqtt
    self.client.connect(self.broker_host, self.broker_port)
  File "/usr/local/lib/python3.9/site-packages/paho/mqtt/client.py", line 1435, in connect
    return self.reconnect()
  File "/usr/local/lib/python3.9/site-packages/paho/mqtt/client.py", line 1598, in reconnect
    self._sock = self._create_socket()
  File "/usr/local/lib/python3.9/site-packages/paho/mqtt/client.py", line 4609, in _create_socket
    sock = self._create_socket_connection()
  File "/usr/local/lib/python3.9/site-packages/paho/mqtt/client.py", line 4640, in _create_socket_connection
    return socket.create_connection(addr, timeout=self._connect_timeout, source_address=source)
  File "/usr/local/lib/python3.9/socket.py", line 856, in create_connection
    raise err
  File "/usr/local/lib/python3.9/socket.py", line 844, in create_connection
    sock.connect(sa)
socket.timeout: timed out
2024-12-06 12:51:47,754 - ValveController - ERROR - MQTT connection failed: timed out
Traceback (most recent call last):
  File "/app/valves_node.py", line 62, in connect_mqtt
    self.client.connect(self.broker_host, self.broker_port)
  File "/usr/local/lib/python3.9/site-packages/paho/mqtt/client.py", line 1435, in connect
    return self.reconnect()
  File "/usr/local/lib/python3.9/site-packages/paho/mqtt/client.py", line 1598, in reconnect
    self._sock = self._create_socket()
  File "/usr/local/lib/python3.9/site-packages/paho/mqtt/client.py", line 4609, in _create_socket
    sock = self._create_socket_connection()
  File "/usr/local/lib/python3.9/site-packages/paho/mqtt/client.py", line 4640, in _create_socket_connection
    return socket.create_connection(addr, timeout=self._connect_timeout, source_address=source)
  File "/usr/local/lib/python3.9/socket.py", line 856, in create_connection
    raise err
  File "/usr/local/lib/python3.9/socket.py", line 844, in create_connection
    sock.connect(sa)
socket.timeout: timed out
2024-12-06 12:51:57,767 - ValveController - ERROR - MQTT connection failed: timed out
Traceback (most recent call last):
  File "/app/valves_node.py", line 62, in connect_mqtt
    self.client.connect(self.broker_host, self.broker_port)
  File "/usr/local/lib/python3.9/site-packages/paho/mqtt/client.py", line 1435, in connect
    return self.reconnect()
  File "/usr/local/lib/python3.9/site-packages/paho/mqtt/client.py", line 1598, in reconnect
    self._sock = self._create_socket()
  File "/usr/local/lib/python3.9/site-packages/paho/mqtt/client.py", line 4609, in _create_socket
    sock = self._create_socket_connection()
  File "/usr/local/lib/python3.9/site-packages/paho/mqtt/client.py", line 4640, in _create_socket_connection
    return socket.create_connection(addr, timeout=self._connect_timeout, source_address=source)
  File "/usr/local/lib/python3.9/socket.py", line 856, in create_connection
    raise err
  File "/usr/local/lib/python3.9/socket.py", line 844, in create_connection
    sock.connect(sa)
socket.timeout: timed out
2024-12-06 12:52:07,779 - ValveController - ERROR - MQTT connection failed: timed out
Traceback (most recent call last):
  File "/app/valves_node.py", line 62, in connect_mqtt
    self.client.connect(self.broker_host, self.broker_port)
  File "/usr/local/lib/python3.9/site-packages/paho/mqtt/client.py", line 1435, in connect
    return self.reconnect()
  File "/usr/local/lib/python3.9/site-packages/paho/mqtt/client.py", line 1598, in reconnect
    self._sock = self._create_socket()
  File "/usr/local/lib/python3.9/site-packages/paho/mqtt/client.py", line 4609, in _create_socket
    sock = self._create_socket_connection()
  File "/usr/local/lib/python3.9/site-packages/paho/mqtt/client.py", line 4640, in _create_socket_connection
    return socket.create_connection(addr, timeout=self._connect_timeout, source_address=source)
  File "/usr/local/lib/python3.9/socket.py", line 856, in create_connection
    raise err
  File "/usr/local/lib/python3.9/socket.py", line 844, in create_connection
    sock.connect(sa)
socket.timeout: timed out
2024-12-06 12:52:17,787 - ValveController - ERROR - MQTT connection failed: timed out
Traceback (most recent call last):
  File "/app/valves_node.py", line 62, in connect_mqtt
    self.client.connect(self.broker_host, self.broker_port)
  File "/usr/local/lib/python3.9/site-packages/paho/mqtt/client.py", line 1435, in connect
    return self.reconnect()
  File "/usr/local/lib/python3.9/site-packages/paho/mqtt/client.py", line 1598, in reconnect
    self._sock = self._create_socket()
  File "/usr/local/lib/python3.9/site-packages/paho/mqtt/client.py", line 4609, in _create_socket
    sock = self._create_socket_connection()
  File "/usr/local/lib/python3.9/site-packages/paho/mqtt/client.py", line 4640, in _create_socket_connection
    return socket.create_connection(addr, timeout=self._connect_timeout, source_address=source)
  File "/usr/local/lib/python3.9/socket.py", line 856, in create_connection
    raise err
  File "/usr/local/lib/python3.9/socket.py", line 844, in create_connection
    sock.connect(sa)
socket.timeout: timed out
2024-12-06 12:52:27,799 - ValveController - ERROR - MQTT connection failed: timed out
Traceback (most recent call last):
  File "/app/valves_node.py", line 62, in connect_mqtt
    self.client.connect(self.broker_host, self.broker_port)
  File "/usr/local/lib/python3.9/site-packages/paho/mqtt/client.py", line 1435, in connect
    return self.reconnect()
  File "/usr/local/lib/python3.9/site-packages/paho/mqtt/client.py", line 1598, in reconnect
    self._sock = self._create_socket()
  File "/usr/local/lib/python3.9/site-packages/paho/mqtt/client.py", line 4609, in _create_socket
    sock = self._create_socket_connection()
  File "/usr/local/lib/python3.9/site-packages/paho/mqtt/client.py", line 4640, in _create_socket_connection
    return socket.create_connection(addr, timeout=self._connect_timeout, source_address=source)
  File "/usr/local/lib/python3.9/socket.py", line 856, in create_connection
    raise err
  File "/usr/local/lib/python3.9/socket.py", line 844, in create_connection
    sock.connect(sa)
socket.timeout: timed out
2024-12-06 12:52:37,808 - ValveController - ERROR - MQTT connection failed: timed out
Traceback (most recent call last):
  File "/app/valves_node.py", line 62, in connect_mqtt
    self.client.connect(self.broker_host, self.broker_port)
  File "/usr/local/lib/python3.9/site-packages/paho/mqtt/client.py", line 1435, in connect
    return self.reconnect()
  File "/usr/local/lib/python3.9/site-packages/paho/mqtt/client.py", line 1598, in reconnect
    self._sock = self._create_socket()
  File "/usr/local/lib/python3.9/site-packages/paho/mqtt/client.py", line 4609, in _create_socket
    sock = self._create_socket_connection()
  File "/usr/local/lib/python3.9/site-packages/paho/mqtt/client.py", line 4640, in _create_socket_connection
    return socket.create_connection(addr, timeout=self._connect_timeout, source_address=source)
  File "/usr/local/lib/python3.9/socket.py", line 856, in create_connection
    raise err
  File "/usr/local/lib/python3.9/socket.py", line 844, in create_connection
    sock.connect(sa)
socket.timeout: timed out
2024-12-06 12:52:47,818 - ValveController - ERROR - MQTT connection failed: timed out
Traceback (most recent call last):
  File "/app/valves_node.py", line 62, in connect_mqtt
    self.client.connect(self.broker_host, self.broker_port)
  File "/usr/local/lib/python3.9/site-packages/paho/mqtt/client.py", line 1435, in connect
    return self.reconnect()
  File "/usr/local/lib/python3.9/site-packages/paho/mqtt/client.py", line 1598, in reconnect
    self._sock = self._create_socket()
  File "/usr/local/lib/python3.9/site-packages/paho/mqtt/client.py", line 4609, in _create_socket
    sock = self._create_socket_connection()
  File "/usr/local/lib/python3.9/site-packages/paho/mqtt/client.py", line 4640, in _create_socket_connection
    return socket.create_connection(addr, timeout=self._connect_timeout, source_address=source)
  File "/usr/local/lib/python3.9/socket.py", line 856, in create_connection
    raise err
  File "/usr/local/lib/python3.9/socket.py", line 844, in create_connection
    sock.connect(sa)
socket.timeout: timed out
2024-12-06 12:52:57,832 - ValveController - ERROR - MQTT connection failed: timed out
Traceback (most recent call last):
  File "/app/valves_node.py", line 62, in connect_mqtt
    self.client.connect(self.broker_host, self.broker_port)
  File "/usr/local/lib/python3.9/site-packages/paho/mqtt/client.py", line 1435, in connect
    return self.reconnect()
  File "/usr/local/lib/python3.9/site-packages/paho/mqtt/client.py", line 1598, in reconnect
    self._sock = self._create_socket()
  File "/usr/local/lib/python3.9/site-packages/paho/mqtt/client.py", line 4609, in _create_socket
    sock = self._create_socket_connection()
  File "/usr/local/lib/python3.9/site-packages/paho/mqtt/client.py", line 4640, in _create_socket_connection
    return socket.create_connection(addr, timeout=self._connect_timeout, source_address=source)
  File "/usr/local/lib/python3.9/socket.py", line 856, in create_connection
    raise err
  File "/usr/local/lib/python3.9/socket.py", line 844, in create_connection
    sock.connect(sa)
socket.timeout: timed out
2024-12-06 12:53:07,845 - ValveController - ERROR - MQTT connection failed: timed out
Traceback (most recent call last):
  File "/app/valves_node.py", line 62, in connect_mqtt
    self.client.connect(self.broker_host, self.broker_port)
  File "/usr/local/lib/python3.9/site-packages/paho/mqtt/client.py", line 1435, in connect
    return self.reconnect()
  File "/usr/local/lib/python3.9/site-packages/paho/mqtt/client.py", line 1598, in reconnect
    self._sock = self._create_socket()
  File "/usr/local/lib/python3.9/site-packages/paho/mqtt/client.py", line 4609, in _create_socket
    sock = self._create_socket_connection()
  File "/usr/local/lib/python3.9/site-packages/paho/mqtt/client.py", line 4640, in _create_socket_connection
    return socket.create_connection(addr, timeout=self._connect_timeout, source_address=source)
  File "/usr/local/lib/python3.9/socket.py", line 856, in create_connection
    raise err
  File "/usr/local/lib/python3.9/socket.py", line 844, in create_connection
    sock.connect(sa)
socket.timeout: timed out
2024-12-06 12:53:17,858 - ValveController - ERROR - MQTT connection failed: timed out
Traceback (most recent call last):
  File "/app/valves_node.py", line 62, in connect_mqtt
    self.client.connect(self.broker_host, self.broker_port)
  File "/usr/local/lib/python3.9/site-packages/paho/mqtt/client.py", line 1435, in connect
    return self.reconnect()
  File "/usr/local/lib/python3.9/site-packages/paho/mqtt/client.py", line 1598, in reconnect
    self._sock = self._create_socket()
  File "/usr/local/lib/python3.9/site-packages/paho/mqtt/client.py", line 4609, in _create_socket
    sock = self._create_socket_connection()
  File "/usr/local/lib/python3.9/site-packages/paho/mqtt/client.py", line 4640, in _create_socket_connection
    return socket.create_connection(addr, timeout=self._connect_timeout, source_address=source)
  File "/usr/local/lib/python3.9/socket.py", line 856, in create_connection
    raise err
  File "/usr/local/lib/python3.9/socket.py", line 844, in create_connection
    sock.connect(sa)
socket.timeout: timed out
2024-12-06 12:53:27,869 - ValveController - ERROR - MQTT connection failed: timed out
Traceback (most recent call last):
  File "/app/valves_node.py", line 62, in connect_mqtt
    self.client.connect(self.broker_host, self.broker_port)
  File "/usr/local/lib/python3.9/site-packages/paho/mqtt/client.py", line 1435, in connect
    return self.reconnect()
  File "/usr/local/lib/python3.9/site-packages/paho/mqtt/client.py", line 1598, in reconnect
    self._sock = self._create_socket()
  File "/usr/local/lib/python3.9/site-packages/paho/mqtt/client.py", line 4609, in _create_socket
    sock = self._create_socket_connection()
  File "/usr/local/lib/python3.9/site-packages/paho/mqtt/client.py", line 4640, in _create_socket_connection
    return socket.create_connection(addr, timeout=self._connect_timeout, source_address=source)
  File "/usr/local/lib/python3.9/socket.py", line 856, in create_connection
    raise err
  File "/usr/local/lib/python3.9/socket.py", line 844, in create_connection
    sock.connect(sa)
socket.timeout: timed out
2024-12-06 12:53:37,882 - ValveController - ERROR - MQTT connection failed: timed out
Traceback (most recent call last):
  File "/app/valves_node.py", line 62, in connect_mqtt
    self.client.connect(self.broker_host, self.broker_port)
  File "/usr/local/lib/python3.9/site-packages/paho/mqtt/client.py", line 1435, in connect
    return self.reconnect()
  File "/usr/local/lib/python3.9/site-packages/paho/mqtt/client.py", line 1598, in reconnect
    self._sock = self._create_socket()
  File "/usr/local/lib/python3.9/site-packages/paho/mqtt/client.py", line 4609, in _create_socket
    sock = self._create_socket_connection()
  File "/usr/local/lib/python3.9/site-packages/paho/mqtt/client.py", line 4640, in _create_socket_connection
    return socket.create_connection(addr, timeout=self._connect_timeout, source_address=source)
  File "/usr/local/lib/python3.9/socket.py", line 856, in create_connection
    raise err
  File "/usr/local/lib/python3.9/socket.py", line 844, in create_connection
    sock.connect(sa)
socket.timeout: timed out
2024-12-06 12:53:47,890 - ValveController - ERROR - MQTT connection failed: timed out
Traceback (most recent call last):
  File "/app/valves_node.py", line 62, in connect_mqtt
    self.client.connect(self.broker_host, self.broker_port)
  File "/usr/local/lib/python3.9/site-packages/paho/mqtt/client.py", line 1435, in connect
    return self.reconnect()
  File "/usr/local/lib/python3.9/site-packages/paho/mqtt/client.py", line 1598, in reconnect
    self._sock = self._create_socket()
  File "/usr/local/lib/python3.9/site-packages/paho/mqtt/client.py", line 4609, in _create_socket
    sock = self._create_socket_connection()
  File "/usr/local/lib/python3.9/site-packages/paho/mqtt/client.py", line 4640, in _create_socket_connection
    return socket.create_connection(addr, timeout=self._connect_timeout, source_address=source)
  File "/usr/local/lib/python3.9/socket.py", line 856, in create_connection
    raise err
  File "/usr/local/lib/python3.9/socket.py", line 844, in create_connection
    sock.connect(sa)
socket.timeout: timed out
2024-12-06 12:53:57,902 - ValveController - ERROR - MQTT connection failed: timed out
Traceback (most recent call last):
  File "/app/valves_node.py", line 62, in connect_mqtt
    self.client.connect(self.broker_host, self.broker_port)
  File "/usr/local/lib/python3.9/site-packages/paho/mqtt/client.py", line 1435, in connect
    return self.reconnect()
  File "/usr/local/lib/python3.9/site-packages/paho/mqtt/client.py", line 1598, in reconnect
    self._sock = self._create_socket()
  File "/usr/local/lib/python3.9/site-packages/paho/mqtt/client.py", line 4609, in _create_socket
    sock = self._create_socket_connection()
  File "/usr/local/lib/python3.9/site-packages/paho/mqtt/client.py", line 4640, in _create_socket_connection
    return socket.create_connection(addr, timeout=self._connect_timeout, source_address=source)
  File "/usr/local/lib/python3.9/socket.py", line 856, in create_connection
    raise err
  File "/usr/local/lib/python3.9/socket.py", line 844, in create_connection
    sock.connect(sa)
socket.timeout: timed out
2024-12-06 12:54:07,908 - ValveController - ERROR - MQTT connection failed: timed out
Traceback (most recent call last):
  File "/app/valves_node.py", line 62, in connect_mqtt
    self.client.connect(self.broker_host, self.broker_port)
  File "/usr/local/lib/python3.9/site-packages/paho/mqtt/client.py", line 1435, in connect
    return self.reconnect()
  File "/usr/local/lib/python3.9/site-packages/paho/mqtt/client.py", line 1598, in reconnect
    self._sock = self._create_socket()
  File "/usr/local/lib/python3.9/site-packages/paho/mqtt/client.py", line 4609, in _create_socket
    sock = self._create_socket_connection()
  File "/usr/local/lib/python3.9/site-packages/paho/mqtt/client.py", line 4640, in _create_socket_connection
    return socket.create_connection(addr, timeout=self._connect_timeout, source_address=source)
  File "/usr/local/lib/python3.9/socket.py", line 856, in create_connection
    raise err
  File "/usr/local/lib/python3.9/socket.py", line 844, in create_connection
    sock.connect(sa)
socket.timeout: timed out
2024-12-06 12:54:17,921 - ValveController - ERROR - MQTT connection failed: timed out
Traceback (most recent call last):
  File "/app/valves_node.py", line 62, in connect_mqtt
    self.client.connect(self.broker_host, self.broker_port)
  File "/usr/local/lib/python3.9/site-packages/paho/mqtt/client.py", line 1435, in connect
    return self.reconnect()
  File "/usr/local/lib/python3.9/site-packages/paho/mqtt/client.py", line 1598, in reconnect
    self._sock = self._create_socket()
  File "/usr/local/lib/python3.9/site-packages/paho/mqtt/client.py", line 4609, in _create_socket
    sock = self._create_socket_connection()
  File "/usr/local/lib/python3.9/site-packages/paho/mqtt/client.py", line 4640, in _create_socket_connection
    return socket.create_connection(addr, timeout=self._connect_timeout, source_address=source)
  File "/usr/local/lib/python3.9/socket.py", line 856, in create_connection
    raise err
  File "/usr/local/lib/python3.9/socket.py", line 844, in create_connection
    sock.connect(sa)
socket.timeout: timed out
2024-12-06 12:54:27,934 - ValveController - ERROR - MQTT connection failed: timed out
Traceback (most recent call last):
  File "/app/valves_node.py", line 62, in connect_mqtt
    self.client.connect(self.broker_host, self.broker_port)
  File "/usr/local/lib/python3.9/site-packages/paho/mqtt/client.py", line 1435, in connect
    return self.reconnect()
  File "/usr/local/lib/python3.9/site-packages/paho/mqtt/client.py", line 1598, in reconnect
    self._sock = self._create_socket()
  File "/usr/local/lib/python3.9/site-packages/paho/mqtt/client.py", line 4609, in _create_socket
    sock = self._create_socket_connection()
  File "/usr/local/lib/python3.9/site-packages/paho/mqtt/client.py", line 4640, in _create_socket_connection
    return socket.create_connection(addr, timeout=self._connect_timeout, source_address=source)
  File "/usr/local/lib/python3.9/socket.py", line 856, in create_connection
    raise err
  File "/usr/local/lib/python3.9/socket.py", line 844, in create_connection
    sock.connect(sa)
socket.timeout: timed out
2024-12-06 12:54:37,946 - ValveController - ERROR - MQTT connection failed: timed out
Traceback (most recent call last):
  File "/app/valves_node.py", line 62, in connect_mqtt
    self.client.connect(self.broker_host, self.broker_port)
  File "/usr/local/lib/python3.9/site-packages/paho/mqtt/client.py", line 1435, in connect
    return self.reconnect()
  File "/usr/local/lib/python3.9/site-packages/paho/mqtt/client.py", line 1598, in reconnect
    self._sock = self._create_socket()
  File "/usr/local/lib/python3.9/site-packages/paho/mqtt/client.py", line 4609, in _create_socket
    sock = self._create_socket_connection()
  File "/usr/local/lib/python3.9/site-packages/paho/mqtt/client.py", line 4640, in _create_socket_connection
    return socket.create_connection(addr, timeout=self._connect_timeout, source_address=source)
  File "/usr/local/lib/python3.9/socket.py", line 856, in create_connection
    raise err
  File "/usr/local/lib/python3.9/socket.py", line 844, in create_connection
    sock.connect(sa)
socket.timeout: timed out
2024-12-06 12:54:47,955 - ValveController - ERROR - MQTT connection failed: timed out
Traceback (most recent call last):
  File "/app/valves_node.py", line 62, in connect_mqtt
    self.client.connect(self.broker_host, self.broker_port)
  File "/usr/local/lib/python3.9/site-packages/paho/mqtt/client.py", line 1435, in connect
    return self.reconnect()
  File "/usr/local/lib/python3.9/site-packages/paho/mqtt/client.py", line 1598, in reconnect
    self._sock = self._create_socket()
  File "/usr/local/lib/python3.9/site-packages/paho/mqtt/client.py", line 4609, in _create_socket
    sock = self._create_socket_connection()
  File "/usr/local/lib/python3.9/site-packages/paho/mqtt/client.py", line 4640, in _create_socket_connection
    return socket.create_connection(addr, timeout=self._connect_timeout, source_address=source)
  File "/usr/local/lib/python3.9/socket.py", line 856, in create_connection
    raise err
  File "/usr/local/lib/python3.9/socket.py", line 844, in create_connection
    sock.connect(sa)
socket.timeout: timed out
2024-12-06 12:54:57,963 - ValveController - ERROR - MQTT connection failed: timed out
Traceback (most recent call last):
  File "/app/valves_node.py", line 62, in connect_mqtt
    self.client.connect(self.broker_host, self.broker_port)
  File "/usr/local/lib/python3.9/site-packages/paho/mqtt/client.py", line 1435, in connect
    return self.reconnect()
  File "/usr/local/lib/python3.9/site-packages/paho/mqtt/client.py", line 1598, in reconnect
    self._sock = self._create_socket()
  File "/usr/local/lib/python3.9/site-packages/paho/mqtt/client.py", line 4609, in _create_socket
    sock = self._create_socket_connection()
  File "/usr/local/lib/python3.9/site-packages/paho/mqtt/client.py", line 4640, in _create_socket_connection
    return socket.create_connection(addr, timeout=self._connect_timeout, source_address=source)
  File "/usr/local/lib/python3.9/socket.py", line 856, in create_connection
    raise err
  File "/usr/local/lib/python3.9/socket.py", line 844, in create_connection
    sock.connect(sa)
socket.timeout: timed out
2024-12-06 12:55:07,971 - ValveController - ERROR - MQTT connection failed: timed out
Traceback (most recent call last):
  File "/app/valves_node.py", line 62, in connect_mqtt
    self.client.connect(self.broker_host, self.broker_port)
  File "/usr/local/lib/python3.9/site-packages/paho/mqtt/client.py", line 1435, in connect
    return self.reconnect()
  File "/usr/local/lib/python3.9/site-packages/paho/mqtt/client.py", line 1598, in reconnect
    self._sock = self._create_socket()
  File "/usr/local/lib/python3.9/site-packages/paho/mqtt/client.py", line 4609, in _create_socket
    sock = self._create_socket_connection()
  File "/usr/local/lib/python3.9/site-packages/paho/mqtt/client.py", line 4640, in _create_socket_connection
    return socket.create_connection(addr, timeout=self._connect_timeout, source_address=source)
  File "/usr/local/lib/python3.9/socket.py", line 856, in create_connection
    raise err
  File "/usr/local/lib/python3.9/socket.py", line 844, in create_connection
    sock.connect(sa)
socket.timeout: timed out
2024-12-06 12:55:17,984 - ValveController - ERROR - MQTT connection failed: timed out
Traceback (most recent call last):
  File "/app/valves_node.py", line 62, in connect_mqtt
    self.client.connect(self.broker_host, self.broker_port)
  File "/usr/local/lib/python3.9/site-packages/paho/mqtt/client.py", line 1435, in connect
    return self.reconnect()
  File "/usr/local/lib/python3.9/site-packages/paho/mqtt/client.py", line 1598, in reconnect
    self._sock = self._create_socket()
  File "/usr/local/lib/python3.9/site-packages/paho/mqtt/client.py", line 4609, in _create_socket
    sock = self._create_socket_connection()
  File "/usr/local/lib/python3.9/site-packages/paho/mqtt/client.py", line 4640, in _create_socket_connection
    return socket.create_connection(addr, timeout=self._connect_timeout, source_address=source)
  File "/usr/local/lib/python3.9/socket.py", line 856, in create_connection
    raise err
  File "/usr/local/lib/python3.9/socket.py", line 844, in create_connection
    sock.connect(sa)
socket.timeout: timed out
2024-12-06 12:55:27,997 - ValveController - ERROR - MQTT connection failed: timed out
Traceback (most recent call last):
  File "/app/valves_node.py", line 62, in connect_mqtt
    self.client.connect(self.broker_host, self.broker_port)
  File "/usr/local/lib/python3.9/site-packages/paho/mqtt/client.py", line 1435, in connect
    return self.reconnect()
  File "/usr/local/lib/python3.9/site-packages/paho/mqtt/client.py", line 1598, in reconnect
    self._sock = self._create_socket()
  File "/usr/local/lib/python3.9/site-packages/paho/mqtt/client.py", line 4609, in _create_socket
    sock = self._create_socket_connection()
  File "/usr/local/lib/python3.9/site-packages/paho/mqtt/client.py", line 4640, in _create_socket_connection
    return socket.create_connection(addr, timeout=self._connect_timeout, source_address=source)
  File "/usr/local/lib/python3.9/socket.py", line 856, in create_connection
    raise err
  File "/usr/local/lib/python3.9/socket.py", line 844, in create_connection
    sock.connect(sa)
socket.timeout: timed out
2024-12-06 12:55:38,010 - ValveController - ERROR - MQTT connection failed: timed out
Traceback (most recent call last):
  File "/app/valves_node.py", line 62, in connect_mqtt
    self.client.connect(self.broker_host, self.broker_port)
  File "/usr/local/lib/python3.9/site-packages/paho/mqtt/client.py", line 1435, in connect
    return self.reconnect()
  File "/usr/local/lib/python3.9/site-packages/paho/mqtt/client.py", line 1598, in reconnect
    self._sock = self._create_socket()
  File "/usr/local/lib/python3.9/site-packages/paho/mqtt/client.py", line 4609, in _create_socket
    sock = self._create_socket_connection()
  File "/usr/local/lib/python3.9/site-packages/paho/mqtt/client.py", line 4640, in _create_socket_connection
    return socket.create_connection(addr, timeout=self._connect_timeout, source_address=source)
  File "/usr/local/lib/python3.9/socket.py", line 856, in create_connection
    raise err
  File "/usr/local/lib/python3.9/socket.py", line 844, in create_connection
    sock.connect(sa)
socket.timeout: timed out
2024-12-06 12:55:48,022 - ValveController - ERROR - MQTT connection failed: timed out
Traceback (most recent call last):
  File "/app/valves_node.py", line 62, in connect_mqtt
    self.client.connect(self.broker_host, self.broker_port)
  File "/usr/local/lib/python3.9/site-packages/paho/mqtt/client.py", line 1435, in connect
    return self.reconnect()
  File "/usr/local/lib/python3.9/site-packages/paho/mqtt/client.py", line 1598, in reconnect
    self._sock = self._create_socket()
  File "/usr/local/lib/python3.9/site-packages/paho/mqtt/client.py", line 4609, in _create_socket
    sock = self._create_socket_connection()
  File "/usr/local/lib/python3.9/site-packages/paho/mqtt/client.py", line 4640, in _create_socket_connection
    return socket.create_connection(addr, timeout=self._connect_timeout, source_address=source)
  File "/usr/local/lib/python3.9/socket.py", line 856, in create_connection
    raise err
  File "/usr/local/lib/python3.9/socket.py", line 844, in create_connection
    sock.connect(sa)
socket.timeout: timed out
2024-12-06 12:55:58,034 - ValveController - ERROR - MQTT connection failed: timed out
Traceback (most recent call last):
  File "/app/valves_node.py", line 62, in connect_mqtt
    self.client.connect(self.broker_host, self.broker_port)
  File "/usr/local/lib/python3.9/site-packages/paho/mqtt/client.py", line 1435, in connect
    return self.reconnect()
  File "/usr/local/lib/python3.9/site-packages/paho/mqtt/client.py", line 1598, in reconnect
    self._sock = self._create_socket()
  File "/usr/local/lib/python3.9/site-packages/paho/mqtt/client.py", line 4609, in _create_socket
    sock = self._create_socket_connection()
  File "/usr/local/lib/python3.9/site-packages/paho/mqtt/client.py", line 4640, in _create_socket_connection
    return socket.create_connection(addr, timeout=self._connect_timeout, source_address=source)
  File "/usr/local/lib/python3.9/socket.py", line 856, in create_connection
    raise err
  File "/usr/local/lib/python3.9/socket.py", line 844, in create_connection
    sock.connect(sa)
socket.timeout: timed out
2024-12-06 12:56:08,045 - ValveController - ERROR - MQTT connection failed: timed out
Traceback (most recent call last):
  File "/app/valves_node.py", line 62, in connect_mqtt
    self.client.connect(self.broker_host, self.broker_port)
  File "/usr/local/lib/python3.9/site-packages/paho/mqtt/client.py", line 1435, in connect
    return self.reconnect()
  File "/usr/local/lib/python3.9/site-packages/paho/mqtt/client.py", line 1598, in reconnect
    self._sock = self._create_socket()
  File "/usr/local/lib/python3.9/site-packages/paho/mqtt/client.py", line 4609, in _create_socket
    sock = self._create_socket_connection()
  File "/usr/local/lib/python3.9/site-packages/paho/mqtt/client.py", line 4640, in _create_socket_connection
    return socket.create_connection(addr, timeout=self._connect_timeout, source_address=source)
  File "/usr/local/lib/python3.9/socket.py", line 856, in create_connection
    raise err
  File "/usr/local/lib/python3.9/socket.py", line 844, in create_connection
    sock.connect(sa)
socket.timeout: timed out
2024-12-06 12:56:18,054 - ValveController - ERROR - MQTT connection failed: timed out
Traceback (most recent call last):
  File "/app/valves_node.py", line 62, in connect_mqtt
    self.client.connect(self.broker_host, self.broker_port)
  File "/usr/local/lib/python3.9/site-packages/paho/mqtt/client.py", line 1435, in connect
    return self.reconnect()
  File "/usr/local/lib/python3.9/site-packages/paho/mqtt/client.py", line 1598, in reconnect
    self._sock = self._create_socket()
  File "/usr/local/lib/python3.9/site-packages/paho/mqtt/client.py", line 4609, in _create_socket
    sock = self._create_socket_connection()
  File "/usr/local/lib/python3.9/site-packages/paho/mqtt/client.py", line 4640, in _create_socket_connection
    return socket.create_connection(addr, timeout=self._connect_timeout, source_address=source)
  File "/usr/local/lib/python3.9/socket.py", line 856, in create_connection
    raise err
  File "/usr/local/lib/python3.9/socket.py", line 844, in create_connection
    sock.connect(sa)
socket.timeout: timed out
2024-12-06 12:56:28,066 - ValveController - ERROR - MQTT connection failed: timed out
Traceback (most recent call last):
  File "/app/valves_node.py", line 62, in connect_mqtt
    self.client.connect(self.broker_host, self.broker_port)
  File "/usr/local/lib/python3.9/site-packages/paho/mqtt/client.py", line 1435, in connect
    return self.reconnect()
  File "/usr/local/lib/python3.9/site-packages/paho/mqtt/client.py", line 1598, in reconnect
    self._sock = self._create_socket()
  File "/usr/local/lib/python3.9/site-packages/paho/mqtt/client.py", line 4609, in _create_socket
    sock = self._create_socket_connection()
  File "/usr/local/lib/python3.9/site-packages/paho/mqtt/client.py", line 4640, in _create_socket_connection
    return socket.create_connection(addr, timeout=self._connect_timeout, source_address=source)
  File "/usr/local/lib/python3.9/socket.py", line 856, in create_connection
    raise err
  File "/usr/local/lib/python3.9/socket.py", line 844, in create_connection
    sock.connect(sa)
socket.timeout: timed out
2024-12-06 12:56:38,075 - ValveController - ERROR - MQTT connection failed: timed out
Traceback (most recent call last):
  File "/app/valves_node.py", line 62, in connect_mqtt
    self.client.connect(self.broker_host, self.broker_port)
  File "/usr/local/lib/python3.9/site-packages/paho/mqtt/client.py", line 1435, in connect
    return self.reconnect()
  File "/usr/local/lib/python3.9/site-packages/paho/mqtt/client.py", line 1598, in reconnect
    self._sock = self._create_socket()
  File "/usr/local/lib/python3.9/site-packages/paho/mqtt/client.py", line 4609, in _create_socket
    sock = self._create_socket_connection()
  File "/usr/local/lib/python3.9/site-packages/paho/mqtt/client.py", line 4640, in _create_socket_connection
    return socket.create_connection(addr, timeout=self._connect_timeout, source_address=source)
  File "/usr/local/lib/python3.9/socket.py", line 856, in create_connection
    raise err
  File "/usr/local/lib/python3.9/socket.py", line 844, in create_connection
    sock.connect(sa)
socket.timeout: timed out
2024-12-06 12:56:48,084 - ValveController - ERROR - MQTT connection failed: timed out
Traceback (most recent call last):
  File "/app/valves_node.py", line 62, in connect_mqtt
    self.client.connect(self.broker_host, self.broker_port)
  File "/usr/local/lib/python3.9/site-packages/paho/mqtt/client.py", line 1435, in connect
    return self.reconnect()
  File "/usr/local/lib/python3.9/site-packages/paho/mqtt/client.py", line 1598, in reconnect
    self._sock = self._create_socket()
  File "/usr/local/lib/python3.9/site-packages/paho/mqtt/client.py", line 4609, in _create_socket
    sock = self._create_socket_connection()
  File "/usr/local/lib/python3.9/site-packages/paho/mqtt/client.py", line 4640, in _create_socket_connection
    return socket.create_connection(addr, timeout=self._connect_timeout, source_address=source)
  File "/usr/local/lib/python3.9/socket.py", line 856, in create_connection
    raise err
  File "/usr/local/lib/python3.9/socket.py", line 844, in create_connection
    sock.connect(sa)
socket.timeout: timed out
2024-12-06 12:56:58,094 - ValveController - ERROR - MQTT connection failed: timed out
Traceback (most recent call last):
  File "/app/valves_node.py", line 62, in connect_mqtt
    self.client.connect(self.broker_host, self.broker_port)
  File "/usr/local/lib/python3.9/site-packages/paho/mqtt/client.py", line 1435, in connect
    return self.reconnect()
  File "/usr/local/lib/python3.9/site-packages/paho/mqtt/client.py", line 1598, in reconnect
    self._sock = self._create_socket()
  File "/usr/local/lib/python3.9/site-packages/paho/mqtt/client.py", line 4609, in _create_socket
    sock = self._create_socket_connection()
  File "/usr/local/lib/python3.9/site-packages/paho/mqtt/client.py", line 4640, in _create_socket_connection
    return socket.create_connection(addr, timeout=self._connect_timeout, source_address=source)
  File "/usr/local/lib/python3.9/socket.py", line 856, in create_connection
    raise err
  File "/usr/local/lib/python3.9/socket.py", line 844, in create_connection
    sock.connect(sa)
socket.timeout: timed out
2024-12-06 12:57:08,101 - ValveController - ERROR - MQTT connection failed: timed out
Traceback (most recent call last):
  File "/app/valves_node.py", line 62, in connect_mqtt
    self.client.connect(self.broker_host, self.broker_port)
  File "/usr/local/lib/python3.9/site-packages/paho/mqtt/client.py", line 1435, in connect
    return self.reconnect()
  File "/usr/local/lib/python3.9/site-packages/paho/mqtt/client.py", line 1598, in reconnect
    self._sock = self._create_socket()
  File "/usr/local/lib/python3.9/site-packages/paho/mqtt/client.py", line 4609, in _create_socket
    sock = self._create_socket_connection()
  File "/usr/local/lib/python3.9/site-packages/paho/mqtt/client.py", line 4640, in _create_socket_connection
    return socket.create_connection(addr, timeout=self._connect_timeout, source_address=source)
  File "/usr/local/lib/python3.9/socket.py", line 856, in create_connection
    raise err
  File "/usr/local/lib/python3.9/socket.py", line 844, in create_connection
    sock.connect(sa)
socket.timeout: timed out
2024-12-06 12:57:18,114 - ValveController - ERROR - MQTT connection failed: timed out
Traceback (most recent call last):
  File "/app/valves_node.py", line 62, in connect_mqtt
    self.client.connect(self.broker_host, self.broker_port)
  File "/usr/local/lib/python3.9/site-packages/paho/mqtt/client.py", line 1435, in connect
    return self.reconnect()
  File "/usr/local/lib/python3.9/site-packages/paho/mqtt/client.py", line 1598, in reconnect
    self._sock = self._create_socket()
  File "/usr/local/lib/python3.9/site-packages/paho/mqtt/client.py", line 4609, in _create_socket
    sock = self._create_socket_connection()
  File "/usr/local/lib/python3.9/site-packages/paho/mqtt/client.py", line 4640, in _create_socket_connection
    return socket.create_connection(addr, timeout=self._connect_timeout, source_address=source)
  File "/usr/local/lib/python3.9/socket.py", line 856, in create_connection
    raise err
  File "/usr/local/lib/python3.9/socket.py", line 844, in create_connection
    sock.connect(sa)
socket.timeout: timed out
2024-12-06 12:57:28,123 - ValveController - ERROR - MQTT connection failed: timed out
Traceback (most recent call last):
  File "/app/valves_node.py", line 62, in connect_mqtt
    self.client.connect(self.broker_host, self.broker_port)
  File "/usr/local/lib/python3.9/site-packages/paho/mqtt/client.py", line 1435, in connect
    return self.reconnect()
  File "/usr/local/lib/python3.9/site-packages/paho/mqtt/client.py", line 1598, in reconnect
    self._sock = self._create_socket()
  File "/usr/local/lib/python3.9/site-packages/paho/mqtt/client.py", line 4609, in _create_socket
    sock = self._create_socket_connection()
  File "/usr/local/lib/python3.9/site-packages/paho/mqtt/client.py", line 4640, in _create_socket_connection
    return socket.create_connection(addr, timeout=self._connect_timeout, source_address=source)
  File "/usr/local/lib/python3.9/socket.py", line 856, in create_connection
    raise err
  File "/usr/local/lib/python3.9/socket.py", line 844, in create_connection
    sock.connect(sa)
socket.timeout: timed out
2024-12-06 12:57:38,134 - ValveController - ERROR - MQTT connection failed: timed out
Traceback (most recent call last):
  File "/app/valves_node.py", line 62, in connect_mqtt
    self.client.connect(self.broker_host, self.broker_port)
  File "/usr/local/lib/python3.9/site-packages/paho/mqtt/client.py", line 1435, in connect
    return self.reconnect()
  File "/usr/local/lib/python3.9/site-packages/paho/mqtt/client.py", line 1598, in reconnect
    self._sock = self._create_socket()
  File "/usr/local/lib/python3.9/site-packages/paho/mqtt/client.py", line 4609, in _create_socket
    sock = self._create_socket_connection()
  File "/usr/local/lib/python3.9/site-packages/paho/mqtt/client.py", line 4640, in _create_socket_connection
    return socket.create_connection(addr, timeout=self._connect_timeout, source_address=source)
  File "/usr/local/lib/python3.9/socket.py", line 856, in create_connection
    raise err
  File "/usr/local/lib/python3.9/socket.py", line 844, in create_connection
    sock.connect(sa)
socket.timeout: timed out
2024-12-06 12:57:48,144 - ValveController - ERROR - MQTT connection failed: timed out
Traceback (most recent call last):
  File "/app/valves_node.py", line 62, in connect_mqtt
    self.client.connect(self.broker_host, self.broker_port)
  File "/usr/local/lib/python3.9/site-packages/paho/mqtt/client.py", line 1435, in connect
    return self.reconnect()
  File "/usr/local/lib/python3.9/site-packages/paho/mqtt/client.py", line 1598, in reconnect
    self._sock = self._create_socket()
  File "/usr/local/lib/python3.9/site-packages/paho/mqtt/client.py", line 4609, in _create_socket
    sock = self._create_socket_connection()
  File "/usr/local/lib/python3.9/site-packages/paho/mqtt/client.py", line 4640, in _create_socket_connection
    return socket.create_connection(addr, timeout=self._connect_timeout, source_address=source)
  File "/usr/local/lib/python3.9/socket.py", line 856, in create_connection
    raise err
  File "/usr/local/lib/python3.9/socket.py", line 844, in create_connection
    sock.connect(sa)
socket.timeout: timed out
2024-12-06 12:57:58,155 - ValveController - ERROR - MQTT connection failed: timed out
Traceback (most recent call last):
  File "/app/valves_node.py", line 62, in connect_mqtt
    self.client.connect(self.broker_host, self.broker_port)
  File "/usr/local/lib/python3.9/site-packages/paho/mqtt/client.py", line 1435, in connect
    return self.reconnect()
  File "/usr/local/lib/python3.9/site-packages/paho/mqtt/client.py", line 1598, in reconnect
    self._sock = self._create_socket()
  File "/usr/local/lib/python3.9/site-packages/paho/mqtt/client.py", line 4609, in _create_socket
    sock = self._create_socket_connection()
  File "/usr/local/lib/python3.9/site-packages/paho/mqtt/client.py", line 4640, in _create_socket_connection
    return socket.create_connection(addr, timeout=self._connect_timeout, source_address=source)
  File "/usr/local/lib/python3.9/socket.py", line 856, in create_connection
    raise err
  File "/usr/local/lib/python3.9/socket.py", line 844, in create_connection
    sock.connect(sa)
socket.timeout: timed out
2024-12-06 12:58:08,168 - ValveController - ERROR - MQTT connection failed: timed out
Traceback (most recent call last):
  File "/app/valves_node.py", line 62, in connect_mqtt
    self.client.connect(self.broker_host, self.broker_port)
  File "/usr/local/lib/python3.9/site-packages/paho/mqtt/client.py", line 1435, in connect
    return self.reconnect()
  File "/usr/local/lib/python3.9/site-packages/paho/mqtt/client.py", line 1598, in reconnect
    self._sock = self._create_socket()
  File "/usr/local/lib/python3.9/site-packages/paho/mqtt/client.py", line 4609, in _create_socket
    sock = self._create_socket_connection()
  File "/usr/local/lib/python3.9/site-packages/paho/mqtt/client.py", line 4640, in _create_socket_connection
    return socket.create_connection(addr, timeout=self._connect_timeout, source_address=source)
  File "/usr/local/lib/python3.9/socket.py", line 856, in create_connection
    raise err
  File "/usr/local/lib/python3.9/socket.py", line 844, in create_connection
    sock.connect(sa)
socket.timeout: timed out
2024-12-06 12:58:18,181 - ValveController - ERROR - MQTT connection failed: timed out
Traceback (most recent call last):
  File "/app/valves_node.py", line 62, in connect_mqtt
    self.client.connect(self.broker_host, self.broker_port)
  File "/usr/local/lib/python3.9/site-packages/paho/mqtt/client.py", line 1435, in connect
    return self.reconnect()
  File "/usr/local/lib/python3.9/site-packages/paho/mqtt/client.py", line 1598, in reconnect
    self._sock = self._create_socket()
  File "/usr/local/lib/python3.9/site-packages/paho/mqtt/client.py", line 4609, in _create_socket
    sock = self._create_socket_connection()
  File "/usr/local/lib/python3.9/site-packages/paho/mqtt/client.py", line 4640, in _create_socket_connection
    return socket.create_connection(addr, timeout=self._connect_timeout, source_address=source)
  File "/usr/local/lib/python3.9/socket.py", line 856, in create_connection
    raise err
  File "/usr/local/lib/python3.9/socket.py", line 844, in create_connection
    sock.connect(sa)
socket.timeout: timed out
2024-12-06 12:58:28,194 - ValveController - ERROR - MQTT connection failed: timed out
Traceback (most recent call last):
  File "/app/valves_node.py", line 62, in connect_mqtt
    self.client.connect(self.broker_host, self.broker_port)
  File "/usr/local/lib/python3.9/site-packages/paho/mqtt/client.py", line 1435, in connect
    return self.reconnect()
  File "/usr/local/lib/python3.9/site-packages/paho/mqtt/client.py", line 1598, in reconnect
    self._sock = self._create_socket()
  File "/usr/local/lib/python3.9/site-packages/paho/mqtt/client.py", line 4609, in _create_socket
    sock = self._create_socket_connection()
  File "/usr/local/lib/python3.9/site-packages/paho/mqtt/client.py", line 4640, in _create_socket_connection
    return socket.create_connection(addr, timeout=self._connect_timeout, source_address=source)
  File "/usr/local/lib/python3.9/socket.py", line 856, in create_connection
    raise err
  File "/usr/local/lib/python3.9/socket.py", line 844, in create_connection
    sock.connect(sa)
socket.timeout: timed out
2024-12-06 12:58:38,207 - ValveController - ERROR - MQTT connection failed: timed out
Traceback (most recent call last):
  File "/app/valves_node.py", line 62, in connect_mqtt
    self.client.connect(self.broker_host, self.broker_port)
  File "/usr/local/lib/python3.9/site-packages/paho/mqtt/client.py", line 1435, in connect
    return self.reconnect()
  File "/usr/local/lib/python3.9/site-packages/paho/mqtt/client.py", line 1598, in reconnect
    self._sock = self._create_socket()
  File "/usr/local/lib/python3.9/site-packages/paho/mqtt/client.py", line 4609, in _create_socket
    sock = self._create_socket_connection()
  File "/usr/local/lib/python3.9/site-packages/paho/mqtt/client.py", line 4640, in _create_socket_connection
    return socket.create_connection(addr, timeout=self._connect_timeout, source_address=source)
  File "/usr/local/lib/python3.9/socket.py", line 856, in create_connection
    raise err
  File "/usr/local/lib/python3.9/socket.py", line 844, in create_connection
    sock.connect(sa)
socket.timeout: timed out
2024-12-06 12:58:48,215 - ValveController - ERROR - MQTT connection failed: timed out
Traceback (most recent call last):
  File "/app/valves_node.py", line 62, in connect_mqtt
    self.client.connect(self.broker_host, self.broker_port)
  File "/usr/local/lib/python3.9/site-packages/paho/mqtt/client.py", line 1435, in connect
    return self.reconnect()
  File "/usr/local/lib/python3.9/site-packages/paho/mqtt/client.py", line 1598, in reconnect
    self._sock = self._create_socket()
  File "/usr/local/lib/python3.9/site-packages/paho/mqtt/client.py", line 4609, in _create_socket
    sock = self._create_socket_connection()
  File "/usr/local/lib/python3.9/site-packages/paho/mqtt/client.py", line 4640, in _create_socket_connection
    return socket.create_connection(addr, timeout=self._connect_timeout, source_address=source)
  File "/usr/local/lib/python3.9/socket.py", line 856, in create_connection
    raise err
  File "/usr/local/lib/python3.9/socket.py", line 844, in create_connection
    sock.connect(sa)
socket.timeout: timed out
2024-12-06 12:58:58,228 - ValveController - ERROR - MQTT connection failed: timed out
Traceback (most recent call last):
  File "/app/valves_node.py", line 62, in connect_mqtt
    self.client.connect(self.broker_host, self.broker_port)
  File "/usr/local/lib/python3.9/site-packages/paho/mqtt/client.py", line 1435, in connect
    return self.reconnect()
  File "/usr/local/lib/python3.9/site-packages/paho/mqtt/client.py", line 1598, in reconnect
    self._sock = self._create_socket()
  File "/usr/local/lib/python3.9/site-packages/paho/mqtt/client.py", line 4609, in _create_socket
    sock = self._create_socket_connection()
  File "/usr/local/lib/python3.9/site-packages/paho/mqtt/client.py", line 4640, in _create_socket_connection
    return socket.create_connection(addr, timeout=self._connect_timeout, source_address=source)
  File "/usr/local/lib/python3.9/socket.py", line 856, in create_connection
    raise err
  File "/usr/local/lib/python3.9/socket.py", line 844, in create_connection
    sock.connect(sa)
socket.timeout: timed out
2024-12-06 12:59:08,241 - ValveController - ERROR - MQTT connection failed: timed out
Traceback (most recent call last):
  File "/app/valves_node.py", line 62, in connect_mqtt
    self.client.connect(self.broker_host, self.broker_port)
  File "/usr/local/lib/python3.9/site-packages/paho/mqtt/client.py", line 1435, in connect
    return self.reconnect()
  File "/usr/local/lib/python3.9/site-packages/paho/mqtt/client.py", line 1598, in reconnect
    self._sock = self._create_socket()
  File "/usr/local/lib/python3.9/site-packages/paho/mqtt/client.py", line 4609, in _create_socket
    sock = self._create_socket_connection()
  File "/usr/local/lib/python3.9/site-packages/paho/mqtt/client.py", line 4640, in _create_socket_connection
    return socket.create_connection(addr, timeout=self._connect_timeout, source_address=source)
  File "/usr/local/lib/python3.9/socket.py", line 856, in create_connection
    raise err
  File "/usr/local/lib/python3.9/socket.py", line 844, in create_connection
    sock.connect(sa)
socket.timeout: timed out
2024-12-06 12:59:18,254 - ValveController - ERROR - MQTT connection failed: timed out
Traceback (most recent call last):
  File "/app/valves_node.py", line 62, in connect_mqtt
    self.client.connect(self.broker_host, self.broker_port)
  File "/usr/local/lib/python3.9/site-packages/paho/mqtt/client.py", line 1435, in connect
    return self.reconnect()
  File "/usr/local/lib/python3.9/site-packages/paho/mqtt/client.py", line 1598, in reconnect
    self._sock = self._create_socket()
  File "/usr/local/lib/python3.9/site-packages/paho/mqtt/client.py", line 4609, in _create_socket
    sock = self._create_socket_connection()
  File "/usr/local/lib/python3.9/site-packages/paho/mqtt/client.py", line 4640, in _create_socket_connection
    return socket.create_connection(addr, timeout=self._connect_timeout, source_address=source)
  File "/usr/local/lib/python3.9/socket.py", line 856, in create_connection
    raise err
  File "/usr/local/lib/python3.9/socket.py", line 844, in create_connection
    sock.connect(sa)
socket.timeout: timed out
2024-12-06 12:59:28,266 - ValveController - ERROR - MQTT connection failed: timed out
Traceback (most recent call last):
  File "/app/valves_node.py", line 62, in connect_mqtt
    self.client.connect(self.broker_host, self.broker_port)
  File "/usr/local/lib/python3.9/site-packages/paho/mqtt/client.py", line 1435, in connect
    return self.reconnect()
  File "/usr/local/lib/python3.9/site-packages/paho/mqtt/client.py", line 1598, in reconnect
    self._sock = self._create_socket()
  File "/usr/local/lib/python3.9/site-packages/paho/mqtt/client.py", line 4609, in _create_socket
    sock = self._create_socket_connection()
  File "/usr/local/lib/python3.9/site-packages/paho/mqtt/client.py", line 4640, in _create_socket_connection
    return socket.create_connection(addr, timeout=self._connect_timeout, source_address=source)
  File "/usr/local/lib/python3.9/socket.py", line 856, in create_connection
    raise err
  File "/usr/local/lib/python3.9/socket.py", line 844, in create_connection
    sock.connect(sa)
socket.timeout: timed out
2024-12-06 12:59:38,278 - ValveController - ERROR - MQTT connection failed: timed out
Traceback (most recent call last):
  File "/app/valves_node.py", line 62, in connect_mqtt
    self.client.connect(self.broker_host, self.broker_port)
  File "/usr/local/lib/python3.9/site-packages/paho/mqtt/client.py", line 1435, in connect
    return self.reconnect()
  File "/usr/local/lib/python3.9/site-packages/paho/mqtt/client.py", line 1598, in reconnect
    self._sock = self._create_socket()
  File "/usr/local/lib/python3.9/site-packages/paho/mqtt/client.py", line 4609, in _create_socket
    sock = self._create_socket_connection()
  File "/usr/local/lib/python3.9/site-packages/paho/mqtt/client.py", line 4640, in _create_socket_connection
    return socket.create_connection(addr, timeout=self._connect_timeout, source_address=source)
  File "/usr/local/lib/python3.9/socket.py", line 856, in create_connection
    raise err
  File "/usr/local/lib/python3.9/socket.py", line 844, in create_connection
    sock.connect(sa)
socket.timeout: timed out
2024-12-06 12:59:48,290 - ValveController - ERROR - MQTT connection failed: timed out
Traceback (most recent call last):
  File "/app/valves_node.py", line 62, in connect_mqtt
    self.client.connect(self.broker_host, self.broker_port)
  File "/usr/local/lib/python3.9/site-packages/paho/mqtt/client.py", line 1435, in connect
    return self.reconnect()
  File "/usr/local/lib/python3.9/site-packages/paho/mqtt/client.py", line 1598, in reconnect
    self._sock = self._create_socket()
  File "/usr/local/lib/python3.9/site-packages/paho/mqtt/client.py", line 4609, in _create_socket
    sock = self._create_socket_connection()
  File "/usr/local/lib/python3.9/site-packages/paho/mqtt/client.py", line 4640, in _create_socket_connection
    return socket.create_connection(addr, timeout=self._connect_timeout, source_address=source)
  File "/usr/local/lib/python3.9/socket.py", line 856, in create_connection
    raise err
  File "/usr/local/lib/python3.9/socket.py", line 844, in create_connection
    sock.connect(sa)
socket.timeout: timed out
2024-12-06 12:59:58,302 - ValveController - ERROR - MQTT connection failed: timed out
Traceback (most recent call last):
  File "/app/valves_node.py", line 62, in connect_mqtt
    self.client.connect(self.broker_host, self.broker_port)
  File "/usr/local/lib/python3.9/site-packages/paho/mqtt/client.py", line 1435, in connect
    return self.reconnect()
  File "/usr/local/lib/python3.9/site-packages/paho/mqtt/client.py", line 1598, in reconnect
    self._sock = self._create_socket()
  File "/usr/local/lib/python3.9/site-packages/paho/mqtt/client.py", line 4609, in _create_socket
    sock = self._create_socket_connection()
  File "/usr/local/lib/python3.9/site-packages/paho/mqtt/client.py", line 4640, in _create_socket_connection
    return socket.create_connection(addr, timeout=self._connect_timeout, source_address=source)
  File "/usr/local/lib/python3.9/socket.py", line 856, in create_connection
    raise err
  File "/usr/local/lib/python3.9/socket.py", line 844, in create_connection
    sock.connect(sa)
socket.timeout: timed out
2024-12-06 13:00:08,310 - ValveController - ERROR - MQTT connection failed: timed out
Traceback (most recent call last):
  File "/app/valves_node.py", line 62, in connect_mqtt
    self.client.connect(self.broker_host, self.broker_port)
  File "/usr/local/lib/python3.9/site-packages/paho/mqtt/client.py", line 1435, in connect
    return self.reconnect()
  File "/usr/local/lib/python3.9/site-packages/paho/mqtt/client.py", line 1598, in reconnect
    self._sock = self._create_socket()
  File "/usr/local/lib/python3.9/site-packages/paho/mqtt/client.py", line 4609, in _create_socket
    sock = self._create_socket_connection()
  File "/usr/local/lib/python3.9/site-packages/paho/mqtt/client.py", line 4640, in _create_socket_connection
    return socket.create_connection(addr, timeout=self._connect_timeout, source_address=source)
  File "/usr/local/lib/python3.9/socket.py", line 856, in create_connection
    raise err
  File "/usr/local/lib/python3.9/socket.py", line 844, in create_connection
    sock.connect(sa)
socket.timeout: timed out
2024-12-06 13:00:18,323 - ValveController - ERROR - MQTT connection failed: timed out
Traceback (most recent call last):
  File "/app/valves_node.py", line 62, in connect_mqtt
    self.client.connect(self.broker_host, self.broker_port)
  File "/usr/local/lib/python3.9/site-packages/paho/mqtt/client.py", line 1435, in connect
    return self.reconnect()
  File "/usr/local/lib/python3.9/site-packages/paho/mqtt/client.py", line 1598, in reconnect
    self._sock = self._create_socket()
  File "/usr/local/lib/python3.9/site-packages/paho/mqtt/client.py", line 4609, in _create_socket
    sock = self._create_socket_connection()
  File "/usr/local/lib/python3.9/site-packages/paho/mqtt/client.py", line 4640, in _create_socket_connection
    return socket.create_connection(addr, timeout=self._connect_timeout, source_address=source)
  File "/usr/local/lib/python3.9/socket.py", line 856, in create_connection
    raise err
  File "/usr/local/lib/python3.9/socket.py", line 844, in create_connection
    sock.connect(sa)
socket.timeout: timed out
2024-12-06 13:00:28,336 - ValveController - ERROR - MQTT connection failed: timed out
Traceback (most recent call last):
  File "/app/valves_node.py", line 62, in connect_mqtt
    self.client.connect(self.broker_host, self.broker_port)
  File "/usr/local/lib/python3.9/site-packages/paho/mqtt/client.py", line 1435, in connect
    return self.reconnect()
  File "/usr/local/lib/python3.9/site-packages/paho/mqtt/client.py", line 1598, in reconnect
    self._sock = self._create_socket()
  File "/usr/local/lib/python3.9/site-packages/paho/mqtt/client.py", line 4609, in _create_socket
    sock = self._create_socket_connection()
  File "/usr/local/lib/python3.9/site-packages/paho/mqtt/client.py", line 4640, in _create_socket_connection
    return socket.create_connection(addr, timeout=self._connect_timeout, source_address=source)
  File "/usr/local/lib/python3.9/socket.py", line 856, in create_connection
    raise err
  File "/usr/local/lib/python3.9/socket.py", line 844, in create_connection
    sock.connect(sa)
socket.timeout: timed out
2024-12-06 13:00:38,348 - ValveController - ERROR - MQTT connection failed: timed out
Traceback (most recent call last):
  File "/app/valves_node.py", line 62, in connect_mqtt
    self.client.connect(self.broker_host, self.broker_port)
  File "/usr/local/lib/python3.9/site-packages/paho/mqtt/client.py", line 1435, in connect
    return self.reconnect()
  File "/usr/local/lib/python3.9/site-packages/paho/mqtt/client.py", line 1598, in reconnect
    self._sock = self._create_socket()
  File "/usr/local/lib/python3.9/site-packages/paho/mqtt/client.py", line 4609, in _create_socket
    sock = self._create_socket_connection()
  File "/usr/local/lib/python3.9/site-packages/paho/mqtt/client.py", line 4640, in _create_socket_connection
    return socket.create_connection(addr, timeout=self._connect_timeout, source_address=source)
  File "/usr/local/lib/python3.9/socket.py", line 856, in create_connection
    raise err
  File "/usr/local/lib/python3.9/socket.py", line 844, in create_connection
    sock.connect(sa)
socket.timeout: timed out
2024-12-06 13:00:48,360 - ValveController - ERROR - MQTT connection failed: timed out
Traceback (most recent call last):
  File "/app/valves_node.py", line 62, in connect_mqtt
    self.client.connect(self.broker_host, self.broker_port)
  File "/usr/local/lib/python3.9/site-packages/paho/mqtt/client.py", line 1435, in connect
    return self.reconnect()
  File "/usr/local/lib/python3.9/site-packages/paho/mqtt/client.py", line 1598, in reconnect
    self._sock = self._create_socket()
  File "/usr/local/lib/python3.9/site-packages/paho/mqtt/client.py", line 4609, in _create_socket
    sock = self._create_socket_connection()
  File "/usr/local/lib/python3.9/site-packages/paho/mqtt/client.py", line 4640, in _create_socket_connection
    return socket.create_connection(addr, timeout=self._connect_timeout, source_address=source)
  File "/usr/local/lib/python3.9/socket.py", line 856, in create_connection
    raise err
  File "/usr/local/lib/python3.9/socket.py", line 844, in create_connection
    sock.connect(sa)
socket.timeout: timed out
2024-12-06 13:00:58,372 - ValveController - ERROR - MQTT connection failed: timed out
Traceback (most recent call last):
  File "/app/valves_node.py", line 62, in connect_mqtt
    self.client.connect(self.broker_host, self.broker_port)
  File "/usr/local/lib/python3.9/site-packages/paho/mqtt/client.py", line 1435, in connect
    return self.reconnect()
  File "/usr/local/lib/python3.9/site-packages/paho/mqtt/client.py", line 1598, in reconnect
    self._sock = self._create_socket()
  File "/usr/local/lib/python3.9/site-packages/paho/mqtt/client.py", line 4609, in _create_socket
    sock = self._create_socket_connection()
  File "/usr/local/lib/python3.9/site-packages/paho/mqtt/client.py", line 4640, in _create_socket_connection
    return socket.create_connection(addr, timeout=self._connect_timeout, source_address=source)
  File "/usr/local/lib/python3.9/socket.py", line 856, in create_connection
    raise err
  File "/usr/local/lib/python3.9/socket.py", line 844, in create_connection
    sock.connect(sa)
socket.timeout: timed out
2024-12-06 13:01:08,385 - ValveController - ERROR - MQTT connection failed: timed out
Traceback (most recent call last):
  File "/app/valves_node.py", line 62, in connect_mqtt
    self.client.connect(self.broker_host, self.broker_port)
  File "/usr/local/lib/python3.9/site-packages/paho/mqtt/client.py", line 1435, in connect
    return self.reconnect()
  File "/usr/local/lib/python3.9/site-packages/paho/mqtt/client.py", line 1598, in reconnect
    self._sock = self._create_socket()
  File "/usr/local/lib/python3.9/site-packages/paho/mqtt/client.py", line 4609, in _create_socket
    sock = self._create_socket_connection()
  File "/usr/local/lib/python3.9/site-packages/paho/mqtt/client.py", line 4640, in _create_socket_connection
    return socket.create_connection(addr, timeout=self._connect_timeout, source_address=source)
  File "/usr/local/lib/python3.9/socket.py", line 856, in create_connection
    raise err
  File "/usr/local/lib/python3.9/socket.py", line 844, in create_connection
    sock.connect(sa)
socket.timeout: timed out
2024-12-06 13:01:18,398 - ValveController - ERROR - MQTT connection failed: timed out
Traceback (most recent call last):
  File "/app/valves_node.py", line 62, in connect_mqtt
    self.client.connect(self.broker_host, self.broker_port)
  File "/usr/local/lib/python3.9/site-packages/paho/mqtt/client.py", line 1435, in connect
    return self.reconnect()
  File "/usr/local/lib/python3.9/site-packages/paho/mqtt/client.py", line 1598, in reconnect
    self._sock = self._create_socket()
  File "/usr/local/lib/python3.9/site-packages/paho/mqtt/client.py", line 4609, in _create_socket
    sock = self._create_socket_connection()
  File "/usr/local/lib/python3.9/site-packages/paho/mqtt/client.py", line 4640, in _create_socket_connection
    return socket.create_connection(addr, timeout=self._connect_timeout, source_address=source)
  File "/usr/local/lib/python3.9/socket.py", line 856, in create_connection
    raise err
  File "/usr/local/lib/python3.9/socket.py", line 844, in create_connection
    sock.connect(sa)
socket.timeout: timed out
2024-12-06 13:01:28,408 - ValveController - ERROR - MQTT connection failed: timed out
Traceback (most recent call last):
  File "/app/valves_node.py", line 62, in connect_mqtt
    self.client.connect(self.broker_host, self.broker_port)
  File "/usr/local/lib/python3.9/site-packages/paho/mqtt/client.py", line 1435, in connect
    return self.reconnect()
  File "/usr/local/lib/python3.9/site-packages/paho/mqtt/client.py", line 1598, in reconnect
    self._sock = self._create_socket()
  File "/usr/local/lib/python3.9/site-packages/paho/mqtt/client.py", line 4609, in _create_socket
    sock = self._create_socket_connection()
  File "/usr/local/lib/python3.9/site-packages/paho/mqtt/client.py", line 4640, in _create_socket_connection
    return socket.create_connection(addr, timeout=self._connect_timeout, source_address=source)
  File "/usr/local/lib/python3.9/socket.py", line 856, in create_connection
    raise err
  File "/usr/local/lib/python3.9/socket.py", line 844, in create_connection
    sock.connect(sa)
socket.timeout: timed out
2024-12-06 13:01:38,421 - ValveController - ERROR - MQTT connection failed: timed out
Traceback (most recent call last):
  File "/app/valves_node.py", line 62, in connect_mqtt
    self.client.connect(self.broker_host, self.broker_port)
  File "/usr/local/lib/python3.9/site-packages/paho/mqtt/client.py", line 1435, in connect
    return self.reconnect()
  File "/usr/local/lib/python3.9/site-packages/paho/mqtt/client.py", line 1598, in reconnect
    self._sock = self._create_socket()
  File "/usr/local/lib/python3.9/site-packages/paho/mqtt/client.py", line 4609, in _create_socket
    sock = self._create_socket_connection()
  File "/usr/local/lib/python3.9/site-packages/paho/mqtt/client.py", line 4640, in _create_socket_connection
    return socket.create_connection(addr, timeout=self._connect_timeout, source_address=source)
  File "/usr/local/lib/python3.9/socket.py", line 856, in create_connection
    raise err
  File "/usr/local/lib/python3.9/socket.py", line 844, in create_connection
    sock.connect(sa)
socket.timeout: timed out
2024-12-06 13:01:48,433 - ValveController - ERROR - MQTT connection failed: timed out
Traceback (most recent call last):
  File "/app/valves_node.py", line 62, in connect_mqtt
    self.client.connect(self.broker_host, self.broker_port)
  File "/usr/local/lib/python3.9/site-packages/paho/mqtt/client.py", line 1435, in connect
    return self.reconnect()
  File "/usr/local/lib/python3.9/site-packages/paho/mqtt/client.py", line 1598, in reconnect
    self._sock = self._create_socket()
  File "/usr/local/lib/python3.9/site-packages/paho/mqtt/client.py", line 4609, in _create_socket
    sock = self._create_socket_connection()
  File "/usr/local/lib/python3.9/site-packages/paho/mqtt/client.py", line 4640, in _create_socket_connection
    return socket.create_connection(addr, timeout=self._connect_timeout, source_address=source)
  File "/usr/local/lib/python3.9/socket.py", line 856, in create_connection
    raise err
  File "/usr/local/lib/python3.9/socket.py", line 844, in create_connection
    sock.connect(sa)
socket.timeout: timed out
2024-12-06 13:01:58,446 - ValveController - ERROR - MQTT connection failed: timed out
Traceback (most recent call last):
  File "/app/valves_node.py", line 62, in connect_mqtt
    self.client.connect(self.broker_host, self.broker_port)
  File "/usr/local/lib/python3.9/site-packages/paho/mqtt/client.py", line 1435, in connect
    return self.reconnect()
  File "/usr/local/lib/python3.9/site-packages/paho/mqtt/client.py", line 1598, in reconnect
    self._sock = self._create_socket()
  File "/usr/local/lib/python3.9/site-packages/paho/mqtt/client.py", line 4609, in _create_socket
    sock = self._create_socket_connection()
  File "/usr/local/lib/python3.9/site-packages/paho/mqtt/client.py", line 4640, in _create_socket_connection
    return socket.create_connection(addr, timeout=self._connect_timeout, source_address=source)
  File "/usr/local/lib/python3.9/socket.py", line 856, in create_connection
    raise err
  File "/usr/local/lib/python3.9/socket.py", line 844, in create_connection
    sock.connect(sa)
socket.timeout: timed out
2024-12-06 13:02:08,457 - ValveController - ERROR - MQTT connection failed: timed out
Traceback (most recent call last):
  File "/app/valves_node.py", line 62, in connect_mqtt
    self.client.connect(self.broker_host, self.broker_port)
  File "/usr/local/lib/python3.9/site-packages/paho/mqtt/client.py", line 1435, in connect
    return self.reconnect()
  File "/usr/local/lib/python3.9/site-packages/paho/mqtt/client.py", line 1598, in reconnect
    self._sock = self._create_socket()
  File "/usr/local/lib/python3.9/site-packages/paho/mqtt/client.py", line 4609, in _create_socket
    sock = self._create_socket_connection()
  File "/usr/local/lib/python3.9/site-packages/paho/mqtt/client.py", line 4640, in _create_socket_connection
    return socket.create_connection(addr, timeout=self._connect_timeout, source_address=source)
  File "/usr/local/lib/python3.9/socket.py", line 856, in create_connection
    raise err
  File "/usr/local/lib/python3.9/socket.py", line 844, in create_connection
    sock.connect(sa)
socket.timeout: timed out
2024-12-06 13:02:18,466 - ValveController - ERROR - MQTT connection failed: timed out
Traceback (most recent call last):
  File "/app/valves_node.py", line 62, in connect_mqtt
    self.client.connect(self.broker_host, self.broker_port)
  File "/usr/local/lib/python3.9/site-packages/paho/mqtt/client.py", line 1435, in connect
    return self.reconnect()
  File "/usr/local/lib/python3.9/site-packages/paho/mqtt/client.py", line 1598, in reconnect
    self._sock = self._create_socket()
  File "/usr/local/lib/python3.9/site-packages/paho/mqtt/client.py", line 4609, in _create_socket
    sock = self._create_socket_connection()
  File "/usr/local/lib/python3.9/site-packages/paho/mqtt/client.py", line 4640, in _create_socket_connection
    return socket.create_connection(addr, timeout=self._connect_timeout, source_address=source)
  File "/usr/local/lib/python3.9/socket.py", line 856, in create_connection
    raise err
  File "/usr/local/lib/python3.9/socket.py", line 844, in create_connection
    sock.connect(sa)
socket.timeout: timed out
2024-12-06 13:02:28,475 - ValveController - ERROR - MQTT connection failed: timed out
Traceback (most recent call last):
  File "/app/valves_node.py", line 62, in connect_mqtt
    self.client.connect(self.broker_host, self.broker_port)
  File "/usr/local/lib/python3.9/site-packages/paho/mqtt/client.py", line 1435, in connect
    return self.reconnect()
  File "/usr/local/lib/python3.9/site-packages/paho/mqtt/client.py", line 1598, in reconnect
    self._sock = self._create_socket()
  File "/usr/local/lib/python3.9/site-packages/paho/mqtt/client.py", line 4609, in _create_socket
    sock = self._create_socket_connection()
  File "/usr/local/lib/python3.9/site-packages/paho/mqtt/client.py", line 4640, in _create_socket_connection
    return socket.create_connection(addr, timeout=self._connect_timeout, source_address=source)
  File "/usr/local/lib/python3.9/socket.py", line 856, in create_connection
    raise err
  File "/usr/local/lib/python3.9/socket.py", line 844, in create_connection
    sock.connect(sa)
socket.timeout: timed out
2024-12-06 13:02:38,487 - ValveController - ERROR - MQTT connection failed: timed out
Traceback (most recent call last):
  File "/app/valves_node.py", line 62, in connect_mqtt
    self.client.connect(self.broker_host, self.broker_port)
  File "/usr/local/lib/python3.9/site-packages/paho/mqtt/client.py", line 1435, in connect
    return self.reconnect()
  File "/usr/local/lib/python3.9/site-packages/paho/mqtt/client.py", line 1598, in reconnect
    self._sock = self._create_socket()
  File "/usr/local/lib/python3.9/site-packages/paho/mqtt/client.py", line 4609, in _create_socket
    sock = self._create_socket_connection()
  File "/usr/local/lib/python3.9/site-packages/paho/mqtt/client.py", line 4640, in _create_socket_connection
    return socket.create_connection(addr, timeout=self._connect_timeout, source_address=source)
  File "/usr/local/lib/python3.9/socket.py", line 856, in create_connection
    raise err
  File "/usr/local/lib/python3.9/socket.py", line 844, in create_connection
    sock.connect(sa)
socket.timeout: timed out
2024-12-06 13:02:48,499 - ValveController - ERROR - MQTT connection failed: timed out
Traceback (most recent call last):
  File "/app/valves_node.py", line 62, in connect_mqtt
    self.client.connect(self.broker_host, self.broker_port)
  File "/usr/local/lib/python3.9/site-packages/paho/mqtt/client.py", line 1435, in connect
    return self.reconnect()
  File "/usr/local/lib/python3.9/site-packages/paho/mqtt/client.py", line 1598, in reconnect
    self._sock = self._create_socket()
  File "/usr/local/lib/python3.9/site-packages/paho/mqtt/client.py", line 4609, in _create_socket
    sock = self._create_socket_connection()
  File "/usr/local/lib/python3.9/site-packages/paho/mqtt/client.py", line 4640, in _create_socket_connection
    return socket.create_connection(addr, timeout=self._connect_timeout, source_address=source)
  File "/usr/local/lib/python3.9/socket.py", line 856, in create_connection
    raise err
  File "/usr/local/lib/python3.9/socket.py", line 844, in create_connection
    sock.connect(sa)
socket.timeout: timed out
2024-12-06 13:02:58,511 - ValveController - ERROR - MQTT connection failed: timed out
Traceback (most recent call last):
  File "/app/valves_node.py", line 62, in connect_mqtt
    self.client.connect(self.broker_host, self.broker_port)
  File "/usr/local/lib/python3.9/site-packages/paho/mqtt/client.py", line 1435, in connect
    return self.reconnect()
  File "/usr/local/lib/python3.9/site-packages/paho/mqtt/client.py", line 1598, in reconnect
    self._sock = self._create_socket()
  File "/usr/local/lib/python3.9/site-packages/paho/mqtt/client.py", line 4609, in _create_socket
    sock = self._create_socket_connection()
  File "/usr/local/lib/python3.9/site-packages/paho/mqtt/client.py", line 4640, in _create_socket_connection
    return socket.create_connection(addr, timeout=self._connect_timeout, source_address=source)
  File "/usr/local/lib/python3.9/socket.py", line 856, in create_connection
    raise err
  File "/usr/local/lib/python3.9/socket.py", line 844, in create_connection
    sock.connect(sa)
socket.timeout: timed out
2024-12-06 13:03:08,524 - ValveController - ERROR - MQTT connection failed: timed out
Traceback (most recent call last):
  File "/app/valves_node.py", line 62, in connect_mqtt
    self.client.connect(self.broker_host, self.broker_port)
  File "/usr/local/lib/python3.9/site-packages/paho/mqtt/client.py", line 1435, in connect
    return self.reconnect()
  File "/usr/local/lib/python3.9/site-packages/paho/mqtt/client.py", line 1598, in reconnect
    self._sock = self._create_socket()
  File "/usr/local/lib/python3.9/site-packages/paho/mqtt/client.py", line 4609, in _create_socket
    sock = self._create_socket_connection()
  File "/usr/local/lib/python3.9/site-packages/paho/mqtt/client.py", line 4640, in _create_socket_connection
    return socket.create_connection(addr, timeout=self._connect_timeout, source_address=source)
  File "/usr/local/lib/python3.9/socket.py", line 856, in create_connection
    raise err
  File "/usr/local/lib/python3.9/socket.py", line 844, in create_connection
    sock.connect(sa)
socket.timeout: timed out
2024-12-06 13:03:18,537 - ValveController - ERROR - MQTT connection failed: timed out
Traceback (most recent call last):
  File "/app/valves_node.py", line 62, in connect_mqtt
    self.client.connect(self.broker_host, self.broker_port)
  File "/usr/local/lib/python3.9/site-packages/paho/mqtt/client.py", line 1435, in connect
    return self.reconnect()
  File "/usr/local/lib/python3.9/site-packages/paho/mqtt/client.py", line 1598, in reconnect
    self._sock = self._create_socket()
  File "/usr/local/lib/python3.9/site-packages/paho/mqtt/client.py", line 4609, in _create_socket
    sock = self._create_socket_connection()
  File "/usr/local/lib/python3.9/site-packages/paho/mqtt/client.py", line 4640, in _create_socket_connection
    return socket.create_connection(addr, timeout=self._connect_timeout, source_address=source)
  File "/usr/local/lib/python3.9/socket.py", line 856, in create_connection
    raise err
  File "/usr/local/lib/python3.9/socket.py", line 844, in create_connection
    sock.connect(sa)
socket.timeout: timed out
2024-12-06 13:03:28,550 - ValveController - ERROR - MQTT connection failed: timed out
Traceback (most recent call last):
  File "/app/valves_node.py", line 62, in connect_mqtt
    self.client.connect(self.broker_host, self.broker_port)
  File "/usr/local/lib/python3.9/site-packages/paho/mqtt/client.py", line 1435, in connect
    return self.reconnect()
  File "/usr/local/lib/python3.9/site-packages/paho/mqtt/client.py", line 1598, in reconnect
    self._sock = self._create_socket()
  File "/usr/local/lib/python3.9/site-packages/paho/mqtt/client.py", line 4609, in _create_socket
    sock = self._create_socket_connection()
  File "/usr/local/lib/python3.9/site-packages/paho/mqtt/client.py", line 4640, in _create_socket_connection
    return socket.create_connection(addr, timeout=self._connect_timeout, source_address=source)
  File "/usr/local/lib/python3.9/socket.py", line 856, in create_connection
    raise err
  File "/usr/local/lib/python3.9/socket.py", line 844, in create_connection
    sock.connect(sa)
socket.timeout: timed out
2024-12-06 13:03:38,562 - ValveController - ERROR - MQTT connection failed: timed out
Traceback (most recent call last):
  File "/app/valves_node.py", line 62, in connect_mqtt
    self.client.connect(self.broker_host, self.broker_port)
  File "/usr/local/lib/python3.9/site-packages/paho/mqtt/client.py", line 1435, in connect
    return self.reconnect()
  File "/usr/local/lib/python3.9/site-packages/paho/mqtt/client.py", line 1598, in reconnect
    self._sock = self._create_socket()
  File "/usr/local/lib/python3.9/site-packages/paho/mqtt/client.py", line 4609, in _create_socket
    sock = self._create_socket_connection()
  File "/usr/local/lib/python3.9/site-packages/paho/mqtt/client.py", line 4640, in _create_socket_connection
    return socket.create_connection(addr, timeout=self._connect_timeout, source_address=source)
  File "/usr/local/lib/python3.9/socket.py", line 856, in create_connection
    raise err
  File "/usr/local/lib/python3.9/socket.py", line 844, in create_connection
    sock.connect(sa)
socket.timeout: timed out
2024-12-06 13:03:48,575 - ValveController - ERROR - MQTT connection failed: timed out
Traceback (most recent call last):
  File "/app/valves_node.py", line 62, in connect_mqtt
    self.client.connect(self.broker_host, self.broker_port)
  File "/usr/local/lib/python3.9/site-packages/paho/mqtt/client.py", line 1435, in connect
    return self.reconnect()
  File "/usr/local/lib/python3.9/site-packages/paho/mqtt/client.py", line 1598, in reconnect
    self._sock = self._create_socket()
  File "/usr/local/lib/python3.9/site-packages/paho/mqtt/client.py", line 4609, in _create_socket
    sock = self._create_socket_connection()
  File "/usr/local/lib/python3.9/site-packages/paho/mqtt/client.py", line 4640, in _create_socket_connection
    return socket.create_connection(addr, timeout=self._connect_timeout, source_address=source)
  File "/usr/local/lib/python3.9/socket.py", line 856, in create_connection
    raise err
  File "/usr/local/lib/python3.9/socket.py", line 844, in create_connection
    sock.connect(sa)
socket.timeout: timed out
2024-12-06 13:03:58,588 - ValveController - ERROR - MQTT connection failed: timed out
Traceback (most recent call last):
  File "/app/valves_node.py", line 62, in connect_mqtt
    self.client.connect(self.broker_host, self.broker_port)
  File "/usr/local/lib/python3.9/site-packages/paho/mqtt/client.py", line 1435, in connect
    return self.reconnect()
  File "/usr/local/lib/python3.9/site-packages/paho/mqtt/client.py", line 1598, in reconnect
    self._sock = self._create_socket()
  File "/usr/local/lib/python3.9/site-packages/paho/mqtt/client.py", line 4609, in _create_socket
    sock = self._create_socket_connection()
  File "/usr/local/lib/python3.9/site-packages/paho/mqtt/client.py", line 4640, in _create_socket_connection
    return socket.create_connection(addr, timeout=self._connect_timeout, source_address=source)
  File "/usr/local/lib/python3.9/socket.py", line 856, in create_connection
    raise err
  File "/usr/local/lib/python3.9/socket.py", line 844, in create_connection
    sock.connect(sa)
socket.timeout: timed out
2024-12-06 13:04:08,601 - ValveController - ERROR - MQTT connection failed: timed out
Traceback (most recent call last):
  File "/app/valves_node.py", line 62, in connect_mqtt
    self.client.connect(self.broker_host, self.broker_port)
  File "/usr/local/lib/python3.9/site-packages/paho/mqtt/client.py", line 1435, in connect
    return self.reconnect()
  File "/usr/local/lib/python3.9/site-packages/paho/mqtt/client.py", line 1598, in reconnect
    self._sock = self._create_socket()
  File "/usr/local/lib/python3.9/site-packages/paho/mqtt/client.py", line 4609, in _create_socket
    sock = self._create_socket_connection()
  File "/usr/local/lib/python3.9/site-packages/paho/mqtt/client.py", line 4640, in _create_socket_connection
    return socket.create_connection(addr, timeout=self._connect_timeout, source_address=source)
  File "/usr/local/lib/python3.9/socket.py", line 856, in create_connection
    raise err
  File "/usr/local/lib/python3.9/socket.py", line 844, in create_connection
    sock.connect(sa)
socket.timeout: timed out
2024-12-06 13:04:18,612 - ValveController - ERROR - MQTT connection failed: timed out
Traceback (most recent call last):
  File "/app/valves_node.py", line 62, in connect_mqtt
    self.client.connect(self.broker_host, self.broker_port)
  File "/usr/local/lib/python3.9/site-packages/paho/mqtt/client.py", line 1435, in connect
    return self.reconnect()
  File "/usr/local/lib/python3.9/site-packages/paho/mqtt/client.py", line 1598, in reconnect
    self._sock = self._create_socket()
  File "/usr/local/lib/python3.9/site-packages/paho/mqtt/client.py", line 4609, in _create_socket
    sock = self._create_socket_connection()
  File "/usr/local/lib/python3.9/site-packages/paho/mqtt/client.py", line 4640, in _create_socket_connection
    return socket.create_connection(addr, timeout=self._connect_timeout, source_address=source)
  File "/usr/local/lib/python3.9/socket.py", line 856, in create_connection
    raise err
  File "/usr/local/lib/python3.9/socket.py", line 844, in create_connection
    sock.connect(sa)
socket.timeout: timed out
2024-12-06 13:04:28,620 - ValveController - ERROR - MQTT connection failed: timed out
Traceback (most recent call last):
  File "/app/valves_node.py", line 62, in connect_mqtt
    self.client.connect(self.broker_host, self.broker_port)
  File "/usr/local/lib/python3.9/site-packages/paho/mqtt/client.py", line 1435, in connect
    return self.reconnect()
  File "/usr/local/lib/python3.9/site-packages/paho/mqtt/client.py", line 1598, in reconnect
    self._sock = self._create_socket()
  File "/usr/local/lib/python3.9/site-packages/paho/mqtt/client.py", line 4609, in _create_socket
    sock = self._create_socket_connection()
  File "/usr/local/lib/python3.9/site-packages/paho/mqtt/client.py", line 4640, in _create_socket_connection
    return socket.create_connection(addr, timeout=self._connect_timeout, source_address=source)
  File "/usr/local/lib/python3.9/socket.py", line 856, in create_connection
    raise err
  File "/usr/local/lib/python3.9/socket.py", line 844, in create_connection
    sock.connect(sa)
socket.timeout: timed out
2024-12-06 13:04:38,633 - ValveController - ERROR - MQTT connection failed: timed out
Traceback (most recent call last):
  File "/app/valves_node.py", line 62, in connect_mqtt
    self.client.connect(self.broker_host, self.broker_port)
  File "/usr/local/lib/python3.9/site-packages/paho/mqtt/client.py", line 1435, in connect
    return self.reconnect()
  File "/usr/local/lib/python3.9/site-packages/paho/mqtt/client.py", line 1598, in reconnect
    self._sock = self._create_socket()
  File "/usr/local/lib/python3.9/site-packages/paho/mqtt/client.py", line 4609, in _create_socket
    sock = self._create_socket_connection()
  File "/usr/local/lib/python3.9/site-packages/paho/mqtt/client.py", line 4640, in _create_socket_connection
    return socket.create_connection(addr, timeout=self._connect_timeout, source_address=source)
  File "/usr/local/lib/python3.9/socket.py", line 856, in create_connection
    raise err
  File "/usr/local/lib/python3.9/socket.py", line 844, in create_connection
    sock.connect(sa)
socket.timeout: timed out
2024-12-06 13:04:48,646 - ValveController - ERROR - MQTT connection failed: timed out
Traceback (most recent call last):
  File "/app/valves_node.py", line 62, in connect_mqtt
    self.client.connect(self.broker_host, self.broker_port)
  File "/usr/local/lib/python3.9/site-packages/paho/mqtt/client.py", line 1435, in connect
    return self.reconnect()
  File "/usr/local/lib/python3.9/site-packages/paho/mqtt/client.py", line 1598, in reconnect
    self._sock = self._create_socket()
  File "/usr/local/lib/python3.9/site-packages/paho/mqtt/client.py", line 4609, in _create_socket
    sock = self._create_socket_connection()
  File "/usr/local/lib/python3.9/site-packages/paho/mqtt/client.py", line 4640, in _create_socket_connection
    return socket.create_connection(addr, timeout=self._connect_timeout, source_address=source)
  File "/usr/local/lib/python3.9/socket.py", line 856, in create_connection
    raise err
  File "/usr/local/lib/python3.9/socket.py", line 844, in create_connection
    sock.connect(sa)
socket.timeout: timed out
2024-12-06 13:04:58,655 - ValveController - ERROR - MQTT connection failed: timed out
Traceback (most recent call last):
  File "/app/valves_node.py", line 62, in connect_mqtt
    self.client.connect(self.broker_host, self.broker_port)
  File "/usr/local/lib/python3.9/site-packages/paho/mqtt/client.py", line 1435, in connect
    return self.reconnect()
  File "/usr/local/lib/python3.9/site-packages/paho/mqtt/client.py", line 1598, in reconnect
    self._sock = self._create_socket()
  File "/usr/local/lib/python3.9/site-packages/paho/mqtt/client.py", line 4609, in _create_socket
    sock = self._create_socket_connection()
  File "/usr/local/lib/python3.9/site-packages/paho/mqtt/client.py", line 4640, in _create_socket_connection
    return socket.create_connection(addr, timeout=self._connect_timeout, source_address=source)
  File "/usr/local/lib/python3.9/socket.py", line 856, in create_connection
    raise err
  File "/usr/local/lib/python3.9/socket.py", line 844, in create_connection
    sock.connect(sa)
socket.timeout: timed out
2024-12-06 13:05:08,668 - ValveController - ERROR - MQTT connection failed: timed out
Traceback (most recent call last):
  File "/app/valves_node.py", line 62, in connect_mqtt
    self.client.connect(self.broker_host, self.broker_port)
  File "/usr/local/lib/python3.9/site-packages/paho/mqtt/client.py", line 1435, in connect
    return self.reconnect()
  File "/usr/local/lib/python3.9/site-packages/paho/mqtt/client.py", line 1598, in reconnect
    self._sock = self._create_socket()
  File "/usr/local/lib/python3.9/site-packages/paho/mqtt/client.py", line 4609, in _create_socket
    sock = self._create_socket_connection()
  File "/usr/local/lib/python3.9/site-packages/paho/mqtt/client.py", line 4640, in _create_socket_connection
    return socket.create_connection(addr, timeout=self._connect_timeout, source_address=source)
  File "/usr/local/lib/python3.9/socket.py", line 856, in create_connection
    raise err
  File "/usr/local/lib/python3.9/socket.py", line 844, in create_connection
    sock.connect(sa)
socket.timeout: timed out
2024-12-06 13:05:18,680 - ValveController - ERROR - MQTT connection failed: timed out
Traceback (most recent call last):
  File "/app/valves_node.py", line 62, in connect_mqtt
    self.client.connect(self.broker_host, self.broker_port)
  File "/usr/local/lib/python3.9/site-packages/paho/mqtt/client.py", line 1435, in connect
    return self.reconnect()
  File "/usr/local/lib/python3.9/site-packages/paho/mqtt/client.py", line 1598, in reconnect
    self._sock = self._create_socket()
  File "/usr/local/lib/python3.9/site-packages/paho/mqtt/client.py", line 4609, in _create_socket
    sock = self._create_socket_connection()
  File "/usr/local/lib/python3.9/site-packages/paho/mqtt/client.py", line 4640, in _create_socket_connection
    return socket.create_connection(addr, timeout=self._connect_timeout, source_address=source)
  File "/usr/local/lib/python3.9/socket.py", line 856, in create_connection
    raise err
  File "/usr/local/lib/python3.9/socket.py", line 844, in create_connection
    sock.connect(sa)
socket.timeout: timed out
2024-12-06 13:05:28,692 - ValveController - ERROR - MQTT connection failed: timed out
Traceback (most recent call last):
  File "/app/valves_node.py", line 62, in connect_mqtt
    self.client.connect(self.broker_host, self.broker_port)
  File "/usr/local/lib/python3.9/site-packages/paho/mqtt/client.py", line 1435, in connect
    return self.reconnect()
  File "/usr/local/lib/python3.9/site-packages/paho/mqtt/client.py", line 1598, in reconnect
    self._sock = self._create_socket()
  File "/usr/local/lib/python3.9/site-packages/paho/mqtt/client.py", line 4609, in _create_socket
    sock = self._create_socket_connection()
  File "/usr/local/lib/python3.9/site-packages/paho/mqtt/client.py", line 4640, in _create_socket_connection
    return socket.create_connection(addr, timeout=self._connect_timeout, source_address=source)
  File "/usr/local/lib/python3.9/socket.py", line 856, in create_connection
    raise err
  File "/usr/local/lib/python3.9/socket.py", line 844, in create_connection
    sock.connect(sa)
socket.timeout: timed out
2024-12-06 13:05:38,703 - ValveController - ERROR - MQTT connection failed: timed out
Traceback (most recent call last):
  File "/app/valves_node.py", line 62, in connect_mqtt
    self.client.connect(self.broker_host, self.broker_port)
  File "/usr/local/lib/python3.9/site-packages/paho/mqtt/client.py", line 1435, in connect
    return self.reconnect()
  File "/usr/local/lib/python3.9/site-packages/paho/mqtt/client.py", line 1598, in reconnect
    self._sock = self._create_socket()
  File "/usr/local/lib/python3.9/site-packages/paho/mqtt/client.py", line 4609, in _create_socket
    sock = self._create_socket_connection()
  File "/usr/local/lib/python3.9/site-packages/paho/mqtt/client.py", line 4640, in _create_socket_connection
    return socket.create_connection(addr, timeout=self._connect_timeout, source_address=source)
  File "/usr/local/lib/python3.9/socket.py", line 856, in create_connection
    raise err
  File "/usr/local/lib/python3.9/socket.py", line 844, in create_connection
    sock.connect(sa)
socket.timeout: timed out
2024-12-06 13:05:48,716 - ValveController - ERROR - MQTT connection failed: timed out
Traceback (most recent call last):
  File "/app/valves_node.py", line 62, in connect_mqtt
    self.client.connect(self.broker_host, self.broker_port)
  File "/usr/local/lib/python3.9/site-packages/paho/mqtt/client.py", line 1435, in connect
    return self.reconnect()
  File "/usr/local/lib/python3.9/site-packages/paho/mqtt/client.py", line 1598, in reconnect
    self._sock = self._create_socket()
  File "/usr/local/lib/python3.9/site-packages/paho/mqtt/client.py", line 4609, in _create_socket
    sock = self._create_socket_connection()
  File "/usr/local/lib/python3.9/site-packages/paho/mqtt/client.py", line 4640, in _create_socket_connection
    return socket.create_connection(addr, timeout=self._connect_timeout, source_address=source)
  File "/usr/local/lib/python3.9/socket.py", line 856, in create_connection
    raise err
  File "/usr/local/lib/python3.9/socket.py", line 844, in create_connection
    sock.connect(sa)
socket.timeout: timed out
2024-12-06 13:05:58,724 - ValveController - ERROR - MQTT connection failed: timed out
Traceback (most recent call last):
  File "/app/valves_node.py", line 62, in connect_mqtt
    self.client.connect(self.broker_host, self.broker_port)
  File "/usr/local/lib/python3.9/site-packages/paho/mqtt/client.py", line 1435, in connect
    return self.reconnect()
  File "/usr/local/lib/python3.9/site-packages/paho/mqtt/client.py", line 1598, in reconnect
    self._sock = self._create_socket()
  File "/usr/local/lib/python3.9/site-packages/paho/mqtt/client.py", line 4609, in _create_socket
    sock = self._create_socket_connection()
  File "/usr/local/lib/python3.9/site-packages/paho/mqtt/client.py", line 4640, in _create_socket_connection
    return socket.create_connection(addr, timeout=self._connect_timeout, source_address=source)
  File "/usr/local/lib/python3.9/socket.py", line 856, in create_connection
    raise err
  File "/usr/local/lib/python3.9/socket.py", line 844, in create_connection
    sock.connect(sa)
socket.timeout: timed out
2024-12-06 13:06:08,737 - ValveController - ERROR - MQTT connection failed: timed out
Traceback (most recent call last):
  File "/app/valves_node.py", line 62, in connect_mqtt
    self.client.connect(self.broker_host, self.broker_port)
  File "/usr/local/lib/python3.9/site-packages/paho/mqtt/client.py", line 1435, in connect
    return self.reconnect()
  File "/usr/local/lib/python3.9/site-packages/paho/mqtt/client.py", line 1598, in reconnect
    self._sock = self._create_socket()
  File "/usr/local/lib/python3.9/site-packages/paho/mqtt/client.py", line 4609, in _create_socket
    sock = self._create_socket_connection()
  File "/usr/local/lib/python3.9/site-packages/paho/mqtt/client.py", line 4640, in _create_socket_connection
    return socket.create_connection(addr, timeout=self._connect_timeout, source_address=source)
  File "/usr/local/lib/python3.9/socket.py", line 856, in create_connection
    raise err
  File "/usr/local/lib/python3.9/socket.py", line 844, in create_connection
    sock.connect(sa)
socket.timeout: timed out
2024-12-06 13:06:18,750 - ValveController - ERROR - MQTT connection failed: timed out
Traceback (most recent call last):
  File "/app/valves_node.py", line 62, in connect_mqtt
    self.client.connect(self.broker_host, self.broker_port)
  File "/usr/local/lib/python3.9/site-packages/paho/mqtt/client.py", line 1435, in connect
    return self.reconnect()
  File "/usr/local/lib/python3.9/site-packages/paho/mqtt/client.py", line 1598, in reconnect
    self._sock = self._create_socket()
  File "/usr/local/lib/python3.9/site-packages/paho/mqtt/client.py", line 4609, in _create_socket
    sock = self._create_socket_connection()
  File "/usr/local/lib/python3.9/site-packages/paho/mqtt/client.py", line 4640, in _create_socket_connection
    return socket.create_connection(addr, timeout=self._connect_timeout, source_address=source)
  File "/usr/local/lib/python3.9/socket.py", line 856, in create_connection
    raise err
  File "/usr/local/lib/python3.9/socket.py", line 844, in create_connection
    sock.connect(sa)
socket.timeout: timed out
2024-12-06 13:06:28,761 - ValveController - ERROR - MQTT connection failed: timed out
Traceback (most recent call last):
  File "/app/valves_node.py", line 62, in connect_mqtt
    self.client.connect(self.broker_host, self.broker_port)
  File "/usr/local/lib/python3.9/site-packages/paho/mqtt/client.py", line 1435, in connect
    return self.reconnect()
  File "/usr/local/lib/python3.9/site-packages/paho/mqtt/client.py", line 1598, in reconnect
    self._sock = self._create_socket()
  File "/usr/local/lib/python3.9/site-packages/paho/mqtt/client.py", line 4609, in _create_socket
    sock = self._create_socket_connection()
  File "/usr/local/lib/python3.9/site-packages/paho/mqtt/client.py", line 4640, in _create_socket_connection
    return socket.create_connection(addr, timeout=self._connect_timeout, source_address=source)
  File "/usr/local/lib/python3.9/socket.py", line 856, in create_connection
    raise err
  File "/usr/local/lib/python3.9/socket.py", line 844, in create_connection
    sock.connect(sa)
socket.timeout: timed out
2024-12-06 13:06:38,770 - ValveController - ERROR - MQTT connection failed: timed out
Traceback (most recent call last):
  File "/app/valves_node.py", line 62, in connect_mqtt
    self.client.connect(self.broker_host, self.broker_port)
  File "/usr/local/lib/python3.9/site-packages/paho/mqtt/client.py", line 1435, in connect
    return self.reconnect()
  File "/usr/local/lib/python3.9/site-packages/paho/mqtt/client.py", line 1598, in reconnect
    self._sock = self._create_socket()
  File "/usr/local/lib/python3.9/site-packages/paho/mqtt/client.py", line 4609, in _create_socket
    sock = self._create_socket_connection()
  File "/usr/local/lib/python3.9/site-packages/paho/mqtt/client.py", line 4640, in _create_socket_connection
    return socket.create_connection(addr, timeout=self._connect_timeout, source_address=source)
  File "/usr/local/lib/python3.9/socket.py", line 856, in create_connection
    raise err
  File "/usr/local/lib/python3.9/socket.py", line 844, in create_connection
    sock.connect(sa)
socket.timeout: timed out
2024-12-06 13:06:48,782 - ValveController - ERROR - MQTT connection failed: timed out
Traceback (most recent call last):
  File "/app/valves_node.py", line 62, in connect_mqtt
    self.client.connect(self.broker_host, self.broker_port)
  File "/usr/local/lib/python3.9/site-packages/paho/mqtt/client.py", line 1435, in connect
    return self.reconnect()
  File "/usr/local/lib/python3.9/site-packages/paho/mqtt/client.py", line 1598, in reconnect
    self._sock = self._create_socket()
  File "/usr/local/lib/python3.9/site-packages/paho/mqtt/client.py", line 4609, in _create_socket
    sock = self._create_socket_connection()
  File "/usr/local/lib/python3.9/site-packages/paho/mqtt/client.py", line 4640, in _create_socket_connection
    return socket.create_connection(addr, timeout=self._connect_timeout, source_address=source)
  File "/usr/local/lib/python3.9/socket.py", line 856, in create_connection
    raise err
  File "/usr/local/lib/python3.9/socket.py", line 844, in create_connection
    sock.connect(sa)
socket.timeout: timed out
2024-12-06 13:06:58,791 - ValveController - ERROR - MQTT connection failed: timed out
Traceback (most recent call last):
  File "/app/valves_node.py", line 62, in connect_mqtt
    self.client.connect(self.broker_host, self.broker_port)
  File "/usr/local/lib/python3.9/site-packages/paho/mqtt/client.py", line 1435, in connect
    return self.reconnect()
  File "/usr/local/lib/python3.9/site-packages/paho/mqtt/client.py", line 1598, in reconnect
    self._sock = self._create_socket()
  File "/usr/local/lib/python3.9/site-packages/paho/mqtt/client.py", line 4609, in _create_socket
    sock = self._create_socket_connection()
  File "/usr/local/lib/python3.9/site-packages/paho/mqtt/client.py", line 4640, in _create_socket_connection
    return socket.create_connection(addr, timeout=self._connect_timeout, source_address=source)
  File "/usr/local/lib/python3.9/socket.py", line 856, in create_connection
    raise err
  File "/usr/local/lib/python3.9/socket.py", line 844, in create_connection
    sock.connect(sa)
socket.timeout: timed out
2024-12-06 13:07:08,804 - ValveController - ERROR - MQTT connection failed: timed out
Traceback (most recent call last):
  File "/app/valves_node.py", line 62, in connect_mqtt
    self.client.connect(self.broker_host, self.broker_port)
  File "/usr/local/lib/python3.9/site-packages/paho/mqtt/client.py", line 1435, in connect
    return self.reconnect()
  File "/usr/local/lib/python3.9/site-packages/paho/mqtt/client.py", line 1598, in reconnect
    self._sock = self._create_socket()
  File "/usr/local/lib/python3.9/site-packages/paho/mqtt/client.py", line 4609, in _create_socket
    sock = self._create_socket_connection()
  File "/usr/local/lib/python3.9/site-packages/paho/mqtt/client.py", line 4640, in _create_socket_connection
    return socket.create_connection(addr, timeout=self._connect_timeout, source_address=source)
  File "/usr/local/lib/python3.9/socket.py", line 856, in create_connection
    raise err
  File "/usr/local/lib/python3.9/socket.py", line 844, in create_connection
    sock.connect(sa)
socket.timeout: timed out
2024-12-06 13:07:18,817 - ValveController - ERROR - MQTT connection failed: timed out
Traceback (most recent call last):
  File "/app/valves_node.py", line 62, in connect_mqtt
    self.client.connect(self.broker_host, self.broker_port)
  File "/usr/local/lib/python3.9/site-packages/paho/mqtt/client.py", line 1435, in connect
    return self.reconnect()
  File "/usr/local/lib/python3.9/site-packages/paho/mqtt/client.py", line 1598, in reconnect
    self._sock = self._create_socket()
  File "/usr/local/lib/python3.9/site-packages/paho/mqtt/client.py", line 4609, in _create_socket
    sock = self._create_socket_connection()
  File "/usr/local/lib/python3.9/site-packages/paho/mqtt/client.py", line 4640, in _create_socket_connection
    return socket.create_connection(addr, timeout=self._connect_timeout, source_address=source)
  File "/usr/local/lib/python3.9/socket.py", line 856, in create_connection
    raise err
  File "/usr/local/lib/python3.9/socket.py", line 844, in create_connection
    sock.connect(sa)
socket.timeout: timed out
2024-12-06 13:07:28,825 - ValveController - ERROR - MQTT connection failed: timed out
Traceback (most recent call last):
  File "/app/valves_node.py", line 62, in connect_mqtt
    self.client.connect(self.broker_host, self.broker_port)
  File "/usr/local/lib/python3.9/site-packages/paho/mqtt/client.py", line 1435, in connect
    return self.reconnect()
  File "/usr/local/lib/python3.9/site-packages/paho/mqtt/client.py", line 1598, in reconnect
    self._sock = self._create_socket()
  File "/usr/local/lib/python3.9/site-packages/paho/mqtt/client.py", line 4609, in _create_socket
    sock = self._create_socket_connection()
  File "/usr/local/lib/python3.9/site-packages/paho/mqtt/client.py", line 4640, in _create_socket_connection
    return socket.create_connection(addr, timeout=self._connect_timeout, source_address=source)
  File "/usr/local/lib/python3.9/socket.py", line 856, in create_connection
    raise err
  File "/usr/local/lib/python3.9/socket.py", line 844, in create_connection
    sock.connect(sa)
socket.timeout: timed out
2024-12-06 13:07:38,838 - ValveController - ERROR - MQTT connection failed: timed out
Traceback (most recent call last):
  File "/app/valves_node.py", line 62, in connect_mqtt
    self.client.connect(self.broker_host, self.broker_port)
  File "/usr/local/lib/python3.9/site-packages/paho/mqtt/client.py", line 1435, in connect
    return self.reconnect()
  File "/usr/local/lib/python3.9/site-packages/paho/mqtt/client.py", line 1598, in reconnect
    self._sock = self._create_socket()
  File "/usr/local/lib/python3.9/site-packages/paho/mqtt/client.py", line 4609, in _create_socket
    sock = self._create_socket_connection()
  File "/usr/local/lib/python3.9/site-packages/paho/mqtt/client.py", line 4640, in _create_socket_connection
    return socket.create_connection(addr, timeout=self._connect_timeout, source_address=source)
  File "/usr/local/lib/python3.9/socket.py", line 856, in create_connection
    raise err
  File "/usr/local/lib/python3.9/socket.py", line 844, in create_connection
    sock.connect(sa)
socket.timeout: timed out
2024-12-06 13:07:48,850 - ValveController - ERROR - MQTT connection failed: timed out
Traceback (most recent call last):
  File "/app/valves_node.py", line 62, in connect_mqtt
    self.client.connect(self.broker_host, self.broker_port)
  File "/usr/local/lib/python3.9/site-packages/paho/mqtt/client.py", line 1435, in connect
    return self.reconnect()
  File "/usr/local/lib/python3.9/site-packages/paho/mqtt/client.py", line 1598, in reconnect
    self._sock = self._create_socket()
  File "/usr/local/lib/python3.9/site-packages/paho/mqtt/client.py", line 4609, in _create_socket
    sock = self._create_socket_connection()
  File "/usr/local/lib/python3.9/site-packages/paho/mqtt/client.py", line 4640, in _create_socket_connection
    return socket.create_connection(addr, timeout=self._connect_timeout, source_address=source)
  File "/usr/local/lib/python3.9/socket.py", line 856, in create_connection
    raise err
  File "/usr/local/lib/python3.9/socket.py", line 844, in create_connection
    sock.connect(sa)
socket.timeout: timed out
2024-12-06 13:07:58,863 - ValveController - ERROR - MQTT connection failed: timed out
Traceback (most recent call last):
  File "/app/valves_node.py", line 62, in connect_mqtt
    self.client.connect(self.broker_host, self.broker_port)
  File "/usr/local/lib/python3.9/site-packages/paho/mqtt/client.py", line 1435, in connect
    return self.reconnect()
  File "/usr/local/lib/python3.9/site-packages/paho/mqtt/client.py", line 1598, in reconnect
    self._sock = self._create_socket()
  File "/usr/local/lib/python3.9/site-packages/paho/mqtt/client.py", line 4609, in _create_socket
    sock = self._create_socket_connection()
  File "/usr/local/lib/python3.9/site-packages/paho/mqtt/client.py", line 4640, in _create_socket_connection
    return socket.create_connection(addr, timeout=self._connect_timeout, source_address=source)
  File "/usr/local/lib/python3.9/socket.py", line 856, in create_connection
    raise err
  File "/usr/local/lib/python3.9/socket.py", line 844, in create_connection
    sock.connect(sa)
socket.timeout: timed out
2024-12-06 13:08:08,876 - ValveController - ERROR - MQTT connection failed: timed out
Traceback (most recent call last):
  File "/app/valves_node.py", line 62, in connect_mqtt
    self.client.connect(self.broker_host, self.broker_port)
  File "/usr/local/lib/python3.9/site-packages/paho/mqtt/client.py", line 1435, in connect
    return self.reconnect()
  File "/usr/local/lib/python3.9/site-packages/paho/mqtt/client.py", line 1598, in reconnect
    self._sock = self._create_socket()
  File "/usr/local/lib/python3.9/site-packages/paho/mqtt/client.py", line 4609, in _create_socket
    sock = self._create_socket_connection()
  File "/usr/local/lib/python3.9/site-packages/paho/mqtt/client.py", line 4640, in _create_socket_connection
    return socket.create_connection(addr, timeout=self._connect_timeout, source_address=source)
  File "/usr/local/lib/python3.9/socket.py", line 856, in create_connection
    raise err
  File "/usr/local/lib/python3.9/socket.py", line 844, in create_connection
    sock.connect(sa)
socket.timeout: timed out
2024-12-06 13:08:18,887 - ValveController - ERROR - MQTT connection failed: timed out
Traceback (most recent call last):
  File "/app/valves_node.py", line 62, in connect_mqtt
    self.client.connect(self.broker_host, self.broker_port)
  File "/usr/local/lib/python3.9/site-packages/paho/mqtt/client.py", line 1435, in connect
    return self.reconnect()
  File "/usr/local/lib/python3.9/site-packages/paho/mqtt/client.py", line 1598, in reconnect
    self._sock = self._create_socket()
  File "/usr/local/lib/python3.9/site-packages/paho/mqtt/client.py", line 4609, in _create_socket
    sock = self._create_socket_connection()
  File "/usr/local/lib/python3.9/site-packages/paho/mqtt/client.py", line 4640, in _create_socket_connection
    return socket.create_connection(addr, timeout=self._connect_timeout, source_address=source)
  File "/usr/local/lib/python3.9/socket.py", line 856, in create_connection
    raise err
  File "/usr/local/lib/python3.9/socket.py", line 844, in create_connection
    sock.connect(sa)
socket.timeout: timed out
2024-12-06 13:08:28,900 - ValveController - ERROR - MQTT connection failed: timed out
Traceback (most recent call last):
  File "/app/valves_node.py", line 62, in connect_mqtt
    self.client.connect(self.broker_host, self.broker_port)
  File "/usr/local/lib/python3.9/site-packages/paho/mqtt/client.py", line 1435, in connect
    return self.reconnect()
  File "/usr/local/lib/python3.9/site-packages/paho/mqtt/client.py", line 1598, in reconnect
    self._sock = self._create_socket()
  File "/usr/local/lib/python3.9/site-packages/paho/mqtt/client.py", line 4609, in _create_socket
    sock = self._create_socket_connection()
  File "/usr/local/lib/python3.9/site-packages/paho/mqtt/client.py", line 4640, in _create_socket_connection
    return socket.create_connection(addr, timeout=self._connect_timeout, source_address=source)
  File "/usr/local/lib/python3.9/socket.py", line 856, in create_connection
    raise err
  File "/usr/local/lib/python3.9/socket.py", line 844, in create_connection
    sock.connect(sa)
socket.timeout: timed out
2024-12-06 13:08:38,912 - ValveController - ERROR - MQTT connection failed: timed out
Traceback (most recent call last):
  File "/app/valves_node.py", line 62, in connect_mqtt
    self.client.connect(self.broker_host, self.broker_port)
  File "/usr/local/lib/python3.9/site-packages/paho/mqtt/client.py", line 1435, in connect
    return self.reconnect()
  File "/usr/local/lib/python3.9/site-packages/paho/mqtt/client.py", line 1598, in reconnect
    self._sock = self._create_socket()
  File "/usr/local/lib/python3.9/site-packages/paho/mqtt/client.py", line 4609, in _create_socket
    sock = self._create_socket_connection()
  File "/usr/local/lib/python3.9/site-packages/paho/mqtt/client.py", line 4640, in _create_socket_connection
    return socket.create_connection(addr, timeout=self._connect_timeout, source_address=source)
  File "/usr/local/lib/python3.9/socket.py", line 856, in create_connection
    raise err
  File "/usr/local/lib/python3.9/socket.py", line 844, in create_connection
    sock.connect(sa)
socket.timeout: timed out
2024-12-06 13:08:48,925 - ValveController - ERROR - MQTT connection failed: timed out
Traceback (most recent call last):
  File "/app/valves_node.py", line 62, in connect_mqtt
    self.client.connect(self.broker_host, self.broker_port)
  File "/usr/local/lib/python3.9/site-packages/paho/mqtt/client.py", line 1435, in connect
    return self.reconnect()
  File "/usr/local/lib/python3.9/site-packages/paho/mqtt/client.py", line 1598, in reconnect
    self._sock = self._create_socket()
  File "/usr/local/lib/python3.9/site-packages/paho/mqtt/client.py", line 4609, in _create_socket
    sock = self._create_socket_connection()
  File "/usr/local/lib/python3.9/site-packages/paho/mqtt/client.py", line 4640, in _create_socket_connection
    return socket.create_connection(addr, timeout=self._connect_timeout, source_address=source)
  File "/usr/local/lib/python3.9/socket.py", line 856, in create_connection
    raise err
  File "/usr/local/lib/python3.9/socket.py", line 844, in create_connection
    sock.connect(sa)
socket.timeout: timed out
2024-12-06 13:08:58,938 - ValveController - ERROR - MQTT connection failed: timed out
Traceback (most recent call last):
  File "/app/valves_node.py", line 62, in connect_mqtt
    self.client.connect(self.broker_host, self.broker_port)
  File "/usr/local/lib/python3.9/site-packages/paho/mqtt/client.py", line 1435, in connect
    return self.reconnect()
  File "/usr/local/lib/python3.9/site-packages/paho/mqtt/client.py", line 1598, in reconnect
    self._sock = self._create_socket()
  File "/usr/local/lib/python3.9/site-packages/paho/mqtt/client.py", line 4609, in _create_socket
    sock = self._create_socket_connection()
  File "/usr/local/lib/python3.9/site-packages/paho/mqtt/client.py", line 4640, in _create_socket_connection
    return socket.create_connection(addr, timeout=self._connect_timeout, source_address=source)
  File "/usr/local/lib/python3.9/socket.py", line 856, in create_connection
    raise err
  File "/usr/local/lib/python3.9/socket.py", line 844, in create_connection
    sock.connect(sa)
socket.timeout: timed out
2024-12-06 13:09:08,950 - ValveController - ERROR - MQTT connection failed: timed out
Traceback (most recent call last):
  File "/app/valves_node.py", line 62, in connect_mqtt
    self.client.connect(self.broker_host, self.broker_port)
  File "/usr/local/lib/python3.9/site-packages/paho/mqtt/client.py", line 1435, in connect
    return self.reconnect()
  File "/usr/local/lib/python3.9/site-packages/paho/mqtt/client.py", line 1598, in reconnect
    self._sock = self._create_socket()
  File "/usr/local/lib/python3.9/site-packages/paho/mqtt/client.py", line 4609, in _create_socket
    sock = self._create_socket_connection()
  File "/usr/local/lib/python3.9/site-packages/paho/mqtt/client.py", line 4640, in _create_socket_connection
    return socket.create_connection(addr, timeout=self._connect_timeout, source_address=source)
  File "/usr/local/lib/python3.9/socket.py", line 856, in create_connection
    raise err
  File "/usr/local/lib/python3.9/socket.py", line 844, in create_connection
    sock.connect(sa)
socket.timeout: timed out
2024-12-06 13:09:18,963 - ValveController - ERROR - MQTT connection failed: timed out
Traceback (most recent call last):
  File "/app/valves_node.py", line 62, in connect_mqtt
    self.client.connect(self.broker_host, self.broker_port)
  File "/usr/local/lib/python3.9/site-packages/paho/mqtt/client.py", line 1435, in connect
    return self.reconnect()
  File "/usr/local/lib/python3.9/site-packages/paho/mqtt/client.py", line 1598, in reconnect
    self._sock = self._create_socket()
  File "/usr/local/lib/python3.9/site-packages/paho/mqtt/client.py", line 4609, in _create_socket
    sock = self._create_socket_connection()
  File "/usr/local/lib/python3.9/site-packages/paho/mqtt/client.py", line 4640, in _create_socket_connection
    return socket.create_connection(addr, timeout=self._connect_timeout, source_address=source)
  File "/usr/local/lib/python3.9/socket.py", line 856, in create_connection
    raise err
  File "/usr/local/lib/python3.9/socket.py", line 844, in create_connection
    sock.connect(sa)
socket.timeout: timed out
2024-12-06 13:09:28,974 - ValveController - ERROR - MQTT connection failed: timed out
Traceback (most recent call last):
  File "/app/valves_node.py", line 62, in connect_mqtt
    self.client.connect(self.broker_host, self.broker_port)
  File "/usr/local/lib/python3.9/site-packages/paho/mqtt/client.py", line 1435, in connect
    return self.reconnect()
  File "/usr/local/lib/python3.9/site-packages/paho/mqtt/client.py", line 1598, in reconnect
    self._sock = self._create_socket()
  File "/usr/local/lib/python3.9/site-packages/paho/mqtt/client.py", line 4609, in _create_socket
    sock = self._create_socket_connection()
  File "/usr/local/lib/python3.9/site-packages/paho/mqtt/client.py", line 4640, in _create_socket_connection
    return socket.create_connection(addr, timeout=self._connect_timeout, source_address=source)
  File "/usr/local/lib/python3.9/socket.py", line 856, in create_connection
    raise err
  File "/usr/local/lib/python3.9/socket.py", line 844, in create_connection
    sock.connect(sa)
socket.timeout: timed out
2024-12-06 13:09:38,986 - ValveController - ERROR - MQTT connection failed: timed out
Traceback (most recent call last):
  File "/app/valves_node.py", line 62, in connect_mqtt
    self.client.connect(self.broker_host, self.broker_port)
  File "/usr/local/lib/python3.9/site-packages/paho/mqtt/client.py", line 1435, in connect
    return self.reconnect()
  File "/usr/local/lib/python3.9/site-packages/paho/mqtt/client.py", line 1598, in reconnect
    self._sock = self._create_socket()
  File "/usr/local/lib/python3.9/site-packages/paho/mqtt/client.py", line 4609, in _create_socket
    sock = self._create_socket_connection()
  File "/usr/local/lib/python3.9/site-packages/paho/mqtt/client.py", line 4640, in _create_socket_connection
    return socket.create_connection(addr, timeout=self._connect_timeout, source_address=source)
  File "/usr/local/lib/python3.9/socket.py", line 856, in create_connection
    raise err
  File "/usr/local/lib/python3.9/socket.py", line 844, in create_connection
    sock.connect(sa)
socket.timeout: timed out
2024-12-06 13:09:49,000 - ValveController - ERROR - MQTT connection failed: timed out
Traceback (most recent call last):
  File "/app/valves_node.py", line 62, in connect_mqtt
    self.client.connect(self.broker_host, self.broker_port)
  File "/usr/local/lib/python3.9/site-packages/paho/mqtt/client.py", line 1435, in connect
    return self.reconnect()
  File "/usr/local/lib/python3.9/site-packages/paho/mqtt/client.py", line 1598, in reconnect
    self._sock = self._create_socket()
  File "/usr/local/lib/python3.9/site-packages/paho/mqtt/client.py", line 4609, in _create_socket
    sock = self._create_socket_connection()
  File "/usr/local/lib/python3.9/site-packages/paho/mqtt/client.py", line 4640, in _create_socket_connection
    return socket.create_connection(addr, timeout=self._connect_timeout, source_address=source)
  File "/usr/local/lib/python3.9/socket.py", line 856, in create_connection
    raise err
  File "/usr/local/lib/python3.9/socket.py", line 844, in create_connection
    sock.connect(sa)
socket.timeout: timed out
2024-12-06 13:09:59,010 - ValveController - ERROR - MQTT connection failed: timed out
Traceback (most recent call last):
  File "/app/valves_node.py", line 62, in connect_mqtt
    self.client.connect(self.broker_host, self.broker_port)
  File "/usr/local/lib/python3.9/site-packages/paho/mqtt/client.py", line 1435, in connect
    return self.reconnect()
  File "/usr/local/lib/python3.9/site-packages/paho/mqtt/client.py", line 1598, in reconnect
    self._sock = self._create_socket()
  File "/usr/local/lib/python3.9/site-packages/paho/mqtt/client.py", line 4609, in _create_socket
    sock = self._create_socket_connection()
  File "/usr/local/lib/python3.9/site-packages/paho/mqtt/client.py", line 4640, in _create_socket_connection
    return socket.create_connection(addr, timeout=self._connect_timeout, source_address=source)
  File "/usr/local/lib/python3.9/socket.py", line 856, in create_connection
    raise err
  File "/usr/local/lib/python3.9/socket.py", line 844, in create_connection
    sock.connect(sa)
socket.timeout: timed out
2024-12-06 13:10:09,024 - ValveController - ERROR - MQTT connection failed: timed out
Traceback (most recent call last):
  File "/app/valves_node.py", line 62, in connect_mqtt
    self.client.connect(self.broker_host, self.broker_port)
  File "/usr/local/lib/python3.9/site-packages/paho/mqtt/client.py", line 1435, in connect
    return self.reconnect()
  File "/usr/local/lib/python3.9/site-packages/paho/mqtt/client.py", line 1598, in reconnect
    self._sock = self._create_socket()
  File "/usr/local/lib/python3.9/site-packages/paho/mqtt/client.py", line 4609, in _create_socket
    sock = self._create_socket_connection()
  File "/usr/local/lib/python3.9/site-packages/paho/mqtt/client.py", line 4640, in _create_socket_connection
    return socket.create_connection(addr, timeout=self._connect_timeout, source_address=source)
  File "/usr/local/lib/python3.9/socket.py", line 856, in create_connection
    raise err
  File "/usr/local/lib/python3.9/socket.py", line 844, in create_connection
    sock.connect(sa)
socket.timeout: timed out
2024-12-06 13:10:19,034 - ValveController - ERROR - MQTT connection failed: timed out
Traceback (most recent call last):
  File "/app/valves_node.py", line 62, in connect_mqtt
    self.client.connect(self.broker_host, self.broker_port)
  File "/usr/local/lib/python3.9/site-packages/paho/mqtt/client.py", line 1435, in connect
    return self.reconnect()
  File "/usr/local/lib/python3.9/site-packages/paho/mqtt/client.py", line 1598, in reconnect
    self._sock = self._create_socket()
  File "/usr/local/lib/python3.9/site-packages/paho/mqtt/client.py", line 4609, in _create_socket
    sock = self._create_socket_connection()
  File "/usr/local/lib/python3.9/site-packages/paho/mqtt/client.py", line 4640, in _create_socket_connection
    return socket.create_connection(addr, timeout=self._connect_timeout, source_address=source)
  File "/usr/local/lib/python3.9/socket.py", line 856, in create_connection
    raise err
  File "/usr/local/lib/python3.9/socket.py", line 844, in create_connection
    sock.connect(sa)
socket.timeout: timed out
2024-12-06 13:10:29,047 - ValveController - ERROR - MQTT connection failed: timed out
Traceback (most recent call last):
  File "/app/valves_node.py", line 62, in connect_mqtt
    self.client.connect(self.broker_host, self.broker_port)
  File "/usr/local/lib/python3.9/site-packages/paho/mqtt/client.py", line 1435, in connect
    return self.reconnect()
  File "/usr/local/lib/python3.9/site-packages/paho/mqtt/client.py", line 1598, in reconnect
    self._sock = self._create_socket()
  File "/usr/local/lib/python3.9/site-packages/paho/mqtt/client.py", line 4609, in _create_socket
    sock = self._create_socket_connection()
  File "/usr/local/lib/python3.9/site-packages/paho/mqtt/client.py", line 4640, in _create_socket_connection
    return socket.create_connection(addr, timeout=self._connect_timeout, source_address=source)
  File "/usr/local/lib/python3.9/socket.py", line 856, in create_connection
    raise err
  File "/usr/local/lib/python3.9/socket.py", line 844, in create_connection
    sock.connect(sa)
socket.timeout: timed out
2024-12-06 13:10:39,055 - ValveController - ERROR - MQTT connection failed: timed out
Traceback (most recent call last):
  File "/app/valves_node.py", line 62, in connect_mqtt
    self.client.connect(self.broker_host, self.broker_port)
  File "/usr/local/lib/python3.9/site-packages/paho/mqtt/client.py", line 1435, in connect
    return self.reconnect()
  File "/usr/local/lib/python3.9/site-packages/paho/mqtt/client.py", line 1598, in reconnect
    self._sock = self._create_socket()
  File "/usr/local/lib/python3.9/site-packages/paho/mqtt/client.py", line 4609, in _create_socket
    sock = self._create_socket_connection()
  File "/usr/local/lib/python3.9/site-packages/paho/mqtt/client.py", line 4640, in _create_socket_connection
    return socket.create_connection(addr, timeout=self._connect_timeout, source_address=source)
  File "/usr/local/lib/python3.9/socket.py", line 856, in create_connection
    raise err
  File "/usr/local/lib/python3.9/socket.py", line 844, in create_connection
    sock.connect(sa)
socket.timeout: timed out
2024-12-06 13:10:49,066 - ValveController - ERROR - MQTT connection failed: timed out
Traceback (most recent call last):
  File "/app/valves_node.py", line 62, in connect_mqtt
    self.client.connect(self.broker_host, self.broker_port)
  File "/usr/local/lib/python3.9/site-packages/paho/mqtt/client.py", line 1435, in connect
    return self.reconnect()
  File "/usr/local/lib/python3.9/site-packages/paho/mqtt/client.py", line 1598, in reconnect
    self._sock = self._create_socket()
  File "/usr/local/lib/python3.9/site-packages/paho/mqtt/client.py", line 4609, in _create_socket
    sock = self._create_socket_connection()
  File "/usr/local/lib/python3.9/site-packages/paho/mqtt/client.py", line 4640, in _create_socket_connection
    return socket.create_connection(addr, timeout=self._connect_timeout, source_address=source)
  File "/usr/local/lib/python3.9/socket.py", line 856, in create_connection
    raise err
  File "/usr/local/lib/python3.9/socket.py", line 844, in create_connection
    sock.connect(sa)
socket.timeout: timed out
2024-12-06 13:10:59,080 - ValveController - ERROR - MQTT connection failed: timed out
Traceback (most recent call last):
  File "/app/valves_node.py", line 62, in connect_mqtt
    self.client.connect(self.broker_host, self.broker_port)
  File "/usr/local/lib/python3.9/site-packages/paho/mqtt/client.py", line 1435, in connect
    return self.reconnect()
  File "/usr/local/lib/python3.9/site-packages/paho/mqtt/client.py", line 1598, in reconnect
    self._sock = self._create_socket()
  File "/usr/local/lib/python3.9/site-packages/paho/mqtt/client.py", line 4609, in _create_socket
    sock = self._create_socket_connection()
  File "/usr/local/lib/python3.9/site-packages/paho/mqtt/client.py", line 4640, in _create_socket_connection
    return socket.create_connection(addr, timeout=self._connect_timeout, source_address=source)
  File "/usr/local/lib/python3.9/socket.py", line 856, in create_connection
    raise err
  File "/usr/local/lib/python3.9/socket.py", line 844, in create_connection
    sock.connect(sa)
socket.timeout: timed out
2024-12-06 13:11:09,092 - ValveController - ERROR - MQTT connection failed: timed out
Traceback (most recent call last):
  File "/app/valves_node.py", line 62, in connect_mqtt
    self.client.connect(self.broker_host, self.broker_port)
  File "/usr/local/lib/python3.9/site-packages/paho/mqtt/client.py", line 1435, in connect
    return self.reconnect()
  File "/usr/local/lib/python3.9/site-packages/paho/mqtt/client.py", line 1598, in reconnect
    self._sock = self._create_socket()
  File "/usr/local/lib/python3.9/site-packages/paho/mqtt/client.py", line 4609, in _create_socket
    sock = self._create_socket_connection()
  File "/usr/local/lib/python3.9/site-packages/paho/mqtt/client.py", line 4640, in _create_socket_connection
    return socket.create_connection(addr, timeout=self._connect_timeout, source_address=source)
  File "/usr/local/lib/python3.9/socket.py", line 856, in create_connection
    raise err
  File "/usr/local/lib/python3.9/socket.py", line 844, in create_connection
    sock.connect(sa)
socket.timeout: timed out
2024-12-06 13:11:19,102 - ValveController - ERROR - MQTT connection failed: timed out
Traceback (most recent call last):
  File "/app/valves_node.py", line 62, in connect_mqtt
    self.client.connect(self.broker_host, self.broker_port)
  File "/usr/local/lib/python3.9/site-packages/paho/mqtt/client.py", line 1435, in connect
    return self.reconnect()
  File "/usr/local/lib/python3.9/site-packages/paho/mqtt/client.py", line 1598, in reconnect
    self._sock = self._create_socket()
  File "/usr/local/lib/python3.9/site-packages/paho/mqtt/client.py", line 4609, in _create_socket
    sock = self._create_socket_connection()
  File "/usr/local/lib/python3.9/site-packages/paho/mqtt/client.py", line 4640, in _create_socket_connection
    return socket.create_connection(addr, timeout=self._connect_timeout, source_address=source)
  File "/usr/local/lib/python3.9/socket.py", line 856, in create_connection
    raise err
  File "/usr/local/lib/python3.9/socket.py", line 844, in create_connection
    sock.connect(sa)
socket.timeout: timed out
2024-12-06 13:11:29,111 - ValveController - ERROR - MQTT connection failed: timed out
Traceback (most recent call last):
  File "/app/valves_node.py", line 62, in connect_mqtt
    self.client.connect(self.broker_host, self.broker_port)
  File "/usr/local/lib/python3.9/site-packages/paho/mqtt/client.py", line 1435, in connect
    return self.reconnect()
  File "/usr/local/lib/python3.9/site-packages/paho/mqtt/client.py", line 1598, in reconnect
    self._sock = self._create_socket()
  File "/usr/local/lib/python3.9/site-packages/paho/mqtt/client.py", line 4609, in _create_socket
    sock = self._create_socket_connection()
  File "/usr/local/lib/python3.9/site-packages/paho/mqtt/client.py", line 4640, in _create_socket_connection
    return socket.create_connection(addr, timeout=self._connect_timeout, source_address=source)
  File "/usr/local/lib/python3.9/socket.py", line 856, in create_connection
    raise err
  File "/usr/local/lib/python3.9/socket.py", line 844, in create_connection
    sock.connect(sa)
socket.timeout: timed out
2024-12-06 13:11:39,122 - ValveController - ERROR - MQTT connection failed: timed out
Traceback (most recent call last):
  File "/app/valves_node.py", line 62, in connect_mqtt
    self.client.connect(self.broker_host, self.broker_port)
  File "/usr/local/lib/python3.9/site-packages/paho/mqtt/client.py", line 1435, in connect
    return self.reconnect()
  File "/usr/local/lib/python3.9/site-packages/paho/mqtt/client.py", line 1598, in reconnect
    self._sock = self._create_socket()
  File "/usr/local/lib/python3.9/site-packages/paho/mqtt/client.py", line 4609, in _create_socket
    sock = self._create_socket_connection()
  File "/usr/local/lib/python3.9/site-packages/paho/mqtt/client.py", line 4640, in _create_socket_connection
    return socket.create_connection(addr, timeout=self._connect_timeout, source_address=source)
  File "/usr/local/lib/python3.9/socket.py", line 856, in create_connection
    raise err
  File "/usr/local/lib/python3.9/socket.py", line 844, in create_connection
    sock.connect(sa)
socket.timeout: timed out
2024-12-06 13:11:49,131 - ValveController - ERROR - MQTT connection failed: timed out
Traceback (most recent call last):
  File "/app/valves_node.py", line 62, in connect_mqtt
    self.client.connect(self.broker_host, self.broker_port)
  File "/usr/local/lib/python3.9/site-packages/paho/mqtt/client.py", line 1435, in connect
    return self.reconnect()
  File "/usr/local/lib/python3.9/site-packages/paho/mqtt/client.py", line 1598, in reconnect
    self._sock = self._create_socket()
  File "/usr/local/lib/python3.9/site-packages/paho/mqtt/client.py", line 4609, in _create_socket
    sock = self._create_socket_connection()
  File "/usr/local/lib/python3.9/site-packages/paho/mqtt/client.py", line 4640, in _create_socket_connection
    return socket.create_connection(addr, timeout=self._connect_timeout, source_address=source)
  File "/usr/local/lib/python3.9/socket.py", line 856, in create_connection
    raise err
  File "/usr/local/lib/python3.9/socket.py", line 844, in create_connection
    sock.connect(sa)
socket.timeout: timed out
2024-12-06 13:11:59,145 - ValveController - ERROR - MQTT connection failed: timed out
Traceback (most recent call last):
  File "/app/valves_node.py", line 62, in connect_mqtt
    self.client.connect(self.broker_host, self.broker_port)
  File "/usr/local/lib/python3.9/site-packages/paho/mqtt/client.py", line 1435, in connect
    return self.reconnect()
  File "/usr/local/lib/python3.9/site-packages/paho/mqtt/client.py", line 1598, in reconnect
    self._sock = self._create_socket()
  File "/usr/local/lib/python3.9/site-packages/paho/mqtt/client.py", line 4609, in _create_socket
    sock = self._create_socket_connection()
  File "/usr/local/lib/python3.9/site-packages/paho/mqtt/client.py", line 4640, in _create_socket_connection
    return socket.create_connection(addr, timeout=self._connect_timeout, source_address=source)
  File "/usr/local/lib/python3.9/socket.py", line 856, in create_connection
    raise err
  File "/usr/local/lib/python3.9/socket.py", line 844, in create_connection
    sock.connect(sa)
socket.timeout: timed out
2024-12-06 13:12:09,156 - ValveController - ERROR - MQTT connection failed: timed out
Traceback (most recent call last):
  File "/app/valves_node.py", line 62, in connect_mqtt
    self.client.connect(self.broker_host, self.broker_port)
  File "/usr/local/lib/python3.9/site-packages/paho/mqtt/client.py", line 1435, in connect
    return self.reconnect()
  File "/usr/local/lib/python3.9/site-packages/paho/mqtt/client.py", line 1598, in reconnect
    self._sock = self._create_socket()
  File "/usr/local/lib/python3.9/site-packages/paho/mqtt/client.py", line 4609, in _create_socket
    sock = self._create_socket_connection()
  File "/usr/local/lib/python3.9/site-packages/paho/mqtt/client.py", line 4640, in _create_socket_connection
    return socket.create_connection(addr, timeout=self._connect_timeout, source_address=source)
  File "/usr/local/lib/python3.9/socket.py", line 856, in create_connection
    raise err
  File "/usr/local/lib/python3.9/socket.py", line 844, in create_connection
    sock.connect(sa)
socket.timeout: timed out
2024-12-06 13:12:19,166 - ValveController - ERROR - MQTT connection failed: timed out
Traceback (most recent call last):
  File "/app/valves_node.py", line 62, in connect_mqtt
    self.client.connect(self.broker_host, self.broker_port)
  File "/usr/local/lib/python3.9/site-packages/paho/mqtt/client.py", line 1435, in connect
    return self.reconnect()
  File "/usr/local/lib/python3.9/site-packages/paho/mqtt/client.py", line 1598, in reconnect
    self._sock = self._create_socket()
  File "/usr/local/lib/python3.9/site-packages/paho/mqtt/client.py", line 4609, in _create_socket
    sock = self._create_socket_connection()
  File "/usr/local/lib/python3.9/site-packages/paho/mqtt/client.py", line 4640, in _create_socket_connection
    return socket.create_connection(addr, timeout=self._connect_timeout, source_address=source)
  File "/usr/local/lib/python3.9/socket.py", line 856, in create_connection
    raise err
  File "/usr/local/lib/python3.9/socket.py", line 844, in create_connection
    sock.connect(sa)
socket.timeout: timed out
2024-12-06 13:12:29,178 - ValveController - ERROR - MQTT connection failed: timed out
Traceback (most recent call last):
  File "/app/valves_node.py", line 62, in connect_mqtt
    self.client.connect(self.broker_host, self.broker_port)
  File "/usr/local/lib/python3.9/site-packages/paho/mqtt/client.py", line 1435, in connect
    return self.reconnect()
  File "/usr/local/lib/python3.9/site-packages/paho/mqtt/client.py", line 1598, in reconnect
    self._sock = self._create_socket()
  File "/usr/local/lib/python3.9/site-packages/paho/mqtt/client.py", line 4609, in _create_socket
    sock = self._create_socket_connection()
  File "/usr/local/lib/python3.9/site-packages/paho/mqtt/client.py", line 4640, in _create_socket_connection
    return socket.create_connection(addr, timeout=self._connect_timeout, source_address=source)
  File "/usr/local/lib/python3.9/socket.py", line 856, in create_connection
    raise err
  File "/usr/local/lib/python3.9/socket.py", line 844, in create_connection
    sock.connect(sa)
socket.timeout: timed out
2024-12-06 13:12:39,190 - ValveController - ERROR - MQTT connection failed: timed out
Traceback (most recent call last):
  File "/app/valves_node.py", line 62, in connect_mqtt
    self.client.connect(self.broker_host, self.broker_port)
  File "/usr/local/lib/python3.9/site-packages/paho/mqtt/client.py", line 1435, in connect
    return self.reconnect()
  File "/usr/local/lib/python3.9/site-packages/paho/mqtt/client.py", line 1598, in reconnect
    self._sock = self._create_socket()
  File "/usr/local/lib/python3.9/site-packages/paho/mqtt/client.py", line 4609, in _create_socket
    sock = self._create_socket_connection()
  File "/usr/local/lib/python3.9/site-packages/paho/mqtt/client.py", line 4640, in _create_socket_connection
    return socket.create_connection(addr, timeout=self._connect_timeout, source_address=source)
  File "/usr/local/lib/python3.9/socket.py", line 856, in create_connection
    raise err
  File "/usr/local/lib/python3.9/socket.py", line 844, in create_connection
    sock.connect(sa)
socket.timeout: timed out
2024-12-06 13:12:49,202 - ValveController - ERROR - MQTT connection failed: timed out
Traceback (most recent call last):
  File "/app/valves_node.py", line 62, in connect_mqtt
    self.client.connect(self.broker_host, self.broker_port)
  File "/usr/local/lib/python3.9/site-packages/paho/mqtt/client.py", line 1435, in connect
    return self.reconnect()
  File "/usr/local/lib/python3.9/site-packages/paho/mqtt/client.py", line 1598, in reconnect
    self._sock = self._create_socket()
  File "/usr/local/lib/python3.9/site-packages/paho/mqtt/client.py", line 4609, in _create_socket
    sock = self._create_socket_connection()
  File "/usr/local/lib/python3.9/site-packages/paho/mqtt/client.py", line 4640, in _create_socket_connection
    return socket.create_connection(addr, timeout=self._connect_timeout, source_address=source)
  File "/usr/local/lib/python3.9/socket.py", line 856, in create_connection
    raise err
  File "/usr/local/lib/python3.9/socket.py", line 844, in create_connection
    sock.connect(sa)
socket.timeout: timed out
2024-12-06 13:12:59,215 - ValveController - ERROR - MQTT connection failed: timed out
Traceback (most recent call last):
  File "/app/valves_node.py", line 62, in connect_mqtt
    self.client.connect(self.broker_host, self.broker_port)
  File "/usr/local/lib/python3.9/site-packages/paho/mqtt/client.py", line 1435, in connect
    return self.reconnect()
  File "/usr/local/lib/python3.9/site-packages/paho/mqtt/client.py", line 1598, in reconnect
    self._sock = self._create_socket()
  File "/usr/local/lib/python3.9/site-packages/paho/mqtt/client.py", line 4609, in _create_socket
    sock = self._create_socket_connection()
  File "/usr/local/lib/python3.9/site-packages/paho/mqtt/client.py", line 4640, in _create_socket_connection
    return socket.create_connection(addr, timeout=self._connect_timeout, source_address=source)
  File "/usr/local/lib/python3.9/socket.py", line 856, in create_connection
    raise err
  File "/usr/local/lib/python3.9/socket.py", line 844, in create_connection
    sock.connect(sa)
socket.timeout: timed out
2024-12-06 13:13:09,228 - ValveController - ERROR - MQTT connection failed: timed out
Traceback (most recent call last):
  File "/app/valves_node.py", line 62, in connect_mqtt
    self.client.connect(self.broker_host, self.broker_port)
  File "/usr/local/lib/python3.9/site-packages/paho/mqtt/client.py", line 1435, in connect
    return self.reconnect()
  File "/usr/local/lib/python3.9/site-packages/paho/mqtt/client.py", line 1598, in reconnect
    self._sock = self._create_socket()
  File "/usr/local/lib/python3.9/site-packages/paho/mqtt/client.py", line 4609, in _create_socket
    sock = self._create_socket_connection()
  File "/usr/local/lib/python3.9/site-packages/paho/mqtt/client.py", line 4640, in _create_socket_connection
    return socket.create_connection(addr, timeout=self._connect_timeout, source_address=source)
  File "/usr/local/lib/python3.9/socket.py", line 856, in create_connection
    raise err
  File "/usr/local/lib/python3.9/socket.py", line 844, in create_connection
    sock.connect(sa)
socket.timeout: timed out
2024-12-06 13:13:19,241 - ValveController - ERROR - MQTT connection failed: timed out
Traceback (most recent call last):
  File "/app/valves_node.py", line 62, in connect_mqtt
    self.client.connect(self.broker_host, self.broker_port)
  File "/usr/local/lib/python3.9/site-packages/paho/mqtt/client.py", line 1435, in connect
    return self.reconnect()
  File "/usr/local/lib/python3.9/site-packages/paho/mqtt/client.py", line 1598, in reconnect
    self._sock = self._create_socket()
  File "/usr/local/lib/python3.9/site-packages/paho/mqtt/client.py", line 4609, in _create_socket
    sock = self._create_socket_connection()
  File "/usr/local/lib/python3.9/site-packages/paho/mqtt/client.py", line 4640, in _create_socket_connection
    return socket.create_connection(addr, timeout=self._connect_timeout, source_address=source)
  File "/usr/local/lib/python3.9/socket.py", line 856, in create_connection
    raise err
  File "/usr/local/lib/python3.9/socket.py", line 844, in create_connection
    sock.connect(sa)
socket.timeout: timed out
2024-12-06 13:13:29,252 - ValveController - ERROR - MQTT connection failed: timed out
Traceback (most recent call last):
  File "/app/valves_node.py", line 62, in connect_mqtt
    self.client.connect(self.broker_host, self.broker_port)
  File "/usr/local/lib/python3.9/site-packages/paho/mqtt/client.py", line 1435, in connect
    return self.reconnect()
  File "/usr/local/lib/python3.9/site-packages/paho/mqtt/client.py", line 1598, in reconnect
    self._sock = self._create_socket()
  File "/usr/local/lib/python3.9/site-packages/paho/mqtt/client.py", line 4609, in _create_socket
    sock = self._create_socket_connection()
  File "/usr/local/lib/python3.9/site-packages/paho/mqtt/client.py", line 4640, in _create_socket_connection
    return socket.create_connection(addr, timeout=self._connect_timeout, source_address=source)
  File "/usr/local/lib/python3.9/socket.py", line 856, in create_connection
    raise err
  File "/usr/local/lib/python3.9/socket.py", line 844, in create_connection
    sock.connect(sa)
socket.timeout: timed out
2024-12-06 13:13:39,265 - ValveController - ERROR - MQTT connection failed: timed out
Traceback (most recent call last):
  File "/app/valves_node.py", line 62, in connect_mqtt
    self.client.connect(self.broker_host, self.broker_port)
  File "/usr/local/lib/python3.9/site-packages/paho/mqtt/client.py", line 1435, in connect
    return self.reconnect()
  File "/usr/local/lib/python3.9/site-packages/paho/mqtt/client.py", line 1598, in reconnect
    self._sock = self._create_socket()
  File "/usr/local/lib/python3.9/site-packages/paho/mqtt/client.py", line 4609, in _create_socket
    sock = self._create_socket_connection()
  File "/usr/local/lib/python3.9/site-packages/paho/mqtt/client.py", line 4640, in _create_socket_connection
    return socket.create_connection(addr, timeout=self._connect_timeout, source_address=source)
  File "/usr/local/lib/python3.9/socket.py", line 856, in create_connection
    raise err
  File "/usr/local/lib/python3.9/socket.py", line 844, in create_connection
    sock.connect(sa)
socket.timeout: timed out
2024-12-06 13:13:49,278 - ValveController - ERROR - MQTT connection failed: timed out
Traceback (most recent call last):
  File "/app/valves_node.py", line 62, in connect_mqtt
    self.client.connect(self.broker_host, self.broker_port)
  File "/usr/local/lib/python3.9/site-packages/paho/mqtt/client.py", line 1435, in connect
    return self.reconnect()
  File "/usr/local/lib/python3.9/site-packages/paho/mqtt/client.py", line 1598, in reconnect
    self._sock = self._create_socket()
  File "/usr/local/lib/python3.9/site-packages/paho/mqtt/client.py", line 4609, in _create_socket
    sock = self._create_socket_connection()
  File "/usr/local/lib/python3.9/site-packages/paho/mqtt/client.py", line 4640, in _create_socket_connection
    return socket.create_connection(addr, timeout=self._connect_timeout, source_address=source)
  File "/usr/local/lib/python3.9/socket.py", line 856, in create_connection
    raise err
  File "/usr/local/lib/python3.9/socket.py", line 844, in create_connection
    sock.connect(sa)
socket.timeout: timed out
2024-12-06 13:13:59,286 - ValveController - ERROR - MQTT connection failed: timed out
Traceback (most recent call last):
  File "/app/valves_node.py", line 62, in connect_mqtt
    self.client.connect(self.broker_host, self.broker_port)
  File "/usr/local/lib/python3.9/site-packages/paho/mqtt/client.py", line 1435, in connect
    return self.reconnect()
  File "/usr/local/lib/python3.9/site-packages/paho/mqtt/client.py", line 1598, in reconnect
    self._sock = self._create_socket()
  File "/usr/local/lib/python3.9/site-packages/paho/mqtt/client.py", line 4609, in _create_socket
    sock = self._create_socket_connection()
  File "/usr/local/lib/python3.9/site-packages/paho/mqtt/client.py", line 4640, in _create_socket_connection
    return socket.create_connection(addr, timeout=self._connect_timeout, source_address=source)
  File "/usr/local/lib/python3.9/socket.py", line 856, in create_connection
    raise err
  File "/usr/local/lib/python3.9/socket.py", line 844, in create_connection
    sock.connect(sa)
socket.timeout: timed out
2024-12-06 13:14:09,299 - ValveController - ERROR - MQTT connection failed: timed out
Traceback (most recent call last):
  File "/app/valves_node.py", line 62, in connect_mqtt
    self.client.connect(self.broker_host, self.broker_port)
  File "/usr/local/lib/python3.9/site-packages/paho/mqtt/client.py", line 1435, in connect
    return self.reconnect()
  File "/usr/local/lib/python3.9/site-packages/paho/mqtt/client.py", line 1598, in reconnect
    self._sock = self._create_socket()
  File "/usr/local/lib/python3.9/site-packages/paho/mqtt/client.py", line 4609, in _create_socket
    sock = self._create_socket_connection()
  File "/usr/local/lib/python3.9/site-packages/paho/mqtt/client.py", line 4640, in _create_socket_connection
    return socket.create_connection(addr, timeout=self._connect_timeout, source_address=source)
  File "/usr/local/lib/python3.9/socket.py", line 856, in create_connection
    raise err
  File "/usr/local/lib/python3.9/socket.py", line 844, in create_connection
    sock.connect(sa)
socket.timeout: timed out
2024-12-06 13:14:19,309 - ValveController - ERROR - MQTT connection failed: timed out
Traceback (most recent call last):
  File "/app/valves_node.py", line 62, in connect_mqtt
    self.client.connect(self.broker_host, self.broker_port)
  File "/usr/local/lib/python3.9/site-packages/paho/mqtt/client.py", line 1435, in connect
    return self.reconnect()
  File "/usr/local/lib/python3.9/site-packages/paho/mqtt/client.py", line 1598, in reconnect
    self._sock = self._create_socket()
  File "/usr/local/lib/python3.9/site-packages/paho/mqtt/client.py", line 4609, in _create_socket
    sock = self._create_socket_connection()
  File "/usr/local/lib/python3.9/site-packages/paho/mqtt/client.py", line 4640, in _create_socket_connection
    return socket.create_connection(addr, timeout=self._connect_timeout, source_address=source)
  File "/usr/local/lib/python3.9/socket.py", line 856, in create_connection
    raise err
  File "/usr/local/lib/python3.9/socket.py", line 844, in create_connection
    sock.connect(sa)
socket.timeout: timed out
2024-12-06 13:14:29,318 - ValveController - ERROR - MQTT connection failed: timed out
Traceback (most recent call last):
  File "/app/valves_node.py", line 62, in connect_mqtt
    self.client.connect(self.broker_host, self.broker_port)
  File "/usr/local/lib/python3.9/site-packages/paho/mqtt/client.py", line 1435, in connect
    return self.reconnect()
  File "/usr/local/lib/python3.9/site-packages/paho/mqtt/client.py", line 1598, in reconnect
    self._sock = self._create_socket()
  File "/usr/local/lib/python3.9/site-packages/paho/mqtt/client.py", line 4609, in _create_socket
    sock = self._create_socket_connection()
  File "/usr/local/lib/python3.9/site-packages/paho/mqtt/client.py", line 4640, in _create_socket_connection
    return socket.create_connection(addr, timeout=self._connect_timeout, source_address=source)
  File "/usr/local/lib/python3.9/socket.py", line 856, in create_connection
    raise err
  File "/usr/local/lib/python3.9/socket.py", line 844, in create_connection
    sock.connect(sa)
socket.timeout: timed out
2024-12-06 13:14:39,326 - ValveController - ERROR - MQTT connection failed: timed out
Traceback (most recent call last):
  File "/app/valves_node.py", line 62, in connect_mqtt
    self.client.connect(self.broker_host, self.broker_port)
  File "/usr/local/lib/python3.9/site-packages/paho/mqtt/client.py", line 1435, in connect
    return self.reconnect()
  File "/usr/local/lib/python3.9/site-packages/paho/mqtt/client.py", line 1598, in reconnect
    self._sock = self._create_socket()
  File "/usr/local/lib/python3.9/site-packages/paho/mqtt/client.py", line 4609, in _create_socket
    sock = self._create_socket_connection()
  File "/usr/local/lib/python3.9/site-packages/paho/mqtt/client.py", line 4640, in _create_socket_connection
    return socket.create_connection(addr, timeout=self._connect_timeout, source_address=source)
  File "/usr/local/lib/python3.9/socket.py", line 856, in create_connection
    raise err
  File "/usr/local/lib/python3.9/socket.py", line 844, in create_connection
    sock.connect(sa)
socket.timeout: timed out
2024-12-06 13:14:49,336 - ValveController - ERROR - MQTT connection failed: timed out
Traceback (most recent call last):
  File "/app/valves_node.py", line 62, in connect_mqtt
    self.client.connect(self.broker_host, self.broker_port)
  File "/usr/local/lib/python3.9/site-packages/paho/mqtt/client.py", line 1435, in connect
    return self.reconnect()
  File "/usr/local/lib/python3.9/site-packages/paho/mqtt/client.py", line 1598, in reconnect
    self._sock = self._create_socket()
  File "/usr/local/lib/python3.9/site-packages/paho/mqtt/client.py", line 4609, in _create_socket
    sock = self._create_socket_connection()
  File "/usr/local/lib/python3.9/site-packages/paho/mqtt/client.py", line 4640, in _create_socket_connection
    return socket.create_connection(addr, timeout=self._connect_timeout, source_address=source)
  File "/usr/local/lib/python3.9/socket.py", line 856, in create_connection
    raise err
  File "/usr/local/lib/python3.9/socket.py", line 844, in create_connection
    sock.connect(sa)
socket.timeout: timed out
2024-12-06 13:14:59,352 - ValveController - ERROR - MQTT connection failed: timed out
Traceback (most recent call last):
  File "/app/valves_node.py", line 62, in connect_mqtt
    self.client.connect(self.broker_host, self.broker_port)
  File "/usr/local/lib/python3.9/site-packages/paho/mqtt/client.py", line 1435, in connect
    return self.reconnect()
  File "/usr/local/lib/python3.9/site-packages/paho/mqtt/client.py", line 1598, in reconnect
    self._sock = self._create_socket()
  File "/usr/local/lib/python3.9/site-packages/paho/mqtt/client.py", line 4609, in _create_socket
    sock = self._create_socket_connection()
  File "/usr/local/lib/python3.9/site-packages/paho/mqtt/client.py", line 4640, in _create_socket_connection
    return socket.create_connection(addr, timeout=self._connect_timeout, source_address=source)
  File "/usr/local/lib/python3.9/socket.py", line 856, in create_connection
    raise err
  File "/usr/local/lib/python3.9/socket.py", line 844, in create_connection
    sock.connect(sa)
socket.timeout: timed out
2024-12-06 13:15:09,365 - ValveController - ERROR - MQTT connection failed: timed out
Traceback (most recent call last):
  File "/app/valves_node.py", line 62, in connect_mqtt
    self.client.connect(self.broker_host, self.broker_port)
  File "/usr/local/lib/python3.9/site-packages/paho/mqtt/client.py", line 1435, in connect
    return self.reconnect()
  File "/usr/local/lib/python3.9/site-packages/paho/mqtt/client.py", line 1598, in reconnect
    self._sock = self._create_socket()
  File "/usr/local/lib/python3.9/site-packages/paho/mqtt/client.py", line 4609, in _create_socket
    sock = self._create_socket_connection()
  File "/usr/local/lib/python3.9/site-packages/paho/mqtt/client.py", line 4640, in _create_socket_connection
    return socket.create_connection(addr, timeout=self._connect_timeout, source_address=source)
  File "/usr/local/lib/python3.9/socket.py", line 856, in create_connection
    raise err
  File "/usr/local/lib/python3.9/socket.py", line 844, in create_connection
    sock.connect(sa)
socket.timeout: timed out
2024-12-06 13:15:19,374 - ValveController - ERROR - MQTT connection failed: timed out
Traceback (most recent call last):
  File "/app/valves_node.py", line 62, in connect_mqtt
    self.client.connect(self.broker_host, self.broker_port)
  File "/usr/local/lib/python3.9/site-packages/paho/mqtt/client.py", line 1435, in connect
    return self.reconnect()
  File "/usr/local/lib/python3.9/site-packages/paho/mqtt/client.py", line 1598, in reconnect
    self._sock = self._create_socket()
  File "/usr/local/lib/python3.9/site-packages/paho/mqtt/client.py", line 4609, in _create_socket
    sock = self._create_socket_connection()
  File "/usr/local/lib/python3.9/site-packages/paho/mqtt/client.py", line 4640, in _create_socket_connection
    return socket.create_connection(addr, timeout=self._connect_timeout, source_address=source)
  File "/usr/local/lib/python3.9/socket.py", line 856, in create_connection
    raise err
  File "/usr/local/lib/python3.9/socket.py", line 844, in create_connection
    sock.connect(sa)
socket.timeout: timed out
2024-12-06 13:15:29,387 - ValveController - ERROR - MQTT connection failed: timed out
Traceback (most recent call last):
  File "/app/valves_node.py", line 62, in connect_mqtt
    self.client.connect(self.broker_host, self.broker_port)
  File "/usr/local/lib/python3.9/site-packages/paho/mqtt/client.py", line 1435, in connect
    return self.reconnect()
  File "/usr/local/lib/python3.9/site-packages/paho/mqtt/client.py", line 1598, in reconnect
    self._sock = self._create_socket()
  File "/usr/local/lib/python3.9/site-packages/paho/mqtt/client.py", line 4609, in _create_socket
    sock = self._create_socket_connection()
  File "/usr/local/lib/python3.9/site-packages/paho/mqtt/client.py", line 4640, in _create_socket_connection
    return socket.create_connection(addr, timeout=self._connect_timeout, source_address=source)
  File "/usr/local/lib/python3.9/socket.py", line 856, in create_connection
    raise err
  File "/usr/local/lib/python3.9/socket.py", line 844, in create_connection
    sock.connect(sa)
socket.timeout: timed out
2024-12-06 13:15:39,400 - ValveController - ERROR - MQTT connection failed: timed out
Traceback (most recent call last):
  File "/app/valves_node.py", line 62, in connect_mqtt
    self.client.connect(self.broker_host, self.broker_port)
  File "/usr/local/lib/python3.9/site-packages/paho/mqtt/client.py", line 1435, in connect
    return self.reconnect()
  File "/usr/local/lib/python3.9/site-packages/paho/mqtt/client.py", line 1598, in reconnect
    self._sock = self._create_socket()
  File "/usr/local/lib/python3.9/site-packages/paho/mqtt/client.py", line 4609, in _create_socket
    sock = self._create_socket_connection()
  File "/usr/local/lib/python3.9/site-packages/paho/mqtt/client.py", line 4640, in _create_socket_connection
    return socket.create_connection(addr, timeout=self._connect_timeout, source_address=source)
  File "/usr/local/lib/python3.9/socket.py", line 856, in create_connection
    raise err
  File "/usr/local/lib/python3.9/socket.py", line 844, in create_connection
    sock.connect(sa)
socket.timeout: timed out
2024-12-06 13:15:49,413 - ValveController - ERROR - MQTT connection failed: timed out
Traceback (most recent call last):
  File "/app/valves_node.py", line 62, in connect_mqtt
    self.client.connect(self.broker_host, self.broker_port)
  File "/usr/local/lib/python3.9/site-packages/paho/mqtt/client.py", line 1435, in connect
    return self.reconnect()
  File "/usr/local/lib/python3.9/site-packages/paho/mqtt/client.py", line 1598, in reconnect
    self._sock = self._create_socket()
  File "/usr/local/lib/python3.9/site-packages/paho/mqtt/client.py", line 4609, in _create_socket
    sock = self._create_socket_connection()
  File "/usr/local/lib/python3.9/site-packages/paho/mqtt/client.py", line 4640, in _create_socket_connection
    return socket.create_connection(addr, timeout=self._connect_timeout, source_address=source)
  File "/usr/local/lib/python3.9/socket.py", line 856, in create_connection
    raise err
  File "/usr/local/lib/python3.9/socket.py", line 844, in create_connection
    sock.connect(sa)
socket.timeout: timed out
2024-12-06 13:15:59,422 - ValveController - ERROR - MQTT connection failed: timed out
Traceback (most recent call last):
  File "/app/valves_node.py", line 62, in connect_mqtt
    self.client.connect(self.broker_host, self.broker_port)
  File "/usr/local/lib/python3.9/site-packages/paho/mqtt/client.py", line 1435, in connect
    return self.reconnect()
  File "/usr/local/lib/python3.9/site-packages/paho/mqtt/client.py", line 1598, in reconnect
    self._sock = self._create_socket()
  File "/usr/local/lib/python3.9/site-packages/paho/mqtt/client.py", line 4609, in _create_socket
    sock = self._create_socket_connection()
  File "/usr/local/lib/python3.9/site-packages/paho/mqtt/client.py", line 4640, in _create_socket_connection
    return socket.create_connection(addr, timeout=self._connect_timeout, source_address=source)
  File "/usr/local/lib/python3.9/socket.py", line 856, in create_connection
    raise err
  File "/usr/local/lib/python3.9/socket.py", line 844, in create_connection
    sock.connect(sa)
socket.timeout: timed out
2024-12-06 13:16:09,435 - ValveController - ERROR - MQTT connection failed: timed out
Traceback (most recent call last):
  File "/app/valves_node.py", line 62, in connect_mqtt
    self.client.connect(self.broker_host, self.broker_port)
  File "/usr/local/lib/python3.9/site-packages/paho/mqtt/client.py", line 1435, in connect
    return self.reconnect()
  File "/usr/local/lib/python3.9/site-packages/paho/mqtt/client.py", line 1598, in reconnect
    self._sock = self._create_socket()
  File "/usr/local/lib/python3.9/site-packages/paho/mqtt/client.py", line 4609, in _create_socket
    sock = self._create_socket_connection()
  File "/usr/local/lib/python3.9/site-packages/paho/mqtt/client.py", line 4640, in _create_socket_connection
    return socket.create_connection(addr, timeout=self._connect_timeout, source_address=source)
  File "/usr/local/lib/python3.9/socket.py", line 856, in create_connection
    raise err
  File "/usr/local/lib/python3.9/socket.py", line 844, in create_connection
    sock.connect(sa)
socket.timeout: timed out
2024-12-06 13:16:19,444 - ValveController - ERROR - MQTT connection failed: timed out
Traceback (most recent call last):
  File "/app/valves_node.py", line 62, in connect_mqtt
    self.client.connect(self.broker_host, self.broker_port)
  File "/usr/local/lib/python3.9/site-packages/paho/mqtt/client.py", line 1435, in connect
    return self.reconnect()
  File "/usr/local/lib/python3.9/site-packages/paho/mqtt/client.py", line 1598, in reconnect
    self._sock = self._create_socket()
  File "/usr/local/lib/python3.9/site-packages/paho/mqtt/client.py", line 4609, in _create_socket
    sock = self._create_socket_connection()
  File "/usr/local/lib/python3.9/site-packages/paho/mqtt/client.py", line 4640, in _create_socket_connection
    return socket.create_connection(addr, timeout=self._connect_timeout, source_address=source)
  File "/usr/local/lib/python3.9/socket.py", line 856, in create_connection
    raise err
  File "/usr/local/lib/python3.9/socket.py", line 844, in create_connection
    sock.connect(sa)
socket.timeout: timed out
2024-12-06 13:16:29,453 - ValveController - ERROR - MQTT connection failed: timed out
Traceback (most recent call last):
  File "/app/valves_node.py", line 62, in connect_mqtt
    self.client.connect(self.broker_host, self.broker_port)
  File "/usr/local/lib/python3.9/site-packages/paho/mqtt/client.py", line 1435, in connect
    return self.reconnect()
  File "/usr/local/lib/python3.9/site-packages/paho/mqtt/client.py", line 1598, in reconnect
    self._sock = self._create_socket()
  File "/usr/local/lib/python3.9/site-packages/paho/mqtt/client.py", line 4609, in _create_socket
    sock = self._create_socket_connection()
  File "/usr/local/lib/python3.9/site-packages/paho/mqtt/client.py", line 4640, in _create_socket_connection
    return socket.create_connection(addr, timeout=self._connect_timeout, source_address=source)
  File "/usr/local/lib/python3.9/socket.py", line 856, in create_connection
    raise err
  File "/usr/local/lib/python3.9/socket.py", line 844, in create_connection
    sock.connect(sa)
socket.timeout: timed out
2024-12-06 13:16:39,465 - ValveController - ERROR - MQTT connection failed: timed out
Traceback (most recent call last):
  File "/app/valves_node.py", line 62, in connect_mqtt
    self.client.connect(self.broker_host, self.broker_port)
  File "/usr/local/lib/python3.9/site-packages/paho/mqtt/client.py", line 1435, in connect
    return self.reconnect()
  File "/usr/local/lib/python3.9/site-packages/paho/mqtt/client.py", line 1598, in reconnect
    self._sock = self._create_socket()
  File "/usr/local/lib/python3.9/site-packages/paho/mqtt/client.py", line 4609, in _create_socket
    sock = self._create_socket_connection()
  File "/usr/local/lib/python3.9/site-packages/paho/mqtt/client.py", line 4640, in _create_socket_connection
    return socket.create_connection(addr, timeout=self._connect_timeout, source_address=source)
  File "/usr/local/lib/python3.9/socket.py", line 856, in create_connection
    raise err
  File "/usr/local/lib/python3.9/socket.py", line 844, in create_connection
    sock.connect(sa)
socket.timeout: timed out
2024-12-06 13:16:49,478 - ValveController - ERROR - MQTT connection failed: timed out
Traceback (most recent call last):
  File "/app/valves_node.py", line 62, in connect_mqtt
    self.client.connect(self.broker_host, self.broker_port)
  File "/usr/local/lib/python3.9/site-packages/paho/mqtt/client.py", line 1435, in connect
    return self.reconnect()
  File "/usr/local/lib/python3.9/site-packages/paho/mqtt/client.py", line 1598, in reconnect
    self._sock = self._create_socket()
  File "/usr/local/lib/python3.9/site-packages/paho/mqtt/client.py", line 4609, in _create_socket
    sock = self._create_socket_connection()
  File "/usr/local/lib/python3.9/site-packages/paho/mqtt/client.py", line 4640, in _create_socket_connection
    return socket.create_connection(addr, timeout=self._connect_timeout, source_address=source)
  File "/usr/local/lib/python3.9/socket.py", line 856, in create_connection
    raise err
  File "/usr/local/lib/python3.9/socket.py", line 844, in create_connection
    sock.connect(sa)
socket.timeout: timed out
2024-12-06 13:16:59,491 - ValveController - ERROR - MQTT connection failed: timed out
Traceback (most recent call last):
  File "/app/valves_node.py", line 62, in connect_mqtt
    self.client.connect(self.broker_host, self.broker_port)
  File "/usr/local/lib/python3.9/site-packages/paho/mqtt/client.py", line 1435, in connect
    return self.reconnect()
  File "/usr/local/lib/python3.9/site-packages/paho/mqtt/client.py", line 1598, in reconnect
    self._sock = self._create_socket()
  File "/usr/local/lib/python3.9/site-packages/paho/mqtt/client.py", line 4609, in _create_socket
    sock = self._create_socket_connection()
  File "/usr/local/lib/python3.9/site-packages/paho/mqtt/client.py", line 4640, in _create_socket_connection
    return socket.create_connection(addr, timeout=self._connect_timeout, source_address=source)
  File "/usr/local/lib/python3.9/socket.py", line 856, in create_connection
    raise err
  File "/usr/local/lib/python3.9/socket.py", line 844, in create_connection
    sock.connect(sa)
socket.timeout: timed out
2024-12-06 13:17:09,502 - ValveController - ERROR - MQTT connection failed: timed out
Traceback (most recent call last):
  File "/app/valves_node.py", line 62, in connect_mqtt
    self.client.connect(self.broker_host, self.broker_port)
  File "/usr/local/lib/python3.9/site-packages/paho/mqtt/client.py", line 1435, in connect
    return self.reconnect()
  File "/usr/local/lib/python3.9/site-packages/paho/mqtt/client.py", line 1598, in reconnect
    self._sock = self._create_socket()
  File "/usr/local/lib/python3.9/site-packages/paho/mqtt/client.py", line 4609, in _create_socket
    sock = self._create_socket_connection()
  File "/usr/local/lib/python3.9/site-packages/paho/mqtt/client.py", line 4640, in _create_socket_connection
    return socket.create_connection(addr, timeout=self._connect_timeout, source_address=source)
  File "/usr/local/lib/python3.9/socket.py", line 856, in create_connection
    raise err
  File "/usr/local/lib/python3.9/socket.py", line 844, in create_connection
    sock.connect(sa)
socket.timeout: timed out
2024-12-06 13:17:19,515 - ValveController - ERROR - MQTT connection failed: timed out
Traceback (most recent call last):
  File "/app/valves_node.py", line 62, in connect_mqtt
    self.client.connect(self.broker_host, self.broker_port)
  File "/usr/local/lib/python3.9/site-packages/paho/mqtt/client.py", line 1435, in connect
    return self.reconnect()
  File "/usr/local/lib/python3.9/site-packages/paho/mqtt/client.py", line 1598, in reconnect
    self._sock = self._create_socket()
  File "/usr/local/lib/python3.9/site-packages/paho/mqtt/client.py", line 4609, in _create_socket
    sock = self._create_socket_connection()
  File "/usr/local/lib/python3.9/site-packages/paho/mqtt/client.py", line 4640, in _create_socket_connection
    return socket.create_connection(addr, timeout=self._connect_timeout, source_address=source)
  File "/usr/local/lib/python3.9/socket.py", line 856, in create_connection
    raise err
  File "/usr/local/lib/python3.9/socket.py", line 844, in create_connection
    sock.connect(sa)
socket.timeout: timed out
2024-12-06 13:17:29,523 - ValveController - ERROR - MQTT connection failed: timed out
Traceback (most recent call last):
  File "/app/valves_node.py", line 62, in connect_mqtt
    self.client.connect(self.broker_host, self.broker_port)
  File "/usr/local/lib/python3.9/site-packages/paho/mqtt/client.py", line 1435, in connect
    return self.reconnect()
  File "/usr/local/lib/python3.9/site-packages/paho/mqtt/client.py", line 1598, in reconnect
    self._sock = self._create_socket()
  File "/usr/local/lib/python3.9/site-packages/paho/mqtt/client.py", line 4609, in _create_socket
    sock = self._create_socket_connection()
  File "/usr/local/lib/python3.9/site-packages/paho/mqtt/client.py", line 4640, in _create_socket_connection
    return socket.create_connection(addr, timeout=self._connect_timeout, source_address=source)
  File "/usr/local/lib/python3.9/socket.py", line 856, in create_connection
    raise err
  File "/usr/local/lib/python3.9/socket.py", line 844, in create_connection
    sock.connect(sa)
socket.timeout: timed out
2024-12-06 13:17:39,536 - ValveController - ERROR - MQTT connection failed: timed out
Traceback (most recent call last):
  File "/app/valves_node.py", line 62, in connect_mqtt
    self.client.connect(self.broker_host, self.broker_port)
  File "/usr/local/lib/python3.9/site-packages/paho/mqtt/client.py", line 1435, in connect
    return self.reconnect()
  File "/usr/local/lib/python3.9/site-packages/paho/mqtt/client.py", line 1598, in reconnect
    self._sock = self._create_socket()
  File "/usr/local/lib/python3.9/site-packages/paho/mqtt/client.py", line 4609, in _create_socket
    sock = self._create_socket_connection()
  File "/usr/local/lib/python3.9/site-packages/paho/mqtt/client.py", line 4640, in _create_socket_connection
    return socket.create_connection(addr, timeout=self._connect_timeout, source_address=source)
  File "/usr/local/lib/python3.9/socket.py", line 856, in create_connection
    raise err
  File "/usr/local/lib/python3.9/socket.py", line 844, in create_connection
    sock.connect(sa)
socket.timeout: timed out
2024-12-06 13:17:49,545 - ValveController - ERROR - MQTT connection failed: timed out
Traceback (most recent call last):
  File "/app/valves_node.py", line 62, in connect_mqtt
    self.client.connect(self.broker_host, self.broker_port)
  File "/usr/local/lib/python3.9/site-packages/paho/mqtt/client.py", line 1435, in connect
    return self.reconnect()
  File "/usr/local/lib/python3.9/site-packages/paho/mqtt/client.py", line 1598, in reconnect
    self._sock = self._create_socket()
  File "/usr/local/lib/python3.9/site-packages/paho/mqtt/client.py", line 4609, in _create_socket
    sock = self._create_socket_connection()
  File "/usr/local/lib/python3.9/site-packages/paho/mqtt/client.py", line 4640, in _create_socket_connection
    return socket.create_connection(addr, timeout=self._connect_timeout, source_address=source)
  File "/usr/local/lib/python3.9/socket.py", line 856, in create_connection
    raise err
  File "/usr/local/lib/python3.9/socket.py", line 844, in create_connection
    sock.connect(sa)
socket.timeout: timed out
2024-12-06 13:17:59,558 - ValveController - ERROR - MQTT connection failed: timed out
Traceback (most recent call last):
  File "/app/valves_node.py", line 62, in connect_mqtt
    self.client.connect(self.broker_host, self.broker_port)
  File "/usr/local/lib/python3.9/site-packages/paho/mqtt/client.py", line 1435, in connect
    return self.reconnect()
  File "/usr/local/lib/python3.9/site-packages/paho/mqtt/client.py", line 1598, in reconnect
    self._sock = self._create_socket()
  File "/usr/local/lib/python3.9/site-packages/paho/mqtt/client.py", line 4609, in _create_socket
    sock = self._create_socket_connection()
  File "/usr/local/lib/python3.9/site-packages/paho/mqtt/client.py", line 4640, in _create_socket_connection
    return socket.create_connection(addr, timeout=self._connect_timeout, source_address=source)
  File "/usr/local/lib/python3.9/socket.py", line 856, in create_connection
    raise err
  File "/usr/local/lib/python3.9/socket.py", line 844, in create_connection
    sock.connect(sa)
socket.timeout: timed out
2024-12-06 13:18:09,570 - ValveController - ERROR - MQTT connection failed: timed out
Traceback (most recent call last):
  File "/app/valves_node.py", line 62, in connect_mqtt
    self.client.connect(self.broker_host, self.broker_port)
  File "/usr/local/lib/python3.9/site-packages/paho/mqtt/client.py", line 1435, in connect
    return self.reconnect()
  File "/usr/local/lib/python3.9/site-packages/paho/mqtt/client.py", line 1598, in reconnect
    self._sock = self._create_socket()
  File "/usr/local/lib/python3.9/site-packages/paho/mqtt/client.py", line 4609, in _create_socket
    sock = self._create_socket_connection()
  File "/usr/local/lib/python3.9/site-packages/paho/mqtt/client.py", line 4640, in _create_socket_connection
    return socket.create_connection(addr, timeout=self._connect_timeout, source_address=source)
  File "/usr/local/lib/python3.9/socket.py", line 856, in create_connection
    raise err
  File "/usr/local/lib/python3.9/socket.py", line 844, in create_connection
    sock.connect(sa)
socket.timeout: timed out
2024-12-06 13:18:19,583 - ValveController - ERROR - MQTT connection failed: timed out
Traceback (most recent call last):
  File "/app/valves_node.py", line 62, in connect_mqtt
    self.client.connect(self.broker_host, self.broker_port)
  File "/usr/local/lib/python3.9/site-packages/paho/mqtt/client.py", line 1435, in connect
    return self.reconnect()
  File "/usr/local/lib/python3.9/site-packages/paho/mqtt/client.py", line 1598, in reconnect
    self._sock = self._create_socket()
  File "/usr/local/lib/python3.9/site-packages/paho/mqtt/client.py", line 4609, in _create_socket
    sock = self._create_socket_connection()
  File "/usr/local/lib/python3.9/site-packages/paho/mqtt/client.py", line 4640, in _create_socket_connection
    return socket.create_connection(addr, timeout=self._connect_timeout, source_address=source)
  File "/usr/local/lib/python3.9/socket.py", line 856, in create_connection
    raise err
  File "/usr/local/lib/python3.9/socket.py", line 844, in create_connection
    sock.connect(sa)
socket.timeout: timed out
2024-12-06 13:18:29,592 - ValveController - ERROR - MQTT connection failed: timed out
Traceback (most recent call last):
  File "/app/valves_node.py", line 62, in connect_mqtt
    self.client.connect(self.broker_host, self.broker_port)
  File "/usr/local/lib/python3.9/site-packages/paho/mqtt/client.py", line 1435, in connect
    return self.reconnect()
  File "/usr/local/lib/python3.9/site-packages/paho/mqtt/client.py", line 1598, in reconnect
    self._sock = self._create_socket()
  File "/usr/local/lib/python3.9/site-packages/paho/mqtt/client.py", line 4609, in _create_socket
    sock = self._create_socket_connection()
  File "/usr/local/lib/python3.9/site-packages/paho/mqtt/client.py", line 4640, in _create_socket_connection
    return socket.create_connection(addr, timeout=self._connect_timeout, source_address=source)
  File "/usr/local/lib/python3.9/socket.py", line 856, in create_connection
    raise err
  File "/usr/local/lib/python3.9/socket.py", line 844, in create_connection
    sock.connect(sa)
socket.timeout: timed out
2024-12-06 13:18:39,601 - ValveController - ERROR - MQTT connection failed: timed out
Traceback (most recent call last):
  File "/app/valves_node.py", line 62, in connect_mqtt
    self.client.connect(self.broker_host, self.broker_port)
  File "/usr/local/lib/python3.9/site-packages/paho/mqtt/client.py", line 1435, in connect
    return self.reconnect()
  File "/usr/local/lib/python3.9/site-packages/paho/mqtt/client.py", line 1598, in reconnect
    self._sock = self._create_socket()
  File "/usr/local/lib/python3.9/site-packages/paho/mqtt/client.py", line 4609, in _create_socket
    sock = self._create_socket_connection()
  File "/usr/local/lib/python3.9/site-packages/paho/mqtt/client.py", line 4640, in _create_socket_connection
    return socket.create_connection(addr, timeout=self._connect_timeout, source_address=source)
  File "/usr/local/lib/python3.9/socket.py", line 856, in create_connection
    raise err
  File "/usr/local/lib/python3.9/socket.py", line 844, in create_connection
    sock.connect(sa)
socket.timeout: timed out
2024-12-06 13:18:49,611 - ValveController - ERROR - MQTT connection failed: timed out
Traceback (most recent call last):
  File "/app/valves_node.py", line 62, in connect_mqtt
    self.client.connect(self.broker_host, self.broker_port)
  File "/usr/local/lib/python3.9/site-packages/paho/mqtt/client.py", line 1435, in connect
    return self.reconnect()
  File "/usr/local/lib/python3.9/site-packages/paho/mqtt/client.py", line 1598, in reconnect
    self._sock = self._create_socket()
  File "/usr/local/lib/python3.9/site-packages/paho/mqtt/client.py", line 4609, in _create_socket
    sock = self._create_socket_connection()
  File "/usr/local/lib/python3.9/site-packages/paho/mqtt/client.py", line 4640, in _create_socket_connection
    return socket.create_connection(addr, timeout=self._connect_timeout, source_address=source)
  File "/usr/local/lib/python3.9/socket.py", line 856, in create_connection
    raise err
  File "/usr/local/lib/python3.9/socket.py", line 844, in create_connection
    sock.connect(sa)
socket.timeout: timed out
2024-12-06 13:18:59,625 - ValveController - ERROR - MQTT connection failed: timed out
Traceback (most recent call last):
  File "/app/valves_node.py", line 62, in connect_mqtt
    self.client.connect(self.broker_host, self.broker_port)
  File "/usr/local/lib/python3.9/site-packages/paho/mqtt/client.py", line 1435, in connect
    return self.reconnect()
  File "/usr/local/lib/python3.9/site-packages/paho/mqtt/client.py", line 1598, in reconnect
    self._sock = self._create_socket()
  File "/usr/local/lib/python3.9/site-packages/paho/mqtt/client.py", line 4609, in _create_socket
    sock = self._create_socket_connection()
  File "/usr/local/lib/python3.9/site-packages/paho/mqtt/client.py", line 4640, in _create_socket_connection
    return socket.create_connection(addr, timeout=self._connect_timeout, source_address=source)
  File "/usr/local/lib/python3.9/socket.py", line 856, in create_connection
    raise err
  File "/usr/local/lib/python3.9/socket.py", line 844, in create_connection
    sock.connect(sa)
socket.timeout: timed out
2024-12-06 13:19:09,631 - ValveController - ERROR - MQTT connection failed: timed out
Traceback (most recent call last):
  File "/app/valves_node.py", line 62, in connect_mqtt
    self.client.connect(self.broker_host, self.broker_port)
  File "/usr/local/lib/python3.9/site-packages/paho/mqtt/client.py", line 1435, in connect
    return self.reconnect()
  File "/usr/local/lib/python3.9/site-packages/paho/mqtt/client.py", line 1598, in reconnect
    self._sock = self._create_socket()
  File "/usr/local/lib/python3.9/site-packages/paho/mqtt/client.py", line 4609, in _create_socket
    sock = self._create_socket_connection()
  File "/usr/local/lib/python3.9/site-packages/paho/mqtt/client.py", line 4640, in _create_socket_connection
    return socket.create_connection(addr, timeout=self._connect_timeout, source_address=source)
  File "/usr/local/lib/python3.9/socket.py", line 856, in create_connection
    raise err
  File "/usr/local/lib/python3.9/socket.py", line 844, in create_connection
    sock.connect(sa)
socket.timeout: timed out
2024-12-06 13:19:19,639 - ValveController - ERROR - MQTT connection failed: timed out
Traceback (most recent call last):
  File "/app/valves_node.py", line 62, in connect_mqtt
    self.client.connect(self.broker_host, self.broker_port)
  File "/usr/local/lib/python3.9/site-packages/paho/mqtt/client.py", line 1435, in connect
    return self.reconnect()
  File "/usr/local/lib/python3.9/site-packages/paho/mqtt/client.py", line 1598, in reconnect
    self._sock = self._create_socket()
  File "/usr/local/lib/python3.9/site-packages/paho/mqtt/client.py", line 4609, in _create_socket
    sock = self._create_socket_connection()
  File "/usr/local/lib/python3.9/site-packages/paho/mqtt/client.py", line 4640, in _create_socket_connection
    return socket.create_connection(addr, timeout=self._connect_timeout, source_address=source)
  File "/usr/local/lib/python3.9/socket.py", line 856, in create_connection
    raise err
  File "/usr/local/lib/python3.9/socket.py", line 844, in create_connection
    sock.connect(sa)
socket.timeout: timed out
2024-12-06 13:19:29,648 - ValveController - ERROR - MQTT connection failed: timed out
Traceback (most recent call last):
  File "/app/valves_node.py", line 62, in connect_mqtt
    self.client.connect(self.broker_host, self.broker_port)
  File "/usr/local/lib/python3.9/site-packages/paho/mqtt/client.py", line 1435, in connect
    return self.reconnect()
  File "/usr/local/lib/python3.9/site-packages/paho/mqtt/client.py", line 1598, in reconnect
    self._sock = self._create_socket()
  File "/usr/local/lib/python3.9/site-packages/paho/mqtt/client.py", line 4609, in _create_socket
    sock = self._create_socket_connection()
  File "/usr/local/lib/python3.9/site-packages/paho/mqtt/client.py", line 4640, in _create_socket_connection
    return socket.create_connection(addr, timeout=self._connect_timeout, source_address=source)
  File "/usr/local/lib/python3.9/socket.py", line 856, in create_connection
    raise err
  File "/usr/local/lib/python3.9/socket.py", line 844, in create_connection
    sock.connect(sa)
socket.timeout: timed out
2024-12-06 13:19:39,661 - ValveController - ERROR - MQTT connection failed: timed out
Traceback (most recent call last):
  File "/app/valves_node.py", line 62, in connect_mqtt
    self.client.connect(self.broker_host, self.broker_port)
  File "/usr/local/lib/python3.9/site-packages/paho/mqtt/client.py", line 1435, in connect
    return self.reconnect()
  File "/usr/local/lib/python3.9/site-packages/paho/mqtt/client.py", line 1598, in reconnect
    self._sock = self._create_socket()
  File "/usr/local/lib/python3.9/site-packages/paho/mqtt/client.py", line 4609, in _create_socket
    sock = self._create_socket_connection()
  File "/usr/local/lib/python3.9/site-packages/paho/mqtt/client.py", line 4640, in _create_socket_connection
    return socket.create_connection(addr, timeout=self._connect_timeout, source_address=source)
  File "/usr/local/lib/python3.9/socket.py", line 856, in create_connection
    raise err
  File "/usr/local/lib/python3.9/socket.py", line 844, in create_connection
    sock.connect(sa)
socket.timeout: timed out
2024-12-06 13:19:49,673 - ValveController - ERROR - MQTT connection failed: timed out
Traceback (most recent call last):
  File "/app/valves_node.py", line 62, in connect_mqtt
    self.client.connect(self.broker_host, self.broker_port)
  File "/usr/local/lib/python3.9/site-packages/paho/mqtt/client.py", line 1435, in connect
    return self.reconnect()
  File "/usr/local/lib/python3.9/site-packages/paho/mqtt/client.py", line 1598, in reconnect
    self._sock = self._create_socket()
  File "/usr/local/lib/python3.9/site-packages/paho/mqtt/client.py", line 4609, in _create_socket
    sock = self._create_socket_connection()
  File "/usr/local/lib/python3.9/site-packages/paho/mqtt/client.py", line 4640, in _create_socket_connection
    return socket.create_connection(addr, timeout=self._connect_timeout, source_address=source)
  File "/usr/local/lib/python3.9/socket.py", line 856, in create_connection
    raise err
  File "/usr/local/lib/python3.9/socket.py", line 844, in create_connection
    sock.connect(sa)
socket.timeout: timed out
2024-12-06 13:19:59,685 - ValveController - ERROR - MQTT connection failed: timed out
Traceback (most recent call last):
  File "/app/valves_node.py", line 62, in connect_mqtt
    self.client.connect(self.broker_host, self.broker_port)
  File "/usr/local/lib/python3.9/site-packages/paho/mqtt/client.py", line 1435, in connect
    return self.reconnect()
  File "/usr/local/lib/python3.9/site-packages/paho/mqtt/client.py", line 1598, in reconnect
    self._sock = self._create_socket()
  File "/usr/local/lib/python3.9/site-packages/paho/mqtt/client.py", line 4609, in _create_socket
    sock = self._create_socket_connection()
  File "/usr/local/lib/python3.9/site-packages/paho/mqtt/client.py", line 4640, in _create_socket_connection
    return socket.create_connection(addr, timeout=self._connect_timeout, source_address=source)
  File "/usr/local/lib/python3.9/socket.py", line 856, in create_connection
    raise err
  File "/usr/local/lib/python3.9/socket.py", line 844, in create_connection
    sock.connect(sa)
socket.timeout: timed out
2024-12-06 13:20:09,694 - ValveController - ERROR - MQTT connection failed: timed out
Traceback (most recent call last):
  File "/app/valves_node.py", line 62, in connect_mqtt
    self.client.connect(self.broker_host, self.broker_port)
  File "/usr/local/lib/python3.9/site-packages/paho/mqtt/client.py", line 1435, in connect
    return self.reconnect()
  File "/usr/local/lib/python3.9/site-packages/paho/mqtt/client.py", line 1598, in reconnect
    self._sock = self._create_socket()
  File "/usr/local/lib/python3.9/site-packages/paho/mqtt/client.py", line 4609, in _create_socket
    sock = self._create_socket_connection()
  File "/usr/local/lib/python3.9/site-packages/paho/mqtt/client.py", line 4640, in _create_socket_connection
    return socket.create_connection(addr, timeout=self._connect_timeout, source_address=source)
  File "/usr/local/lib/python3.9/socket.py", line 856, in create_connection
    raise err
  File "/usr/local/lib/python3.9/socket.py", line 844, in create_connection
    sock.connect(sa)
socket.timeout: timed out
2024-12-06 13:20:19,706 - ValveController - ERROR - MQTT connection failed: timed out
Traceback (most recent call last):
  File "/app/valves_node.py", line 62, in connect_mqtt
    self.client.connect(self.broker_host, self.broker_port)
  File "/usr/local/lib/python3.9/site-packages/paho/mqtt/client.py", line 1435, in connect
    return self.reconnect()
  File "/usr/local/lib/python3.9/site-packages/paho/mqtt/client.py", line 1598, in reconnect
    self._sock = self._create_socket()
  File "/usr/local/lib/python3.9/site-packages/paho/mqtt/client.py", line 4609, in _create_socket
    sock = self._create_socket_connection()
  File "/usr/local/lib/python3.9/site-packages/paho/mqtt/client.py", line 4640, in _create_socket_connection
    return socket.create_connection(addr, timeout=self._connect_timeout, source_address=source)
  File "/usr/local/lib/python3.9/socket.py", line 856, in create_connection
    raise err
  File "/usr/local/lib/python3.9/socket.py", line 844, in create_connection
    sock.connect(sa)
socket.timeout: timed out
2024-12-06 13:20:29,714 - ValveController - ERROR - MQTT connection failed: timed out
Traceback (most recent call last):
  File "/app/valves_node.py", line 62, in connect_mqtt
    self.client.connect(self.broker_host, self.broker_port)
  File "/usr/local/lib/python3.9/site-packages/paho/mqtt/client.py", line 1435, in connect
    return self.reconnect()
  File "/usr/local/lib/python3.9/site-packages/paho/mqtt/client.py", line 1598, in reconnect
    self._sock = self._create_socket()
  File "/usr/local/lib/python3.9/site-packages/paho/mqtt/client.py", line 4609, in _create_socket
    sock = self._create_socket_connection()
  File "/usr/local/lib/python3.9/site-packages/paho/mqtt/client.py", line 4640, in _create_socket_connection
    return socket.create_connection(addr, timeout=self._connect_timeout, source_address=source)
  File "/usr/local/lib/python3.9/socket.py", line 856, in create_connection
    raise err
  File "/usr/local/lib/python3.9/socket.py", line 844, in create_connection
    sock.connect(sa)
socket.timeout: timed out
2024-12-06 13:20:39,727 - ValveController - ERROR - MQTT connection failed: timed out
Traceback (most recent call last):
  File "/app/valves_node.py", line 62, in connect_mqtt
    self.client.connect(self.broker_host, self.broker_port)
  File "/usr/local/lib/python3.9/site-packages/paho/mqtt/client.py", line 1435, in connect
    return self.reconnect()
  File "/usr/local/lib/python3.9/site-packages/paho/mqtt/client.py", line 1598, in reconnect
    self._sock = self._create_socket()
  File "/usr/local/lib/python3.9/site-packages/paho/mqtt/client.py", line 4609, in _create_socket
    sock = self._create_socket_connection()
  File "/usr/local/lib/python3.9/site-packages/paho/mqtt/client.py", line 4640, in _create_socket_connection
    return socket.create_connection(addr, timeout=self._connect_timeout, source_address=source)
  File "/usr/local/lib/python3.9/socket.py", line 856, in create_connection
    raise err
  File "/usr/local/lib/python3.9/socket.py", line 844, in create_connection
    sock.connect(sa)
socket.timeout: timed out
2024-12-06 13:20:49,737 - ValveController - ERROR - MQTT connection failed: timed out
Traceback (most recent call last):
  File "/app/valves_node.py", line 62, in connect_mqtt
    self.client.connect(self.broker_host, self.broker_port)
  File "/usr/local/lib/python3.9/site-packages/paho/mqtt/client.py", line 1435, in connect
    return self.reconnect()
  File "/usr/local/lib/python3.9/site-packages/paho/mqtt/client.py", line 1598, in reconnect
    self._sock = self._create_socket()
  File "/usr/local/lib/python3.9/site-packages/paho/mqtt/client.py", line 4609, in _create_socket
    sock = self._create_socket_connection()
  File "/usr/local/lib/python3.9/site-packages/paho/mqtt/client.py", line 4640, in _create_socket_connection
    return socket.create_connection(addr, timeout=self._connect_timeout, source_address=source)
  File "/usr/local/lib/python3.9/socket.py", line 856, in create_connection
    raise err
  File "/usr/local/lib/python3.9/socket.py", line 844, in create_connection
    sock.connect(sa)
socket.timeout: timed out
2024-12-06 13:20:59,750 - ValveController - ERROR - MQTT connection failed: timed out
Traceback (most recent call last):
  File "/app/valves_node.py", line 62, in connect_mqtt
    self.client.connect(self.broker_host, self.broker_port)
  File "/usr/local/lib/python3.9/site-packages/paho/mqtt/client.py", line 1435, in connect
    return self.reconnect()
  File "/usr/local/lib/python3.9/site-packages/paho/mqtt/client.py", line 1598, in reconnect
    self._sock = self._create_socket()
  File "/usr/local/lib/python3.9/site-packages/paho/mqtt/client.py", line 4609, in _create_socket
    sock = self._create_socket_connection()
  File "/usr/local/lib/python3.9/site-packages/paho/mqtt/client.py", line 4640, in _create_socket_connection
    return socket.create_connection(addr, timeout=self._connect_timeout, source_address=source)
  File "/usr/local/lib/python3.9/socket.py", line 856, in create_connection
    raise err
  File "/usr/local/lib/python3.9/socket.py", line 844, in create_connection
    sock.connect(sa)
socket.timeout: timed out
2024-12-06 13:21:09,762 - ValveController - ERROR - MQTT connection failed: timed out
Traceback (most recent call last):
  File "/app/valves_node.py", line 62, in connect_mqtt
    self.client.connect(self.broker_host, self.broker_port)
  File "/usr/local/lib/python3.9/site-packages/paho/mqtt/client.py", line 1435, in connect
    return self.reconnect()
  File "/usr/local/lib/python3.9/site-packages/paho/mqtt/client.py", line 1598, in reconnect
    self._sock = self._create_socket()
  File "/usr/local/lib/python3.9/site-packages/paho/mqtt/client.py", line 4609, in _create_socket
    sock = self._create_socket_connection()
  File "/usr/local/lib/python3.9/site-packages/paho/mqtt/client.py", line 4640, in _create_socket_connection
    return socket.create_connection(addr, timeout=self._connect_timeout, source_address=source)
  File "/usr/local/lib/python3.9/socket.py", line 856, in create_connection
    raise err
  File "/usr/local/lib/python3.9/socket.py", line 844, in create_connection
    sock.connect(sa)
socket.timeout: timed out
2024-12-06 13:21:19,775 - ValveController - ERROR - MQTT connection failed: timed out
Traceback (most recent call last):
  File "/app/valves_node.py", line 62, in connect_mqtt
    self.client.connect(self.broker_host, self.broker_port)
  File "/usr/local/lib/python3.9/site-packages/paho/mqtt/client.py", line 1435, in connect
    return self.reconnect()
  File "/usr/local/lib/python3.9/site-packages/paho/mqtt/client.py", line 1598, in reconnect
    self._sock = self._create_socket()
  File "/usr/local/lib/python3.9/site-packages/paho/mqtt/client.py", line 4609, in _create_socket
    sock = self._create_socket_connection()
  File "/usr/local/lib/python3.9/site-packages/paho/mqtt/client.py", line 4640, in _create_socket_connection
    return socket.create_connection(addr, timeout=self._connect_timeout, source_address=source)
  File "/usr/local/lib/python3.9/socket.py", line 856, in create_connection
    raise err
  File "/usr/local/lib/python3.9/socket.py", line 844, in create_connection
    sock.connect(sa)
socket.timeout: timed out
2024-12-06 13:21:29,785 - ValveController - ERROR - MQTT connection failed: timed out
Traceback (most recent call last):
  File "/app/valves_node.py", line 62, in connect_mqtt
    self.client.connect(self.broker_host, self.broker_port)
  File "/usr/local/lib/python3.9/site-packages/paho/mqtt/client.py", line 1435, in connect
    return self.reconnect()
  File "/usr/local/lib/python3.9/site-packages/paho/mqtt/client.py", line 1598, in reconnect
    self._sock = self._create_socket()
  File "/usr/local/lib/python3.9/site-packages/paho/mqtt/client.py", line 4609, in _create_socket
    sock = self._create_socket_connection()
  File "/usr/local/lib/python3.9/site-packages/paho/mqtt/client.py", line 4640, in _create_socket_connection
    return socket.create_connection(addr, timeout=self._connect_timeout, source_address=source)
  File "/usr/local/lib/python3.9/socket.py", line 856, in create_connection
    raise err
  File "/usr/local/lib/python3.9/socket.py", line 844, in create_connection
    sock.connect(sa)
socket.timeout: timed out
2024-12-06 13:21:39,796 - ValveController - ERROR - MQTT connection failed: timed out
Traceback (most recent call last):
  File "/app/valves_node.py", line 62, in connect_mqtt
    self.client.connect(self.broker_host, self.broker_port)
  File "/usr/local/lib/python3.9/site-packages/paho/mqtt/client.py", line 1435, in connect
    return self.reconnect()
  File "/usr/local/lib/python3.9/site-packages/paho/mqtt/client.py", line 1598, in reconnect
    self._sock = self._create_socket()
  File "/usr/local/lib/python3.9/site-packages/paho/mqtt/client.py", line 4609, in _create_socket
    sock = self._create_socket_connection()
  File "/usr/local/lib/python3.9/site-packages/paho/mqtt/client.py", line 4640, in _create_socket_connection
    return socket.create_connection(addr, timeout=self._connect_timeout, source_address=source)
  File "/usr/local/lib/python3.9/socket.py", line 856, in create_connection
    raise err
  File "/usr/local/lib/python3.9/socket.py", line 844, in create_connection
    sock.connect(sa)
socket.timeout: timed out
2024-12-06 13:21:49,808 - ValveController - ERROR - MQTT connection failed: timed out
Traceback (most recent call last):
  File "/app/valves_node.py", line 62, in connect_mqtt
    self.client.connect(self.broker_host, self.broker_port)
  File "/usr/local/lib/python3.9/site-packages/paho/mqtt/client.py", line 1435, in connect
    return self.reconnect()
  File "/usr/local/lib/python3.9/site-packages/paho/mqtt/client.py", line 1598, in reconnect
    self._sock = self._create_socket()
  File "/usr/local/lib/python3.9/site-packages/paho/mqtt/client.py", line 4609, in _create_socket
    sock = self._create_socket_connection()
  File "/usr/local/lib/python3.9/site-packages/paho/mqtt/client.py", line 4640, in _create_socket_connection
    return socket.create_connection(addr, timeout=self._connect_timeout, source_address=source)
  File "/usr/local/lib/python3.9/socket.py", line 856, in create_connection
    raise err
  File "/usr/local/lib/python3.9/socket.py", line 844, in create_connection
    sock.connect(sa)
socket.timeout: timed out
2024-12-06 13:21:59,822 - ValveController - ERROR - MQTT connection failed: timed out
Traceback (most recent call last):
  File "/app/valves_node.py", line 62, in connect_mqtt
    self.client.connect(self.broker_host, self.broker_port)
  File "/usr/local/lib/python3.9/site-packages/paho/mqtt/client.py", line 1435, in connect
    return self.reconnect()
  File "/usr/local/lib/python3.9/site-packages/paho/mqtt/client.py", line 1598, in reconnect
    self._sock = self._create_socket()
  File "/usr/local/lib/python3.9/site-packages/paho/mqtt/client.py", line 4609, in _create_socket
    sock = self._create_socket_connection()
  File "/usr/local/lib/python3.9/site-packages/paho/mqtt/client.py", line 4640, in _create_socket_connection
    return socket.create_connection(addr, timeout=self._connect_timeout, source_address=source)
  File "/usr/local/lib/python3.9/socket.py", line 856, in create_connection
    raise err
  File "/usr/local/lib/python3.9/socket.py", line 844, in create_connection
    sock.connect(sa)
socket.timeout: timed out
2024-12-06 13:22:09,832 - ValveController - ERROR - MQTT connection failed: timed out
Traceback (most recent call last):
  File "/app/valves_node.py", line 62, in connect_mqtt
    self.client.connect(self.broker_host, self.broker_port)
  File "/usr/local/lib/python3.9/site-packages/paho/mqtt/client.py", line 1435, in connect
    return self.reconnect()
  File "/usr/local/lib/python3.9/site-packages/paho/mqtt/client.py", line 1598, in reconnect
    self._sock = self._create_socket()
  File "/usr/local/lib/python3.9/site-packages/paho/mqtt/client.py", line 4609, in _create_socket
    sock = self._create_socket_connection()
  File "/usr/local/lib/python3.9/site-packages/paho/mqtt/client.py", line 4640, in _create_socket_connection
    return socket.create_connection(addr, timeout=self._connect_timeout, source_address=source)
  File "/usr/local/lib/python3.9/socket.py", line 856, in create_connection
    raise err
  File "/usr/local/lib/python3.9/socket.py", line 844, in create_connection
    sock.connect(sa)
socket.timeout: timed out
2024-12-06 13:22:19,844 - ValveController - ERROR - MQTT connection failed: timed out
Traceback (most recent call last):
  File "/app/valves_node.py", line 62, in connect_mqtt
    self.client.connect(self.broker_host, self.broker_port)
  File "/usr/local/lib/python3.9/site-packages/paho/mqtt/client.py", line 1435, in connect
    return self.reconnect()
  File "/usr/local/lib/python3.9/site-packages/paho/mqtt/client.py", line 1598, in reconnect
    self._sock = self._create_socket()
  File "/usr/local/lib/python3.9/site-packages/paho/mqtt/client.py", line 4609, in _create_socket
    sock = self._create_socket_connection()
  File "/usr/local/lib/python3.9/site-packages/paho/mqtt/client.py", line 4640, in _create_socket_connection
    return socket.create_connection(addr, timeout=self._connect_timeout, source_address=source)
  File "/usr/local/lib/python3.9/socket.py", line 856, in create_connection
    raise err
  File "/usr/local/lib/python3.9/socket.py", line 844, in create_connection
    sock.connect(sa)
socket.timeout: timed out
2024-12-06 13:22:29,856 - ValveController - ERROR - MQTT connection failed: timed out
Traceback (most recent call last):
  File "/app/valves_node.py", line 62, in connect_mqtt
    self.client.connect(self.broker_host, self.broker_port)
  File "/usr/local/lib/python3.9/site-packages/paho/mqtt/client.py", line 1435, in connect
    return self.reconnect()
  File "/usr/local/lib/python3.9/site-packages/paho/mqtt/client.py", line 1598, in reconnect
    self._sock = self._create_socket()
  File "/usr/local/lib/python3.9/site-packages/paho/mqtt/client.py", line 4609, in _create_socket
    sock = self._create_socket_connection()
  File "/usr/local/lib/python3.9/site-packages/paho/mqtt/client.py", line 4640, in _create_socket_connection
    return socket.create_connection(addr, timeout=self._connect_timeout, source_address=source)
  File "/usr/local/lib/python3.9/socket.py", line 856, in create_connection
    raise err
  File "/usr/local/lib/python3.9/socket.py", line 844, in create_connection
    sock.connect(sa)
socket.timeout: timed out
2024-12-06 13:22:39,869 - ValveController - ERROR - MQTT connection failed: timed out
Traceback (most recent call last):
  File "/app/valves_node.py", line 62, in connect_mqtt
    self.client.connect(self.broker_host, self.broker_port)
  File "/usr/local/lib/python3.9/site-packages/paho/mqtt/client.py", line 1435, in connect
    return self.reconnect()
  File "/usr/local/lib/python3.9/site-packages/paho/mqtt/client.py", line 1598, in reconnect
    self._sock = self._create_socket()
  File "/usr/local/lib/python3.9/site-packages/paho/mqtt/client.py", line 4609, in _create_socket
    sock = self._create_socket_connection()
  File "/usr/local/lib/python3.9/site-packages/paho/mqtt/client.py", line 4640, in _create_socket_connection
    return socket.create_connection(addr, timeout=self._connect_timeout, source_address=source)
  File "/usr/local/lib/python3.9/socket.py", line 856, in create_connection
    raise err
  File "/usr/local/lib/python3.9/socket.py", line 844, in create_connection
    sock.connect(sa)
socket.timeout: timed out
2024-12-06 13:22:49,882 - ValveController - ERROR - MQTT connection failed: timed out
Traceback (most recent call last):
  File "/app/valves_node.py", line 62, in connect_mqtt
    self.client.connect(self.broker_host, self.broker_port)
  File "/usr/local/lib/python3.9/site-packages/paho/mqtt/client.py", line 1435, in connect
    return self.reconnect()
  File "/usr/local/lib/python3.9/site-packages/paho/mqtt/client.py", line 1598, in reconnect
    self._sock = self._create_socket()
  File "/usr/local/lib/python3.9/site-packages/paho/mqtt/client.py", line 4609, in _create_socket
    sock = self._create_socket_connection()
  File "/usr/local/lib/python3.9/site-packages/paho/mqtt/client.py", line 4640, in _create_socket_connection
    return socket.create_connection(addr, timeout=self._connect_timeout, source_address=source)
  File "/usr/local/lib/python3.9/socket.py", line 856, in create_connection
    raise err
  File "/usr/local/lib/python3.9/socket.py", line 844, in create_connection
    sock.connect(sa)
socket.timeout: timed out
2024-12-06 13:22:59,895 - ValveController - ERROR - MQTT connection failed: timed out
Traceback (most recent call last):
  File "/app/valves_node.py", line 62, in connect_mqtt
    self.client.connect(self.broker_host, self.broker_port)
  File "/usr/local/lib/python3.9/site-packages/paho/mqtt/client.py", line 1435, in connect
    return self.reconnect()
  File "/usr/local/lib/python3.9/site-packages/paho/mqtt/client.py", line 1598, in reconnect
    self._sock = self._create_socket()
  File "/usr/local/lib/python3.9/site-packages/paho/mqtt/client.py", line 4609, in _create_socket
    sock = self._create_socket_connection()
  File "/usr/local/lib/python3.9/site-packages/paho/mqtt/client.py", line 4640, in _create_socket_connection
    return socket.create_connection(addr, timeout=self._connect_timeout, source_address=source)
  File "/usr/local/lib/python3.9/socket.py", line 856, in create_connection
    raise err
  File "/usr/local/lib/python3.9/socket.py", line 844, in create_connection
    sock.connect(sa)
socket.timeout: timed out
2024-12-06 13:23:09,906 - ValveController - ERROR - MQTT connection failed: timed out
Traceback (most recent call last):
  File "/app/valves_node.py", line 62, in connect_mqtt
    self.client.connect(self.broker_host, self.broker_port)
  File "/usr/local/lib/python3.9/site-packages/paho/mqtt/client.py", line 1435, in connect
    return self.reconnect()
  File "/usr/local/lib/python3.9/site-packages/paho/mqtt/client.py", line 1598, in reconnect
    self._sock = self._create_socket()
  File "/usr/local/lib/python3.9/site-packages/paho/mqtt/client.py", line 4609, in _create_socket
    sock = self._create_socket_connection()
  File "/usr/local/lib/python3.9/site-packages/paho/mqtt/client.py", line 4640, in _create_socket_connection
    return socket.create_connection(addr, timeout=self._connect_timeout, source_address=source)
  File "/usr/local/lib/python3.9/socket.py", line 856, in create_connection
    raise err
  File "/usr/local/lib/python3.9/socket.py", line 844, in create_connection
    sock.connect(sa)
socket.timeout: timed out
2024-12-06 13:23:19,918 - ValveController - ERROR - MQTT connection failed: timed out
Traceback (most recent call last):
  File "/app/valves_node.py", line 62, in connect_mqtt
    self.client.connect(self.broker_host, self.broker_port)
  File "/usr/local/lib/python3.9/site-packages/paho/mqtt/client.py", line 1435, in connect
    return self.reconnect()
  File "/usr/local/lib/python3.9/site-packages/paho/mqtt/client.py", line 1598, in reconnect
    self._sock = self._create_socket()
  File "/usr/local/lib/python3.9/site-packages/paho/mqtt/client.py", line 4609, in _create_socket
    sock = self._create_socket_connection()
  File "/usr/local/lib/python3.9/site-packages/paho/mqtt/client.py", line 4640, in _create_socket_connection
    return socket.create_connection(addr, timeout=self._connect_timeout, source_address=source)
  File "/usr/local/lib/python3.9/socket.py", line 856, in create_connection
    raise err
  File "/usr/local/lib/python3.9/socket.py", line 844, in create_connection
    sock.connect(sa)
socket.timeout: timed out
2024-12-06 13:23:29,930 - ValveController - ERROR - MQTT connection failed: timed out
Traceback (most recent call last):
  File "/app/valves_node.py", line 62, in connect_mqtt
    self.client.connect(self.broker_host, self.broker_port)
  File "/usr/local/lib/python3.9/site-packages/paho/mqtt/client.py", line 1435, in connect
    return self.reconnect()
  File "/usr/local/lib/python3.9/site-packages/paho/mqtt/client.py", line 1598, in reconnect
    self._sock = self._create_socket()
  File "/usr/local/lib/python3.9/site-packages/paho/mqtt/client.py", line 4609, in _create_socket
    sock = self._create_socket_connection()
  File "/usr/local/lib/python3.9/site-packages/paho/mqtt/client.py", line 4640, in _create_socket_connection
    return socket.create_connection(addr, timeout=self._connect_timeout, source_address=source)
  File "/usr/local/lib/python3.9/socket.py", line 856, in create_connection
    raise err
  File "/usr/local/lib/python3.9/socket.py", line 844, in create_connection
    sock.connect(sa)
socket.timeout: timed out
2024-12-06 13:23:39,942 - ValveController - ERROR - MQTT connection failed: timed out
Traceback (most recent call last):
  File "/app/valves_node.py", line 62, in connect_mqtt
    self.client.connect(self.broker_host, self.broker_port)
  File "/usr/local/lib/python3.9/site-packages/paho/mqtt/client.py", line 1435, in connect
    return self.reconnect()
  File "/usr/local/lib/python3.9/site-packages/paho/mqtt/client.py", line 1598, in reconnect
    self._sock = self._create_socket()
  File "/usr/local/lib/python3.9/site-packages/paho/mqtt/client.py", line 4609, in _create_socket
    sock = self._create_socket_connection()
  File "/usr/local/lib/python3.9/site-packages/paho/mqtt/client.py", line 4640, in _create_socket_connection
    return socket.create_connection(addr, timeout=self._connect_timeout, source_address=source)
  File "/usr/local/lib/python3.9/socket.py", line 856, in create_connection
    raise err
  File "/usr/local/lib/python3.9/socket.py", line 844, in create_connection
    sock.connect(sa)
socket.timeout: timed out
2024-12-06 13:23:49,954 - ValveController - ERROR - MQTT connection failed: timed out
Traceback (most recent call last):
  File "/app/valves_node.py", line 62, in connect_mqtt
    self.client.connect(self.broker_host, self.broker_port)
  File "/usr/local/lib/python3.9/site-packages/paho/mqtt/client.py", line 1435, in connect
    return self.reconnect()
  File "/usr/local/lib/python3.9/site-packages/paho/mqtt/client.py", line 1598, in reconnect
    self._sock = self._create_socket()
  File "/usr/local/lib/python3.9/site-packages/paho/mqtt/client.py", line 4609, in _create_socket
    sock = self._create_socket_connection()
  File "/usr/local/lib/python3.9/site-packages/paho/mqtt/client.py", line 4640, in _create_socket_connection
    return socket.create_connection(addr, timeout=self._connect_timeout, source_address=source)
  File "/usr/local/lib/python3.9/socket.py", line 856, in create_connection
    raise err
  File "/usr/local/lib/python3.9/socket.py", line 844, in create_connection
    sock.connect(sa)
socket.timeout: timed out
2024-12-06 13:23:59,966 - ValveController - ERROR - MQTT connection failed: timed out
Traceback (most recent call last):
  File "/app/valves_node.py", line 62, in connect_mqtt
    self.client.connect(self.broker_host, self.broker_port)
  File "/usr/local/lib/python3.9/site-packages/paho/mqtt/client.py", line 1435, in connect
    return self.reconnect()
  File "/usr/local/lib/python3.9/site-packages/paho/mqtt/client.py", line 1598, in reconnect
    self._sock = self._create_socket()
  File "/usr/local/lib/python3.9/site-packages/paho/mqtt/client.py", line 4609, in _create_socket
    sock = self._create_socket_connection()
  File "/usr/local/lib/python3.9/site-packages/paho/mqtt/client.py", line 4640, in _create_socket_connection
    return socket.create_connection(addr, timeout=self._connect_timeout, source_address=source)
  File "/usr/local/lib/python3.9/socket.py", line 856, in create_connection
    raise err
  File "/usr/local/lib/python3.9/socket.py", line 844, in create_connection
    sock.connect(sa)
socket.timeout: timed out
2024-12-06 13:24:09,979 - ValveController - ERROR - MQTT connection failed: timed out
Traceback (most recent call last):
  File "/app/valves_node.py", line 62, in connect_mqtt
    self.client.connect(self.broker_host, self.broker_port)
  File "/usr/local/lib/python3.9/site-packages/paho/mqtt/client.py", line 1435, in connect
    return self.reconnect()
  File "/usr/local/lib/python3.9/site-packages/paho/mqtt/client.py", line 1598, in reconnect
    self._sock = self._create_socket()
  File "/usr/local/lib/python3.9/site-packages/paho/mqtt/client.py", line 4609, in _create_socket
    sock = self._create_socket_connection()
  File "/usr/local/lib/python3.9/site-packages/paho/mqtt/client.py", line 4640, in _create_socket_connection
    return socket.create_connection(addr, timeout=self._connect_timeout, source_address=source)
  File "/usr/local/lib/python3.9/socket.py", line 856, in create_connection
    raise err
  File "/usr/local/lib/python3.9/socket.py", line 844, in create_connection
    sock.connect(sa)
socket.timeout: timed out
2024-12-06 13:24:19,992 - ValveController - ERROR - MQTT connection failed: timed out
Traceback (most recent call last):
  File "/app/valves_node.py", line 62, in connect_mqtt
    self.client.connect(self.broker_host, self.broker_port)
  File "/usr/local/lib/python3.9/site-packages/paho/mqtt/client.py", line 1435, in connect
    return self.reconnect()
  File "/usr/local/lib/python3.9/site-packages/paho/mqtt/client.py", line 1598, in reconnect
    self._sock = self._create_socket()
  File "/usr/local/lib/python3.9/site-packages/paho/mqtt/client.py", line 4609, in _create_socket
    sock = self._create_socket_connection()
  File "/usr/local/lib/python3.9/site-packages/paho/mqtt/client.py", line 4640, in _create_socket_connection
    return socket.create_connection(addr, timeout=self._connect_timeout, source_address=source)
  File "/usr/local/lib/python3.9/socket.py", line 856, in create_connection
    raise err
  File "/usr/local/lib/python3.9/socket.py", line 844, in create_connection
    sock.connect(sa)
socket.timeout: timed out
2024-12-06 13:24:30,004 - ValveController - ERROR - MQTT connection failed: timed out
Traceback (most recent call last):
  File "/app/valves_node.py", line 62, in connect_mqtt
    self.client.connect(self.broker_host, self.broker_port)
  File "/usr/local/lib/python3.9/site-packages/paho/mqtt/client.py", line 1435, in connect
    return self.reconnect()
  File "/usr/local/lib/python3.9/site-packages/paho/mqtt/client.py", line 1598, in reconnect
    self._sock = self._create_socket()
  File "/usr/local/lib/python3.9/site-packages/paho/mqtt/client.py", line 4609, in _create_socket
    sock = self._create_socket_connection()
  File "/usr/local/lib/python3.9/site-packages/paho/mqtt/client.py", line 4640, in _create_socket_connection
    return socket.create_connection(addr, timeout=self._connect_timeout, source_address=source)
  File "/usr/local/lib/python3.9/socket.py", line 856, in create_connection
    raise err
  File "/usr/local/lib/python3.9/socket.py", line 844, in create_connection
    sock.connect(sa)
socket.timeout: timed out
2024-12-06 13:24:40,017 - ValveController - ERROR - MQTT connection failed: timed out
Traceback (most recent call last):
  File "/app/valves_node.py", line 62, in connect_mqtt
    self.client.connect(self.broker_host, self.broker_port)
  File "/usr/local/lib/python3.9/site-packages/paho/mqtt/client.py", line 1435, in connect
    return self.reconnect()
  File "/usr/local/lib/python3.9/site-packages/paho/mqtt/client.py", line 1598, in reconnect
    self._sock = self._create_socket()
  File "/usr/local/lib/python3.9/site-packages/paho/mqtt/client.py", line 4609, in _create_socket
    sock = self._create_socket_connection()
  File "/usr/local/lib/python3.9/site-packages/paho/mqtt/client.py", line 4640, in _create_socket_connection
    return socket.create_connection(addr, timeout=self._connect_timeout, source_address=source)
  File "/usr/local/lib/python3.9/socket.py", line 856, in create_connection
    raise err
  File "/usr/local/lib/python3.9/socket.py", line 844, in create_connection
    sock.connect(sa)
socket.timeout: timed out
2024-12-06 13:24:50,030 - ValveController - ERROR - MQTT connection failed: timed out
Traceback (most recent call last):
  File "/app/valves_node.py", line 62, in connect_mqtt
    self.client.connect(self.broker_host, self.broker_port)
  File "/usr/local/lib/python3.9/site-packages/paho/mqtt/client.py", line 1435, in connect
    return self.reconnect()
  File "/usr/local/lib/python3.9/site-packages/paho/mqtt/client.py", line 1598, in reconnect
    self._sock = self._create_socket()
  File "/usr/local/lib/python3.9/site-packages/paho/mqtt/client.py", line 4609, in _create_socket
    sock = self._create_socket_connection()
  File "/usr/local/lib/python3.9/site-packages/paho/mqtt/client.py", line 4640, in _create_socket_connection
    return socket.create_connection(addr, timeout=self._connect_timeout, source_address=source)
  File "/usr/local/lib/python3.9/socket.py", line 856, in create_connection
    raise err
  File "/usr/local/lib/python3.9/socket.py", line 844, in create_connection
    sock.connect(sa)
socket.timeout: timed out
2024-12-06 13:25:00,043 - ValveController - ERROR - MQTT connection failed: timed out
Traceback (most recent call last):
  File "/app/valves_node.py", line 62, in connect_mqtt
    self.client.connect(self.broker_host, self.broker_port)
  File "/usr/local/lib/python3.9/site-packages/paho/mqtt/client.py", line 1435, in connect
    return self.reconnect()
  File "/usr/local/lib/python3.9/site-packages/paho/mqtt/client.py", line 1598, in reconnect
    self._sock = self._create_socket()
  File "/usr/local/lib/python3.9/site-packages/paho/mqtt/client.py", line 4609, in _create_socket
    sock = self._create_socket_connection()
  File "/usr/local/lib/python3.9/site-packages/paho/mqtt/client.py", line 4640, in _create_socket_connection
    return socket.create_connection(addr, timeout=self._connect_timeout, source_address=source)
  File "/usr/local/lib/python3.9/socket.py", line 856, in create_connection
    raise err
  File "/usr/local/lib/python3.9/socket.py", line 844, in create_connection
    sock.connect(sa)
socket.timeout: timed out
2024-12-06 13:25:10,056 - ValveController - ERROR - MQTT connection failed: timed out
Traceback (most recent call last):
  File "/app/valves_node.py", line 62, in connect_mqtt
    self.client.connect(self.broker_host, self.broker_port)
  File "/usr/local/lib/python3.9/site-packages/paho/mqtt/client.py", line 1435, in connect
    return self.reconnect()
  File "/usr/local/lib/python3.9/site-packages/paho/mqtt/client.py", line 1598, in reconnect
    self._sock = self._create_socket()
  File "/usr/local/lib/python3.9/site-packages/paho/mqtt/client.py", line 4609, in _create_socket
    sock = self._create_socket_connection()
  File "/usr/local/lib/python3.9/site-packages/paho/mqtt/client.py", line 4640, in _create_socket_connection
    return socket.create_connection(addr, timeout=self._connect_timeout, source_address=source)
  File "/usr/local/lib/python3.9/socket.py", line 856, in create_connection
    raise err
  File "/usr/local/lib/python3.9/socket.py", line 844, in create_connection
    sock.connect(sa)
socket.timeout: timed out
2024-12-06 13:25:20,068 - ValveController - ERROR - MQTT connection failed: timed out
Traceback (most recent call last):
  File "/app/valves_node.py", line 62, in connect_mqtt
    self.client.connect(self.broker_host, self.broker_port)
  File "/usr/local/lib/python3.9/site-packages/paho/mqtt/client.py", line 1435, in connect
    return self.reconnect()
  File "/usr/local/lib/python3.9/site-packages/paho/mqtt/client.py", line 1598, in reconnect
    self._sock = self._create_socket()
  File "/usr/local/lib/python3.9/site-packages/paho/mqtt/client.py", line 4609, in _create_socket
    sock = self._create_socket_connection()
  File "/usr/local/lib/python3.9/site-packages/paho/mqtt/client.py", line 4640, in _create_socket_connection
    return socket.create_connection(addr, timeout=self._connect_timeout, source_address=source)
  File "/usr/local/lib/python3.9/socket.py", line 856, in create_connection
    raise err
  File "/usr/local/lib/python3.9/socket.py", line 844, in create_connection
    sock.connect(sa)
socket.timeout: timed out
2024-12-06 13:25:30,077 - ValveController - ERROR - MQTT connection failed: timed out
Traceback (most recent call last):
  File "/app/valves_node.py", line 62, in connect_mqtt
    self.client.connect(self.broker_host, self.broker_port)
  File "/usr/local/lib/python3.9/site-packages/paho/mqtt/client.py", line 1435, in connect
    return self.reconnect()
  File "/usr/local/lib/python3.9/site-packages/paho/mqtt/client.py", line 1598, in reconnect
    self._sock = self._create_socket()
  File "/usr/local/lib/python3.9/site-packages/paho/mqtt/client.py", line 4609, in _create_socket
    sock = self._create_socket_connection()
  File "/usr/local/lib/python3.9/site-packages/paho/mqtt/client.py", line 4640, in _create_socket_connection
    return socket.create_connection(addr, timeout=self._connect_timeout, source_address=source)
  File "/usr/local/lib/python3.9/socket.py", line 856, in create_connection
    raise err
  File "/usr/local/lib/python3.9/socket.py", line 844, in create_connection
    sock.connect(sa)
socket.timeout: timed out
2024-12-06 13:25:40,090 - ValveController - ERROR - MQTT connection failed: timed out
Traceback (most recent call last):
  File "/app/valves_node.py", line 62, in connect_mqtt
    self.client.connect(self.broker_host, self.broker_port)
  File "/usr/local/lib/python3.9/site-packages/paho/mqtt/client.py", line 1435, in connect
    return self.reconnect()
  File "/usr/local/lib/python3.9/site-packages/paho/mqtt/client.py", line 1598, in reconnect
    self._sock = self._create_socket()
  File "/usr/local/lib/python3.9/site-packages/paho/mqtt/client.py", line 4609, in _create_socket
    sock = self._create_socket_connection()
  File "/usr/local/lib/python3.9/site-packages/paho/mqtt/client.py", line 4640, in _create_socket_connection
    return socket.create_connection(addr, timeout=self._connect_timeout, source_address=source)
  File "/usr/local/lib/python3.9/socket.py", line 856, in create_connection
    raise err
  File "/usr/local/lib/python3.9/socket.py", line 844, in create_connection
    sock.connect(sa)
socket.timeout: timed out
2024-12-06 13:25:50,103 - ValveController - ERROR - MQTT connection failed: timed out
Traceback (most recent call last):
  File "/app/valves_node.py", line 62, in connect_mqtt
    self.client.connect(self.broker_host, self.broker_port)
  File "/usr/local/lib/python3.9/site-packages/paho/mqtt/client.py", line 1435, in connect
    return self.reconnect()
  File "/usr/local/lib/python3.9/site-packages/paho/mqtt/client.py", line 1598, in reconnect
    self._sock = self._create_socket()
  File "/usr/local/lib/python3.9/site-packages/paho/mqtt/client.py", line 4609, in _create_socket
    sock = self._create_socket_connection()
  File "/usr/local/lib/python3.9/site-packages/paho/mqtt/client.py", line 4640, in _create_socket_connection
    return socket.create_connection(addr, timeout=self._connect_timeout, source_address=source)
  File "/usr/local/lib/python3.9/socket.py", line 856, in create_connection
    raise err
  File "/usr/local/lib/python3.9/socket.py", line 844, in create_connection
    sock.connect(sa)
socket.timeout: timed out
2024-12-06 13:26:00,116 - ValveController - ERROR - MQTT connection failed: timed out
Traceback (most recent call last):
  File "/app/valves_node.py", line 62, in connect_mqtt
    self.client.connect(self.broker_host, self.broker_port)
  File "/usr/local/lib/python3.9/site-packages/paho/mqtt/client.py", line 1435, in connect
    return self.reconnect()
  File "/usr/local/lib/python3.9/site-packages/paho/mqtt/client.py", line 1598, in reconnect
    self._sock = self._create_socket()
  File "/usr/local/lib/python3.9/site-packages/paho/mqtt/client.py", line 4609, in _create_socket
    sock = self._create_socket_connection()
  File "/usr/local/lib/python3.9/site-packages/paho/mqtt/client.py", line 4640, in _create_socket_connection
    return socket.create_connection(addr, timeout=self._connect_timeout, source_address=source)
  File "/usr/local/lib/python3.9/socket.py", line 856, in create_connection
    raise err
  File "/usr/local/lib/python3.9/socket.py", line 844, in create_connection
    sock.connect(sa)
socket.timeout: timed out
2024-12-06 13:26:10,128 - ValveController - ERROR - MQTT connection failed: timed out
Traceback (most recent call last):
  File "/app/valves_node.py", line 62, in connect_mqtt
    self.client.connect(self.broker_host, self.broker_port)
  File "/usr/local/lib/python3.9/site-packages/paho/mqtt/client.py", line 1435, in connect
    return self.reconnect()
  File "/usr/local/lib/python3.9/site-packages/paho/mqtt/client.py", line 1598, in reconnect
    self._sock = self._create_socket()
  File "/usr/local/lib/python3.9/site-packages/paho/mqtt/client.py", line 4609, in _create_socket
    sock = self._create_socket_connection()
  File "/usr/local/lib/python3.9/site-packages/paho/mqtt/client.py", line 4640, in _create_socket_connection
    return socket.create_connection(addr, timeout=self._connect_timeout, source_address=source)
  File "/usr/local/lib/python3.9/socket.py", line 856, in create_connection
    raise err
  File "/usr/local/lib/python3.9/socket.py", line 844, in create_connection
    sock.connect(sa)
socket.timeout: timed out
2024-12-06 13:26:20,141 - ValveController - ERROR - MQTT connection failed: timed out
Traceback (most recent call last):
  File "/app/valves_node.py", line 62, in connect_mqtt
    self.client.connect(self.broker_host, self.broker_port)
  File "/usr/local/lib/python3.9/site-packages/paho/mqtt/client.py", line 1435, in connect
    return self.reconnect()
  File "/usr/local/lib/python3.9/site-packages/paho/mqtt/client.py", line 1598, in reconnect
    self._sock = self._create_socket()
  File "/usr/local/lib/python3.9/site-packages/paho/mqtt/client.py", line 4609, in _create_socket
    sock = self._create_socket_connection()
  File "/usr/local/lib/python3.9/site-packages/paho/mqtt/client.py", line 4640, in _create_socket_connection
    return socket.create_connection(addr, timeout=self._connect_timeout, source_address=source)
  File "/usr/local/lib/python3.9/socket.py", line 856, in create_connection
    raise err
  File "/usr/local/lib/python3.9/socket.py", line 844, in create_connection
    sock.connect(sa)
socket.timeout: timed out
2024-12-06 13:26:30,151 - ValveController - ERROR - MQTT connection failed: timed out
Traceback (most recent call last):
  File "/app/valves_node.py", line 62, in connect_mqtt
    self.client.connect(self.broker_host, self.broker_port)
  File "/usr/local/lib/python3.9/site-packages/paho/mqtt/client.py", line 1435, in connect
    return self.reconnect()
  File "/usr/local/lib/python3.9/site-packages/paho/mqtt/client.py", line 1598, in reconnect
    self._sock = self._create_socket()
  File "/usr/local/lib/python3.9/site-packages/paho/mqtt/client.py", line 4609, in _create_socket
    sock = self._create_socket_connection()
  File "/usr/local/lib/python3.9/site-packages/paho/mqtt/client.py", line 4640, in _create_socket_connection
    return socket.create_connection(addr, timeout=self._connect_timeout, source_address=source)
  File "/usr/local/lib/python3.9/socket.py", line 856, in create_connection
    raise err
  File "/usr/local/lib/python3.9/socket.py", line 844, in create_connection
    sock.connect(sa)
socket.timeout: timed out
2024-12-06 13:26:40,163 - ValveController - ERROR - MQTT connection failed: timed out
Traceback (most recent call last):
  File "/app/valves_node.py", line 62, in connect_mqtt
    self.client.connect(self.broker_host, self.broker_port)
  File "/usr/local/lib/python3.9/site-packages/paho/mqtt/client.py", line 1435, in connect
    return self.reconnect()
  File "/usr/local/lib/python3.9/site-packages/paho/mqtt/client.py", line 1598, in reconnect
    self._sock = self._create_socket()
  File "/usr/local/lib/python3.9/site-packages/paho/mqtt/client.py", line 4609, in _create_socket
    sock = self._create_socket_connection()
  File "/usr/local/lib/python3.9/site-packages/paho/mqtt/client.py", line 4640, in _create_socket_connection
    return socket.create_connection(addr, timeout=self._connect_timeout, source_address=source)
  File "/usr/local/lib/python3.9/socket.py", line 856, in create_connection
    raise err
  File "/usr/local/lib/python3.9/socket.py", line 844, in create_connection
    sock.connect(sa)
socket.timeout: timed out
2024-12-06 13:26:50,176 - ValveController - ERROR - MQTT connection failed: timed out
Traceback (most recent call last):
  File "/app/valves_node.py", line 62, in connect_mqtt
    self.client.connect(self.broker_host, self.broker_port)
  File "/usr/local/lib/python3.9/site-packages/paho/mqtt/client.py", line 1435, in connect
    return self.reconnect()
  File "/usr/local/lib/python3.9/site-packages/paho/mqtt/client.py", line 1598, in reconnect
    self._sock = self._create_socket()
  File "/usr/local/lib/python3.9/site-packages/paho/mqtt/client.py", line 4609, in _create_socket
    sock = self._create_socket_connection()
  File "/usr/local/lib/python3.9/site-packages/paho/mqtt/client.py", line 4640, in _create_socket_connection
    return socket.create_connection(addr, timeout=self._connect_timeout, source_address=source)
  File "/usr/local/lib/python3.9/socket.py", line 856, in create_connection
    raise err
  File "/usr/local/lib/python3.9/socket.py", line 844, in create_connection
    sock.connect(sa)
socket.timeout: timed out
2024-12-06 13:27:00,182 - ValveController - ERROR - MQTT connection failed: timed out
Traceback (most recent call last):
  File "/app/valves_node.py", line 62, in connect_mqtt
    self.client.connect(self.broker_host, self.broker_port)
  File "/usr/local/lib/python3.9/site-packages/paho/mqtt/client.py", line 1435, in connect
    return self.reconnect()
  File "/usr/local/lib/python3.9/site-packages/paho/mqtt/client.py", line 1598, in reconnect
    self._sock = self._create_socket()
  File "/usr/local/lib/python3.9/site-packages/paho/mqtt/client.py", line 4609, in _create_socket
    sock = self._create_socket_connection()
  File "/usr/local/lib/python3.9/site-packages/paho/mqtt/client.py", line 4640, in _create_socket_connection
    return socket.create_connection(addr, timeout=self._connect_timeout, source_address=source)
  File "/usr/local/lib/python3.9/socket.py", line 856, in create_connection
    raise err
  File "/usr/local/lib/python3.9/socket.py", line 844, in create_connection
    sock.connect(sa)
socket.timeout: timed out
2024-12-06 13:27:10,194 - ValveController - ERROR - MQTT connection failed: timed out
Traceback (most recent call last):
  File "/app/valves_node.py", line 62, in connect_mqtt
    self.client.connect(self.broker_host, self.broker_port)
  File "/usr/local/lib/python3.9/site-packages/paho/mqtt/client.py", line 1435, in connect
    return self.reconnect()
  File "/usr/local/lib/python3.9/site-packages/paho/mqtt/client.py", line 1598, in reconnect
    self._sock = self._create_socket()
  File "/usr/local/lib/python3.9/site-packages/paho/mqtt/client.py", line 4609, in _create_socket
    sock = self._create_socket_connection()
  File "/usr/local/lib/python3.9/site-packages/paho/mqtt/client.py", line 4640, in _create_socket_connection
    return socket.create_connection(addr, timeout=self._connect_timeout, source_address=source)
  File "/usr/local/lib/python3.9/socket.py", line 856, in create_connection
    raise err
  File "/usr/local/lib/python3.9/socket.py", line 844, in create_connection
    sock.connect(sa)
socket.timeout: timed out
2024-12-06 13:27:20,207 - ValveController - ERROR - MQTT connection failed: timed out
Traceback (most recent call last):
  File "/app/valves_node.py", line 62, in connect_mqtt
    self.client.connect(self.broker_host, self.broker_port)
  File "/usr/local/lib/python3.9/site-packages/paho/mqtt/client.py", line 1435, in connect
    return self.reconnect()
  File "/usr/local/lib/python3.9/site-packages/paho/mqtt/client.py", line 1598, in reconnect
    self._sock = self._create_socket()
  File "/usr/local/lib/python3.9/site-packages/paho/mqtt/client.py", line 4609, in _create_socket
    sock = self._create_socket_connection()
  File "/usr/local/lib/python3.9/site-packages/paho/mqtt/client.py", line 4640, in _create_socket_connection
    return socket.create_connection(addr, timeout=self._connect_timeout, source_address=source)
  File "/usr/local/lib/python3.9/socket.py", line 856, in create_connection
    raise err
  File "/usr/local/lib/python3.9/socket.py", line 844, in create_connection
    sock.connect(sa)
socket.timeout: timed out
2024-12-06 13:27:30,218 - ValveController - ERROR - MQTT connection failed: timed out
Traceback (most recent call last):
  File "/app/valves_node.py", line 62, in connect_mqtt
    self.client.connect(self.broker_host, self.broker_port)
  File "/usr/local/lib/python3.9/site-packages/paho/mqtt/client.py", line 1435, in connect
    return self.reconnect()
  File "/usr/local/lib/python3.9/site-packages/paho/mqtt/client.py", line 1598, in reconnect
    self._sock = self._create_socket()
  File "/usr/local/lib/python3.9/site-packages/paho/mqtt/client.py", line 4609, in _create_socket
    sock = self._create_socket_connection()
  File "/usr/local/lib/python3.9/site-packages/paho/mqtt/client.py", line 4640, in _create_socket_connection
    return socket.create_connection(addr, timeout=self._connect_timeout, source_address=source)
  File "/usr/local/lib/python3.9/socket.py", line 856, in create_connection
    raise err
  File "/usr/local/lib/python3.9/socket.py", line 844, in create_connection
    sock.connect(sa)
socket.timeout: timed out
2024-12-06 13:27:40,226 - ValveController - ERROR - MQTT connection failed: timed out
Traceback (most recent call last):
  File "/app/valves_node.py", line 62, in connect_mqtt
    self.client.connect(self.broker_host, self.broker_port)
  File "/usr/local/lib/python3.9/site-packages/paho/mqtt/client.py", line 1435, in connect
    return self.reconnect()
  File "/usr/local/lib/python3.9/site-packages/paho/mqtt/client.py", line 1598, in reconnect
    self._sock = self._create_socket()
  File "/usr/local/lib/python3.9/site-packages/paho/mqtt/client.py", line 4609, in _create_socket
    sock = self._create_socket_connection()
  File "/usr/local/lib/python3.9/site-packages/paho/mqtt/client.py", line 4640, in _create_socket_connection
    return socket.create_connection(addr, timeout=self._connect_timeout, source_address=source)
  File "/usr/local/lib/python3.9/socket.py", line 856, in create_connection
    raise err
  File "/usr/local/lib/python3.9/socket.py", line 844, in create_connection
    sock.connect(sa)
socket.timeout: timed out
2024-12-06 13:27:50,239 - ValveController - ERROR - MQTT connection failed: timed out
Traceback (most recent call last):
  File "/app/valves_node.py", line 62, in connect_mqtt
    self.client.connect(self.broker_host, self.broker_port)
  File "/usr/local/lib/python3.9/site-packages/paho/mqtt/client.py", line 1435, in connect
    return self.reconnect()
  File "/usr/local/lib/python3.9/site-packages/paho/mqtt/client.py", line 1598, in reconnect
    self._sock = self._create_socket()
  File "/usr/local/lib/python3.9/site-packages/paho/mqtt/client.py", line 4609, in _create_socket
    sock = self._create_socket_connection()
  File "/usr/local/lib/python3.9/site-packages/paho/mqtt/client.py", line 4640, in _create_socket_connection
    return socket.create_connection(addr, timeout=self._connect_timeout, source_address=source)
  File "/usr/local/lib/python3.9/socket.py", line 856, in create_connection
    raise err
  File "/usr/local/lib/python3.9/socket.py", line 844, in create_connection
    sock.connect(sa)
socket.timeout: timed out
2024-12-06 13:28:00,251 - ValveController - ERROR - MQTT connection failed: timed out
Traceback (most recent call last):
  File "/app/valves_node.py", line 62, in connect_mqtt
    self.client.connect(self.broker_host, self.broker_port)
  File "/usr/local/lib/python3.9/site-packages/paho/mqtt/client.py", line 1435, in connect
    return self.reconnect()
  File "/usr/local/lib/python3.9/site-packages/paho/mqtt/client.py", line 1598, in reconnect
    self._sock = self._create_socket()
  File "/usr/local/lib/python3.9/site-packages/paho/mqtt/client.py", line 4609, in _create_socket
    sock = self._create_socket_connection()
  File "/usr/local/lib/python3.9/site-packages/paho/mqtt/client.py", line 4640, in _create_socket_connection
    return socket.create_connection(addr, timeout=self._connect_timeout, source_address=source)
  File "/usr/local/lib/python3.9/socket.py", line 856, in create_connection
    raise err
  File "/usr/local/lib/python3.9/socket.py", line 844, in create_connection
    sock.connect(sa)
socket.timeout: timed out
2024-12-06 13:28:10,262 - ValveController - ERROR - MQTT connection failed: timed out
Traceback (most recent call last):
  File "/app/valves_node.py", line 62, in connect_mqtt
    self.client.connect(self.broker_host, self.broker_port)
  File "/usr/local/lib/python3.9/site-packages/paho/mqtt/client.py", line 1435, in connect
    return self.reconnect()
  File "/usr/local/lib/python3.9/site-packages/paho/mqtt/client.py", line 1598, in reconnect
    self._sock = self._create_socket()
  File "/usr/local/lib/python3.9/site-packages/paho/mqtt/client.py", line 4609, in _create_socket
    sock = self._create_socket_connection()
  File "/usr/local/lib/python3.9/site-packages/paho/mqtt/client.py", line 4640, in _create_socket_connection
    return socket.create_connection(addr, timeout=self._connect_timeout, source_address=source)
  File "/usr/local/lib/python3.9/socket.py", line 856, in create_connection
    raise err
  File "/usr/local/lib/python3.9/socket.py", line 844, in create_connection
    sock.connect(sa)
socket.timeout: timed out
2024-12-06 13:28:20,274 - ValveController - ERROR - MQTT connection failed: timed out
Traceback (most recent call last):
  File "/app/valves_node.py", line 62, in connect_mqtt
    self.client.connect(self.broker_host, self.broker_port)
  File "/usr/local/lib/python3.9/site-packages/paho/mqtt/client.py", line 1435, in connect
    return self.reconnect()
  File "/usr/local/lib/python3.9/site-packages/paho/mqtt/client.py", line 1598, in reconnect
    self._sock = self._create_socket()
  File "/usr/local/lib/python3.9/site-packages/paho/mqtt/client.py", line 4609, in _create_socket
    sock = self._create_socket_connection()
  File "/usr/local/lib/python3.9/site-packages/paho/mqtt/client.py", line 4640, in _create_socket_connection
    return socket.create_connection(addr, timeout=self._connect_timeout, source_address=source)
  File "/usr/local/lib/python3.9/socket.py", line 856, in create_connection
    raise err
  File "/usr/local/lib/python3.9/socket.py", line 844, in create_connection
    sock.connect(sa)
socket.timeout: timed out
2024-12-06 13:28:30,287 - ValveController - ERROR - MQTT connection failed: timed out
Traceback (most recent call last):
  File "/app/valves_node.py", line 62, in connect_mqtt
    self.client.connect(self.broker_host, self.broker_port)
  File "/usr/local/lib/python3.9/site-packages/paho/mqtt/client.py", line 1435, in connect
    return self.reconnect()
  File "/usr/local/lib/python3.9/site-packages/paho/mqtt/client.py", line 1598, in reconnect
    self._sock = self._create_socket()
  File "/usr/local/lib/python3.9/site-packages/paho/mqtt/client.py", line 4609, in _create_socket
    sock = self._create_socket_connection()
  File "/usr/local/lib/python3.9/site-packages/paho/mqtt/client.py", line 4640, in _create_socket_connection
    return socket.create_connection(addr, timeout=self._connect_timeout, source_address=source)
  File "/usr/local/lib/python3.9/socket.py", line 856, in create_connection
    raise err
  File "/usr/local/lib/python3.9/socket.py", line 844, in create_connection
    sock.connect(sa)
socket.timeout: timed out
2024-12-06 13:28:40,300 - ValveController - ERROR - MQTT connection failed: timed out
Traceback (most recent call last):
  File "/app/valves_node.py", line 62, in connect_mqtt
    self.client.connect(self.broker_host, self.broker_port)
  File "/usr/local/lib/python3.9/site-packages/paho/mqtt/client.py", line 1435, in connect
    return self.reconnect()
  File "/usr/local/lib/python3.9/site-packages/paho/mqtt/client.py", line 1598, in reconnect
    self._sock = self._create_socket()
  File "/usr/local/lib/python3.9/site-packages/paho/mqtt/client.py", line 4609, in _create_socket
    sock = self._create_socket_connection()
  File "/usr/local/lib/python3.9/site-packages/paho/mqtt/client.py", line 4640, in _create_socket_connection
    return socket.create_connection(addr, timeout=self._connect_timeout, source_address=source)
  File "/usr/local/lib/python3.9/socket.py", line 856, in create_connection
    raise err
  File "/usr/local/lib/python3.9/socket.py", line 844, in create_connection
    sock.connect(sa)
socket.timeout: timed out
2024-12-06 13:28:50,313 - ValveController - ERROR - MQTT connection failed: timed out
Traceback (most recent call last):
  File "/app/valves_node.py", line 62, in connect_mqtt
    self.client.connect(self.broker_host, self.broker_port)
  File "/usr/local/lib/python3.9/site-packages/paho/mqtt/client.py", line 1435, in connect
    return self.reconnect()
  File "/usr/local/lib/python3.9/site-packages/paho/mqtt/client.py", line 1598, in reconnect
    self._sock = self._create_socket()
  File "/usr/local/lib/python3.9/site-packages/paho/mqtt/client.py", line 4609, in _create_socket
    sock = self._create_socket_connection()
  File "/usr/local/lib/python3.9/site-packages/paho/mqtt/client.py", line 4640, in _create_socket_connection
    return socket.create_connection(addr, timeout=self._connect_timeout, source_address=source)
  File "/usr/local/lib/python3.9/socket.py", line 856, in create_connection
    raise err
  File "/usr/local/lib/python3.9/socket.py", line 844, in create_connection
    sock.connect(sa)
socket.timeout: timed out
2024-12-06 13:29:00,322 - ValveController - ERROR - MQTT connection failed: timed out
Traceback (most recent call last):
  File "/app/valves_node.py", line 62, in connect_mqtt
    self.client.connect(self.broker_host, self.broker_port)
  File "/usr/local/lib/python3.9/site-packages/paho/mqtt/client.py", line 1435, in connect
    return self.reconnect()
  File "/usr/local/lib/python3.9/site-packages/paho/mqtt/client.py", line 1598, in reconnect
    self._sock = self._create_socket()
  File "/usr/local/lib/python3.9/site-packages/paho/mqtt/client.py", line 4609, in _create_socket
    sock = self._create_socket_connection()
  File "/usr/local/lib/python3.9/site-packages/paho/mqtt/client.py", line 4640, in _create_socket_connection
    return socket.create_connection(addr, timeout=self._connect_timeout, source_address=source)
  File "/usr/local/lib/python3.9/socket.py", line 856, in create_connection
    raise err
  File "/usr/local/lib/python3.9/socket.py", line 844, in create_connection
    sock.connect(sa)
socket.timeout: timed out
2024-12-06 13:29:10,334 - ValveController - ERROR - MQTT connection failed: timed out
Traceback (most recent call last):
  File "/app/valves_node.py", line 62, in connect_mqtt
    self.client.connect(self.broker_host, self.broker_port)
  File "/usr/local/lib/python3.9/site-packages/paho/mqtt/client.py", line 1435, in connect
    return self.reconnect()
  File "/usr/local/lib/python3.9/site-packages/paho/mqtt/client.py", line 1598, in reconnect
    self._sock = self._create_socket()
  File "/usr/local/lib/python3.9/site-packages/paho/mqtt/client.py", line 4609, in _create_socket
    sock = self._create_socket_connection()
  File "/usr/local/lib/python3.9/site-packages/paho/mqtt/client.py", line 4640, in _create_socket_connection
    return socket.create_connection(addr, timeout=self._connect_timeout, source_address=source)
  File "/usr/local/lib/python3.9/socket.py", line 856, in create_connection
    raise err
  File "/usr/local/lib/python3.9/socket.py", line 844, in create_connection
    sock.connect(sa)
socket.timeout: timed out
2024-12-06 13:29:20,343 - ValveController - ERROR - MQTT connection failed: timed out
Traceback (most recent call last):
  File "/app/valves_node.py", line 62, in connect_mqtt
    self.client.connect(self.broker_host, self.broker_port)
  File "/usr/local/lib/python3.9/site-packages/paho/mqtt/client.py", line 1435, in connect
    return self.reconnect()
  File "/usr/local/lib/python3.9/site-packages/paho/mqtt/client.py", line 1598, in reconnect
    self._sock = self._create_socket()
  File "/usr/local/lib/python3.9/site-packages/paho/mqtt/client.py", line 4609, in _create_socket
    sock = self._create_socket_connection()
  File "/usr/local/lib/python3.9/site-packages/paho/mqtt/client.py", line 4640, in _create_socket_connection
    return socket.create_connection(addr, timeout=self._connect_timeout, source_address=source)
  File "/usr/local/lib/python3.9/socket.py", line 856, in create_connection
    raise err
  File "/usr/local/lib/python3.9/socket.py", line 844, in create_connection
    sock.connect(sa)
socket.timeout: timed out
2024-12-06 13:29:30,356 - ValveController - ERROR - MQTT connection failed: timed out
Traceback (most recent call last):
  File "/app/valves_node.py", line 62, in connect_mqtt
    self.client.connect(self.broker_host, self.broker_port)
  File "/usr/local/lib/python3.9/site-packages/paho/mqtt/client.py", line 1435, in connect
    return self.reconnect()
  File "/usr/local/lib/python3.9/site-packages/paho/mqtt/client.py", line 1598, in reconnect
    self._sock = self._create_socket()
  File "/usr/local/lib/python3.9/site-packages/paho/mqtt/client.py", line 4609, in _create_socket
    sock = self._create_socket_connection()
  File "/usr/local/lib/python3.9/site-packages/paho/mqtt/client.py", line 4640, in _create_socket_connection
    return socket.create_connection(addr, timeout=self._connect_timeout, source_address=source)
  File "/usr/local/lib/python3.9/socket.py", line 856, in create_connection
    raise err
  File "/usr/local/lib/python3.9/socket.py", line 844, in create_connection
    sock.connect(sa)
socket.timeout: timed out
2024-12-06 13:29:40,369 - ValveController - ERROR - MQTT connection failed: timed out
Traceback (most recent call last):
  File "/app/valves_node.py", line 62, in connect_mqtt
    self.client.connect(self.broker_host, self.broker_port)
  File "/usr/local/lib/python3.9/site-packages/paho/mqtt/client.py", line 1435, in connect
    return self.reconnect()
  File "/usr/local/lib/python3.9/site-packages/paho/mqtt/client.py", line 1598, in reconnect
    self._sock = self._create_socket()
  File "/usr/local/lib/python3.9/site-packages/paho/mqtt/client.py", line 4609, in _create_socket
    sock = self._create_socket_connection()
  File "/usr/local/lib/python3.9/site-packages/paho/mqtt/client.py", line 4640, in _create_socket_connection
    return socket.create_connection(addr, timeout=self._connect_timeout, source_address=source)
  File "/usr/local/lib/python3.9/socket.py", line 856, in create_connection
    raise err
  File "/usr/local/lib/python3.9/socket.py", line 844, in create_connection
    sock.connect(sa)
socket.timeout: timed out
2024-12-06 13:29:50,382 - ValveController - ERROR - MQTT connection failed: timed out
Traceback (most recent call last):
  File "/app/valves_node.py", line 62, in connect_mqtt
    self.client.connect(self.broker_host, self.broker_port)
  File "/usr/local/lib/python3.9/site-packages/paho/mqtt/client.py", line 1435, in connect
    return self.reconnect()
  File "/usr/local/lib/python3.9/site-packages/paho/mqtt/client.py", line 1598, in reconnect
    self._sock = self._create_socket()
  File "/usr/local/lib/python3.9/site-packages/paho/mqtt/client.py", line 4609, in _create_socket
    sock = self._create_socket_connection()
  File "/usr/local/lib/python3.9/site-packages/paho/mqtt/client.py", line 4640, in _create_socket_connection
    return socket.create_connection(addr, timeout=self._connect_timeout, source_address=source)
  File "/usr/local/lib/python3.9/socket.py", line 856, in create_connection
    raise err
  File "/usr/local/lib/python3.9/socket.py", line 844, in create_connection
    sock.connect(sa)
socket.timeout: timed out
2024-12-06 13:30:00,392 - ValveController - ERROR - MQTT connection failed: timed out
Traceback (most recent call last):
  File "/app/valves_node.py", line 62, in connect_mqtt
    self.client.connect(self.broker_host, self.broker_port)
  File "/usr/local/lib/python3.9/site-packages/paho/mqtt/client.py", line 1435, in connect
    return self.reconnect()
  File "/usr/local/lib/python3.9/site-packages/paho/mqtt/client.py", line 1598, in reconnect
    self._sock = self._create_socket()
  File "/usr/local/lib/python3.9/site-packages/paho/mqtt/client.py", line 4609, in _create_socket
    sock = self._create_socket_connection()
  File "/usr/local/lib/python3.9/site-packages/paho/mqtt/client.py", line 4640, in _create_socket_connection
    return socket.create_connection(addr, timeout=self._connect_timeout, source_address=source)
  File "/usr/local/lib/python3.9/socket.py", line 856, in create_connection
    raise err
  File "/usr/local/lib/python3.9/socket.py", line 844, in create_connection
    sock.connect(sa)
socket.timeout: timed out
2024-12-06 13:30:10,404 - ValveController - ERROR - MQTT connection failed: timed out
Traceback (most recent call last):
  File "/app/valves_node.py", line 62, in connect_mqtt
    self.client.connect(self.broker_host, self.broker_port)
  File "/usr/local/lib/python3.9/site-packages/paho/mqtt/client.py", line 1435, in connect
    return self.reconnect()
  File "/usr/local/lib/python3.9/site-packages/paho/mqtt/client.py", line 1598, in reconnect
    self._sock = self._create_socket()
  File "/usr/local/lib/python3.9/site-packages/paho/mqtt/client.py", line 4609, in _create_socket
    sock = self._create_socket_connection()
  File "/usr/local/lib/python3.9/site-packages/paho/mqtt/client.py", line 4640, in _create_socket_connection
    return socket.create_connection(addr, timeout=self._connect_timeout, source_address=source)
  File "/usr/local/lib/python3.9/socket.py", line 856, in create_connection
    raise err
  File "/usr/local/lib/python3.9/socket.py", line 844, in create_connection
    sock.connect(sa)
socket.timeout: timed out
2024-12-06 13:30:20,417 - ValveController - ERROR - MQTT connection failed: timed out
Traceback (most recent call last):
  File "/app/valves_node.py", line 62, in connect_mqtt
    self.client.connect(self.broker_host, self.broker_port)
  File "/usr/local/lib/python3.9/site-packages/paho/mqtt/client.py", line 1435, in connect
    return self.reconnect()
  File "/usr/local/lib/python3.9/site-packages/paho/mqtt/client.py", line 1598, in reconnect
    self._sock = self._create_socket()
  File "/usr/local/lib/python3.9/site-packages/paho/mqtt/client.py", line 4609, in _create_socket
    sock = self._create_socket_connection()
  File "/usr/local/lib/python3.9/site-packages/paho/mqtt/client.py", line 4640, in _create_socket_connection
    return socket.create_connection(addr, timeout=self._connect_timeout, source_address=source)
  File "/usr/local/lib/python3.9/socket.py", line 856, in create_connection
    raise err
  File "/usr/local/lib/python3.9/socket.py", line 844, in create_connection
    sock.connect(sa)
socket.timeout: timed out
2024-12-06 13:30:30,425 - ValveController - ERROR - MQTT connection failed: timed out
Traceback (most recent call last):
  File "/app/valves_node.py", line 62, in connect_mqtt
    self.client.connect(self.broker_host, self.broker_port)
  File "/usr/local/lib/python3.9/site-packages/paho/mqtt/client.py", line 1435, in connect
    return self.reconnect()
  File "/usr/local/lib/python3.9/site-packages/paho/mqtt/client.py", line 1598, in reconnect
    self._sock = self._create_socket()
  File "/usr/local/lib/python3.9/site-packages/paho/mqtt/client.py", line 4609, in _create_socket
    sock = self._create_socket_connection()
  File "/usr/local/lib/python3.9/site-packages/paho/mqtt/client.py", line 4640, in _create_socket_connection
    return socket.create_connection(addr, timeout=self._connect_timeout, source_address=source)
  File "/usr/local/lib/python3.9/socket.py", line 856, in create_connection
    raise err
  File "/usr/local/lib/python3.9/socket.py", line 844, in create_connection
    sock.connect(sa)
socket.timeout: timed out
2024-12-06 13:30:40,438 - ValveController - ERROR - MQTT connection failed: timed out
Traceback (most recent call last):
  File "/app/valves_node.py", line 62, in connect_mqtt
    self.client.connect(self.broker_host, self.broker_port)
  File "/usr/local/lib/python3.9/site-packages/paho/mqtt/client.py", line 1435, in connect
    return self.reconnect()
  File "/usr/local/lib/python3.9/site-packages/paho/mqtt/client.py", line 1598, in reconnect
    self._sock = self._create_socket()
  File "/usr/local/lib/python3.9/site-packages/paho/mqtt/client.py", line 4609, in _create_socket
    sock = self._create_socket_connection()
  File "/usr/local/lib/python3.9/site-packages/paho/mqtt/client.py", line 4640, in _create_socket_connection
    return socket.create_connection(addr, timeout=self._connect_timeout, source_address=source)
  File "/usr/local/lib/python3.9/socket.py", line 856, in create_connection
    raise err
  File "/usr/local/lib/python3.9/socket.py", line 844, in create_connection
    sock.connect(sa)
socket.timeout: timed out
2024-12-06 13:30:50,451 - ValveController - ERROR - MQTT connection failed: timed out
Traceback (most recent call last):
  File "/app/valves_node.py", line 62, in connect_mqtt
    self.client.connect(self.broker_host, self.broker_port)
  File "/usr/local/lib/python3.9/site-packages/paho/mqtt/client.py", line 1435, in connect
    return self.reconnect()
  File "/usr/local/lib/python3.9/site-packages/paho/mqtt/client.py", line 1598, in reconnect
    self._sock = self._create_socket()
  File "/usr/local/lib/python3.9/site-packages/paho/mqtt/client.py", line 4609, in _create_socket
    sock = self._create_socket_connection()
  File "/usr/local/lib/python3.9/site-packages/paho/mqtt/client.py", line 4640, in _create_socket_connection
    return socket.create_connection(addr, timeout=self._connect_timeout, source_address=source)
  File "/usr/local/lib/python3.9/socket.py", line 856, in create_connection
    raise err
  File "/usr/local/lib/python3.9/socket.py", line 844, in create_connection
    sock.connect(sa)
socket.timeout: timed out
2024-12-06 13:31:00,464 - ValveController - ERROR - MQTT connection failed: timed out
Traceback (most recent call last):
  File "/app/valves_node.py", line 62, in connect_mqtt
    self.client.connect(self.broker_host, self.broker_port)
  File "/usr/local/lib/python3.9/site-packages/paho/mqtt/client.py", line 1435, in connect
    return self.reconnect()
  File "/usr/local/lib/python3.9/site-packages/paho/mqtt/client.py", line 1598, in reconnect
    self._sock = self._create_socket()
  File "/usr/local/lib/python3.9/site-packages/paho/mqtt/client.py", line 4609, in _create_socket
    sock = self._create_socket_connection()
  File "/usr/local/lib/python3.9/site-packages/paho/mqtt/client.py", line 4640, in _create_socket_connection
    return socket.create_connection(addr, timeout=self._connect_timeout, source_address=source)
  File "/usr/local/lib/python3.9/socket.py", line 856, in create_connection
    raise err
  File "/usr/local/lib/python3.9/socket.py", line 844, in create_connection
    sock.connect(sa)
socket.timeout: timed out
2024-12-06 13:31:10,477 - ValveController - ERROR - MQTT connection failed: timed out
Traceback (most recent call last):
  File "/app/valves_node.py", line 62, in connect_mqtt
    self.client.connect(self.broker_host, self.broker_port)
  File "/usr/local/lib/python3.9/site-packages/paho/mqtt/client.py", line 1435, in connect
    return self.reconnect()
  File "/usr/local/lib/python3.9/site-packages/paho/mqtt/client.py", line 1598, in reconnect
    self._sock = self._create_socket()
  File "/usr/local/lib/python3.9/site-packages/paho/mqtt/client.py", line 4609, in _create_socket
    sock = self._create_socket_connection()
  File "/usr/local/lib/python3.9/site-packages/paho/mqtt/client.py", line 4640, in _create_socket_connection
    return socket.create_connection(addr, timeout=self._connect_timeout, source_address=source)
  File "/usr/local/lib/python3.9/socket.py", line 856, in create_connection
    raise err
  File "/usr/local/lib/python3.9/socket.py", line 844, in create_connection
    sock.connect(sa)
socket.timeout: timed out
2024-12-06 13:31:20,485 - ValveController - ERROR - MQTT connection failed: timed out
Traceback (most recent call last):
  File "/app/valves_node.py", line 62, in connect_mqtt
    self.client.connect(self.broker_host, self.broker_port)
  File "/usr/local/lib/python3.9/site-packages/paho/mqtt/client.py", line 1435, in connect
    return self.reconnect()
  File "/usr/local/lib/python3.9/site-packages/paho/mqtt/client.py", line 1598, in reconnect
    self._sock = self._create_socket()
  File "/usr/local/lib/python3.9/site-packages/paho/mqtt/client.py", line 4609, in _create_socket
    sock = self._create_socket_connection()
  File "/usr/local/lib/python3.9/site-packages/paho/mqtt/client.py", line 4640, in _create_socket_connection
    return socket.create_connection(addr, timeout=self._connect_timeout, source_address=source)
  File "/usr/local/lib/python3.9/socket.py", line 856, in create_connection
    raise err
  File "/usr/local/lib/python3.9/socket.py", line 844, in create_connection
    sock.connect(sa)
socket.timeout: timed out
2024-12-06 13:31:30,498 - ValveController - ERROR - MQTT connection failed: timed out
Traceback (most recent call last):
  File "/app/valves_node.py", line 62, in connect_mqtt
    self.client.connect(self.broker_host, self.broker_port)
  File "/usr/local/lib/python3.9/site-packages/paho/mqtt/client.py", line 1435, in connect
    return self.reconnect()
  File "/usr/local/lib/python3.9/site-packages/paho/mqtt/client.py", line 1598, in reconnect
    self._sock = self._create_socket()
  File "/usr/local/lib/python3.9/site-packages/paho/mqtt/client.py", line 4609, in _create_socket
    sock = self._create_socket_connection()
  File "/usr/local/lib/python3.9/site-packages/paho/mqtt/client.py", line 4640, in _create_socket_connection
    return socket.create_connection(addr, timeout=self._connect_timeout, source_address=source)
  File "/usr/local/lib/python3.9/socket.py", line 856, in create_connection
    raise err
  File "/usr/local/lib/python3.9/socket.py", line 844, in create_connection
    sock.connect(sa)
socket.timeout: timed out
2024-12-06 13:31:40,511 - ValveController - ERROR - MQTT connection failed: timed out
Traceback (most recent call last):
  File "/app/valves_node.py", line 62, in connect_mqtt
    self.client.connect(self.broker_host, self.broker_port)
  File "/usr/local/lib/python3.9/site-packages/paho/mqtt/client.py", line 1435, in connect
    return self.reconnect()
  File "/usr/local/lib/python3.9/site-packages/paho/mqtt/client.py", line 1598, in reconnect
    self._sock = self._create_socket()
  File "/usr/local/lib/python3.9/site-packages/paho/mqtt/client.py", line 4609, in _create_socket
    sock = self._create_socket_connection()
  File "/usr/local/lib/python3.9/site-packages/paho/mqtt/client.py", line 4640, in _create_socket_connection
    return socket.create_connection(addr, timeout=self._connect_timeout, source_address=source)
  File "/usr/local/lib/python3.9/socket.py", line 856, in create_connection
    raise err
  File "/usr/local/lib/python3.9/socket.py", line 844, in create_connection
    sock.connect(sa)
socket.timeout: timed out
2024-12-06 13:31:50,524 - ValveController - ERROR - MQTT connection failed: timed out
Traceback (most recent call last):
  File "/app/valves_node.py", line 62, in connect_mqtt
    self.client.connect(self.broker_host, self.broker_port)
  File "/usr/local/lib/python3.9/site-packages/paho/mqtt/client.py", line 1435, in connect
    return self.reconnect()
  File "/usr/local/lib/python3.9/site-packages/paho/mqtt/client.py", line 1598, in reconnect
    self._sock = self._create_socket()
  File "/usr/local/lib/python3.9/site-packages/paho/mqtt/client.py", line 4609, in _create_socket
    sock = self._create_socket_connection()
  File "/usr/local/lib/python3.9/site-packages/paho/mqtt/client.py", line 4640, in _create_socket_connection
    return socket.create_connection(addr, timeout=self._connect_timeout, source_address=source)
  File "/usr/local/lib/python3.9/socket.py", line 856, in create_connection
    raise err
  File "/usr/local/lib/python3.9/socket.py", line 844, in create_connection
    sock.connect(sa)
socket.timeout: timed out
2024-12-06 13:32:00,532 - ValveController - ERROR - MQTT connection failed: timed out
Traceback (most recent call last):
  File "/app/valves_node.py", line 62, in connect_mqtt
    self.client.connect(self.broker_host, self.broker_port)
  File "/usr/local/lib/python3.9/site-packages/paho/mqtt/client.py", line 1435, in connect
    return self.reconnect()
  File "/usr/local/lib/python3.9/site-packages/paho/mqtt/client.py", line 1598, in reconnect
    self._sock = self._create_socket()
  File "/usr/local/lib/python3.9/site-packages/paho/mqtt/client.py", line 4609, in _create_socket
    sock = self._create_socket_connection()
  File "/usr/local/lib/python3.9/site-packages/paho/mqtt/client.py", line 4640, in _create_socket_connection
    return socket.create_connection(addr, timeout=self._connect_timeout, source_address=source)
  File "/usr/local/lib/python3.9/socket.py", line 856, in create_connection
    raise err
  File "/usr/local/lib/python3.9/socket.py", line 844, in create_connection
    sock.connect(sa)
socket.timeout: timed out
2024-12-06 13:32:10,545 - ValveController - ERROR - MQTT connection failed: timed out
Traceback (most recent call last):
  File "/app/valves_node.py", line 62, in connect_mqtt
    self.client.connect(self.broker_host, self.broker_port)
  File "/usr/local/lib/python3.9/site-packages/paho/mqtt/client.py", line 1435, in connect
    return self.reconnect()
  File "/usr/local/lib/python3.9/site-packages/paho/mqtt/client.py", line 1598, in reconnect
    self._sock = self._create_socket()
  File "/usr/local/lib/python3.9/site-packages/paho/mqtt/client.py", line 4609, in _create_socket
    sock = self._create_socket_connection()
  File "/usr/local/lib/python3.9/site-packages/paho/mqtt/client.py", line 4640, in _create_socket_connection
    return socket.create_connection(addr, timeout=self._connect_timeout, source_address=source)
  File "/usr/local/lib/python3.9/socket.py", line 856, in create_connection
    raise err
  File "/usr/local/lib/python3.9/socket.py", line 844, in create_connection
    sock.connect(sa)
socket.timeout: timed out
2024-12-06 13:32:20,557 - ValveController - ERROR - MQTT connection failed: timed out
Traceback (most recent call last):
  File "/app/valves_node.py", line 62, in connect_mqtt
    self.client.connect(self.broker_host, self.broker_port)
  File "/usr/local/lib/python3.9/site-packages/paho/mqtt/client.py", line 1435, in connect
    return self.reconnect()
  File "/usr/local/lib/python3.9/site-packages/paho/mqtt/client.py", line 1598, in reconnect
    self._sock = self._create_socket()
  File "/usr/local/lib/python3.9/site-packages/paho/mqtt/client.py", line 4609, in _create_socket
    sock = self._create_socket_connection()
  File "/usr/local/lib/python3.9/site-packages/paho/mqtt/client.py", line 4640, in _create_socket_connection
    return socket.create_connection(addr, timeout=self._connect_timeout, source_address=source)
  File "/usr/local/lib/python3.9/socket.py", line 856, in create_connection
    raise err
  File "/usr/local/lib/python3.9/socket.py", line 844, in create_connection
    sock.connect(sa)
socket.timeout: timed out
2024-12-06 13:32:30,567 - ValveController - ERROR - MQTT connection failed: timed out
Traceback (most recent call last):
  File "/app/valves_node.py", line 62, in connect_mqtt
    self.client.connect(self.broker_host, self.broker_port)
  File "/usr/local/lib/python3.9/site-packages/paho/mqtt/client.py", line 1435, in connect
    return self.reconnect()
  File "/usr/local/lib/python3.9/site-packages/paho/mqtt/client.py", line 1598, in reconnect
    self._sock = self._create_socket()
  File "/usr/local/lib/python3.9/site-packages/paho/mqtt/client.py", line 4609, in _create_socket
    sock = self._create_socket_connection()
  File "/usr/local/lib/python3.9/site-packages/paho/mqtt/client.py", line 4640, in _create_socket_connection
    return socket.create_connection(addr, timeout=self._connect_timeout, source_address=source)
  File "/usr/local/lib/python3.9/socket.py", line 856, in create_connection
    raise err
  File "/usr/local/lib/python3.9/socket.py", line 844, in create_connection
    sock.connect(sa)
socket.timeout: timed out
2024-12-06 13:32:40,578 - ValveController - ERROR - MQTT connection failed: timed out
Traceback (most recent call last):
  File "/app/valves_node.py", line 62, in connect_mqtt
    self.client.connect(self.broker_host, self.broker_port)
  File "/usr/local/lib/python3.9/site-packages/paho/mqtt/client.py", line 1435, in connect
    return self.reconnect()
  File "/usr/local/lib/python3.9/site-packages/paho/mqtt/client.py", line 1598, in reconnect
    self._sock = self._create_socket()
  File "/usr/local/lib/python3.9/site-packages/paho/mqtt/client.py", line 4609, in _create_socket
    sock = self._create_socket_connection()
  File "/usr/local/lib/python3.9/site-packages/paho/mqtt/client.py", line 4640, in _create_socket_connection
    return socket.create_connection(addr, timeout=self._connect_timeout, source_address=source)
  File "/usr/local/lib/python3.9/socket.py", line 856, in create_connection
    raise err
  File "/usr/local/lib/python3.9/socket.py", line 844, in create_connection
    sock.connect(sa)
socket.timeout: timed out
2024-12-06 13:32:50,586 - ValveController - ERROR - MQTT connection failed: timed out
Traceback (most recent call last):
  File "/app/valves_node.py", line 62, in connect_mqtt
    self.client.connect(self.broker_host, self.broker_port)
  File "/usr/local/lib/python3.9/site-packages/paho/mqtt/client.py", line 1435, in connect
    return self.reconnect()
  File "/usr/local/lib/python3.9/site-packages/paho/mqtt/client.py", line 1598, in reconnect
    self._sock = self._create_socket()
  File "/usr/local/lib/python3.9/site-packages/paho/mqtt/client.py", line 4609, in _create_socket
    sock = self._create_socket_connection()
  File "/usr/local/lib/python3.9/site-packages/paho/mqtt/client.py", line 4640, in _create_socket_connection
    return socket.create_connection(addr, timeout=self._connect_timeout, source_address=source)
  File "/usr/local/lib/python3.9/socket.py", line 856, in create_connection
    raise err
  File "/usr/local/lib/python3.9/socket.py", line 844, in create_connection
    sock.connect(sa)
socket.timeout: timed out
2024-12-06 13:33:00,600 - ValveController - ERROR - MQTT connection failed: timed out
Traceback (most recent call last):
  File "/app/valves_node.py", line 62, in connect_mqtt
    self.client.connect(self.broker_host, self.broker_port)
  File "/usr/local/lib/python3.9/site-packages/paho/mqtt/client.py", line 1435, in connect
    return self.reconnect()
  File "/usr/local/lib/python3.9/site-packages/paho/mqtt/client.py", line 1598, in reconnect
    self._sock = self._create_socket()
  File "/usr/local/lib/python3.9/site-packages/paho/mqtt/client.py", line 4609, in _create_socket
    sock = self._create_socket_connection()
  File "/usr/local/lib/python3.9/site-packages/paho/mqtt/client.py", line 4640, in _create_socket_connection
    return socket.create_connection(addr, timeout=self._connect_timeout, source_address=source)
  File "/usr/local/lib/python3.9/socket.py", line 856, in create_connection
    raise err
  File "/usr/local/lib/python3.9/socket.py", line 844, in create_connection
    sock.connect(sa)
socket.timeout: timed out
2024-12-06 13:33:10,612 - ValveController - ERROR - MQTT connection failed: timed out
Traceback (most recent call last):
  File "/app/valves_node.py", line 62, in connect_mqtt
    self.client.connect(self.broker_host, self.broker_port)
  File "/usr/local/lib/python3.9/site-packages/paho/mqtt/client.py", line 1435, in connect
    return self.reconnect()
  File "/usr/local/lib/python3.9/site-packages/paho/mqtt/client.py", line 1598, in reconnect
    self._sock = self._create_socket()
  File "/usr/local/lib/python3.9/site-packages/paho/mqtt/client.py", line 4609, in _create_socket
    sock = self._create_socket_connection()
  File "/usr/local/lib/python3.9/site-packages/paho/mqtt/client.py", line 4640, in _create_socket_connection
    return socket.create_connection(addr, timeout=self._connect_timeout, source_address=source)
  File "/usr/local/lib/python3.9/socket.py", line 856, in create_connection
    raise err
  File "/usr/local/lib/python3.9/socket.py", line 844, in create_connection
    sock.connect(sa)
socket.timeout: timed out
2024-12-06 13:33:20,622 - ValveController - ERROR - MQTT connection failed: timed out
Traceback (most recent call last):
  File "/app/valves_node.py", line 62, in connect_mqtt
    self.client.connect(self.broker_host, self.broker_port)
  File "/usr/local/lib/python3.9/site-packages/paho/mqtt/client.py", line 1435, in connect
    return self.reconnect()
  File "/usr/local/lib/python3.9/site-packages/paho/mqtt/client.py", line 1598, in reconnect
    self._sock = self._create_socket()
  File "/usr/local/lib/python3.9/site-packages/paho/mqtt/client.py", line 4609, in _create_socket
    sock = self._create_socket_connection()
  File "/usr/local/lib/python3.9/site-packages/paho/mqtt/client.py", line 4640, in _create_socket_connection
    return socket.create_connection(addr, timeout=self._connect_timeout, source_address=source)
  File "/usr/local/lib/python3.9/socket.py", line 856, in create_connection
    raise err
  File "/usr/local/lib/python3.9/socket.py", line 844, in create_connection
    sock.connect(sa)
socket.timeout: timed out
2024-12-06 13:33:30,635 - ValveController - ERROR - MQTT connection failed: timed out
Traceback (most recent call last):
  File "/app/valves_node.py", line 62, in connect_mqtt
    self.client.connect(self.broker_host, self.broker_port)
  File "/usr/local/lib/python3.9/site-packages/paho/mqtt/client.py", line 1435, in connect
    return self.reconnect()
  File "/usr/local/lib/python3.9/site-packages/paho/mqtt/client.py", line 1598, in reconnect
    self._sock = self._create_socket()
  File "/usr/local/lib/python3.9/site-packages/paho/mqtt/client.py", line 4609, in _create_socket
    sock = self._create_socket_connection()
  File "/usr/local/lib/python3.9/site-packages/paho/mqtt/client.py", line 4640, in _create_socket_connection
    return socket.create_connection(addr, timeout=self._connect_timeout, source_address=source)
  File "/usr/local/lib/python3.9/socket.py", line 856, in create_connection
    raise err
  File "/usr/local/lib/python3.9/socket.py", line 844, in create_connection
    sock.connect(sa)
socket.timeout: timed out
2024-12-06 13:33:40,647 - ValveController - ERROR - MQTT connection failed: timed out
Traceback (most recent call last):
  File "/app/valves_node.py", line 62, in connect_mqtt
    self.client.connect(self.broker_host, self.broker_port)
  File "/usr/local/lib/python3.9/site-packages/paho/mqtt/client.py", line 1435, in connect
    return self.reconnect()
  File "/usr/local/lib/python3.9/site-packages/paho/mqtt/client.py", line 1598, in reconnect
    self._sock = self._create_socket()
  File "/usr/local/lib/python3.9/site-packages/paho/mqtt/client.py", line 4609, in _create_socket
    sock = self._create_socket_connection()
  File "/usr/local/lib/python3.9/site-packages/paho/mqtt/client.py", line 4640, in _create_socket_connection
    return socket.create_connection(addr, timeout=self._connect_timeout, source_address=source)
  File "/usr/local/lib/python3.9/socket.py", line 856, in create_connection
    raise err
  File "/usr/local/lib/python3.9/socket.py", line 844, in create_connection
    sock.connect(sa)
socket.timeout: timed out
2024-12-06 13:33:50,660 - ValveController - ERROR - MQTT connection failed: timed out
Traceback (most recent call last):
  File "/app/valves_node.py", line 62, in connect_mqtt
    self.client.connect(self.broker_host, self.broker_port)
  File "/usr/local/lib/python3.9/site-packages/paho/mqtt/client.py", line 1435, in connect
    return self.reconnect()
  File "/usr/local/lib/python3.9/site-packages/paho/mqtt/client.py", line 1598, in reconnect
    self._sock = self._create_socket()
  File "/usr/local/lib/python3.9/site-packages/paho/mqtt/client.py", line 4609, in _create_socket
    sock = self._create_socket_connection()
  File "/usr/local/lib/python3.9/site-packages/paho/mqtt/client.py", line 4640, in _create_socket_connection
    return socket.create_connection(addr, timeout=self._connect_timeout, source_address=source)
  File "/usr/local/lib/python3.9/socket.py", line 856, in create_connection
    raise err
  File "/usr/local/lib/python3.9/socket.py", line 844, in create_connection
    sock.connect(sa)
socket.timeout: timed out
2024-12-06 13:34:00,672 - ValveController - ERROR - MQTT connection failed: timed out
Traceback (most recent call last):
  File "/app/valves_node.py", line 62, in connect_mqtt
    self.client.connect(self.broker_host, self.broker_port)
  File "/usr/local/lib/python3.9/site-packages/paho/mqtt/client.py", line 1435, in connect
    return self.reconnect()
  File "/usr/local/lib/python3.9/site-packages/paho/mqtt/client.py", line 1598, in reconnect
    self._sock = self._create_socket()
  File "/usr/local/lib/python3.9/site-packages/paho/mqtt/client.py", line 4609, in _create_socket
    sock = self._create_socket_connection()
  File "/usr/local/lib/python3.9/site-packages/paho/mqtt/client.py", line 4640, in _create_socket_connection
    return socket.create_connection(addr, timeout=self._connect_timeout, source_address=source)
  File "/usr/local/lib/python3.9/socket.py", line 856, in create_connection
    raise err
  File "/usr/local/lib/python3.9/socket.py", line 844, in create_connection
    sock.connect(sa)
socket.timeout: timed out
2024-12-06 13:34:10,685 - ValveController - ERROR - MQTT connection failed: timed out
Traceback (most recent call last):
  File "/app/valves_node.py", line 62, in connect_mqtt
    self.client.connect(self.broker_host, self.broker_port)
  File "/usr/local/lib/python3.9/site-packages/paho/mqtt/client.py", line 1435, in connect
    return self.reconnect()
  File "/usr/local/lib/python3.9/site-packages/paho/mqtt/client.py", line 1598, in reconnect
    self._sock = self._create_socket()
  File "/usr/local/lib/python3.9/site-packages/paho/mqtt/client.py", line 4609, in _create_socket
    sock = self._create_socket_connection()
  File "/usr/local/lib/python3.9/site-packages/paho/mqtt/client.py", line 4640, in _create_socket_connection
    return socket.create_connection(addr, timeout=self._connect_timeout, source_address=source)
  File "/usr/local/lib/python3.9/socket.py", line 856, in create_connection
    raise err
  File "/usr/local/lib/python3.9/socket.py", line 844, in create_connection
    sock.connect(sa)
socket.timeout: timed out
2024-12-06 13:34:20,694 - ValveController - ERROR - MQTT connection failed: timed out
Traceback (most recent call last):
  File "/app/valves_node.py", line 62, in connect_mqtt
    self.client.connect(self.broker_host, self.broker_port)
  File "/usr/local/lib/python3.9/site-packages/paho/mqtt/client.py", line 1435, in connect
    return self.reconnect()
  File "/usr/local/lib/python3.9/site-packages/paho/mqtt/client.py", line 1598, in reconnect
    self._sock = self._create_socket()
  File "/usr/local/lib/python3.9/site-packages/paho/mqtt/client.py", line 4609, in _create_socket
    sock = self._create_socket_connection()
  File "/usr/local/lib/python3.9/site-packages/paho/mqtt/client.py", line 4640, in _create_socket_connection
    return socket.create_connection(addr, timeout=self._connect_timeout, source_address=source)
  File "/usr/local/lib/python3.9/socket.py", line 856, in create_connection
    raise err
  File "/usr/local/lib/python3.9/socket.py", line 844, in create_connection
    sock.connect(sa)
socket.timeout: timed out
2024-12-06 13:34:30,707 - ValveController - ERROR - MQTT connection failed: timed out
Traceback (most recent call last):
  File "/app/valves_node.py", line 62, in connect_mqtt
    self.client.connect(self.broker_host, self.broker_port)
  File "/usr/local/lib/python3.9/site-packages/paho/mqtt/client.py", line 1435, in connect
    return self.reconnect()
  File "/usr/local/lib/python3.9/site-packages/paho/mqtt/client.py", line 1598, in reconnect
    self._sock = self._create_socket()
  File "/usr/local/lib/python3.9/site-packages/paho/mqtt/client.py", line 4609, in _create_socket
    sock = self._create_socket_connection()
  File "/usr/local/lib/python3.9/site-packages/paho/mqtt/client.py", line 4640, in _create_socket_connection
    return socket.create_connection(addr, timeout=self._connect_timeout, source_address=source)
  File "/usr/local/lib/python3.9/socket.py", line 856, in create_connection
    raise err
  File "/usr/local/lib/python3.9/socket.py", line 844, in create_connection
    sock.connect(sa)
socket.timeout: timed out
2024-12-06 13:34:40,716 - ValveController - ERROR - MQTT connection failed: timed out
Traceback (most recent call last):
  File "/app/valves_node.py", line 62, in connect_mqtt
    self.client.connect(self.broker_host, self.broker_port)
  File "/usr/local/lib/python3.9/site-packages/paho/mqtt/client.py", line 1435, in connect
    return self.reconnect()
  File "/usr/local/lib/python3.9/site-packages/paho/mqtt/client.py", line 1598, in reconnect
    self._sock = self._create_socket()
  File "/usr/local/lib/python3.9/site-packages/paho/mqtt/client.py", line 4609, in _create_socket
    sock = self._create_socket_connection()
  File "/usr/local/lib/python3.9/site-packages/paho/mqtt/client.py", line 4640, in _create_socket_connection
    return socket.create_connection(addr, timeout=self._connect_timeout, source_address=source)
  File "/usr/local/lib/python3.9/socket.py", line 856, in create_connection
    raise err
  File "/usr/local/lib/python3.9/socket.py", line 844, in create_connection
    sock.connect(sa)
socket.timeout: timed out
2024-12-06 13:34:50,726 - ValveController - ERROR - MQTT connection failed: timed out
Traceback (most recent call last):
  File "/app/valves_node.py", line 62, in connect_mqtt
    self.client.connect(self.broker_host, self.broker_port)
  File "/usr/local/lib/python3.9/site-packages/paho/mqtt/client.py", line 1435, in connect
    return self.reconnect()
  File "/usr/local/lib/python3.9/site-packages/paho/mqtt/client.py", line 1598, in reconnect
    self._sock = self._create_socket()
  File "/usr/local/lib/python3.9/site-packages/paho/mqtt/client.py", line 4609, in _create_socket
    sock = self._create_socket_connection()
  File "/usr/local/lib/python3.9/site-packages/paho/mqtt/client.py", line 4640, in _create_socket_connection
    return socket.create_connection(addr, timeout=self._connect_timeout, source_address=source)
  File "/usr/local/lib/python3.9/socket.py", line 856, in create_connection
    raise err
  File "/usr/local/lib/python3.9/socket.py", line 844, in create_connection
    sock.connect(sa)
socket.timeout: timed out
2024-12-06 13:35:00,734 - ValveController - ERROR - MQTT connection failed: timed out
Traceback (most recent call last):
  File "/app/valves_node.py", line 62, in connect_mqtt
    self.client.connect(self.broker_host, self.broker_port)
  File "/usr/local/lib/python3.9/site-packages/paho/mqtt/client.py", line 1435, in connect
    return self.reconnect()
  File "/usr/local/lib/python3.9/site-packages/paho/mqtt/client.py", line 1598, in reconnect
    self._sock = self._create_socket()
  File "/usr/local/lib/python3.9/site-packages/paho/mqtt/client.py", line 4609, in _create_socket
    sock = self._create_socket_connection()
  File "/usr/local/lib/python3.9/site-packages/paho/mqtt/client.py", line 4640, in _create_socket_connection
    return socket.create_connection(addr, timeout=self._connect_timeout, source_address=source)
  File "/usr/local/lib/python3.9/socket.py", line 856, in create_connection
    raise err
  File "/usr/local/lib/python3.9/socket.py", line 844, in create_connection
    sock.connect(sa)
socket.timeout: timed out
2024-12-06 13:35:10,746 - ValveController - ERROR - MQTT connection failed: timed out
Traceback (most recent call last):
  File "/app/valves_node.py", line 62, in connect_mqtt
    self.client.connect(self.broker_host, self.broker_port)
  File "/usr/local/lib/python3.9/site-packages/paho/mqtt/client.py", line 1435, in connect
    return self.reconnect()
  File "/usr/local/lib/python3.9/site-packages/paho/mqtt/client.py", line 1598, in reconnect
    self._sock = self._create_socket()
  File "/usr/local/lib/python3.9/site-packages/paho/mqtt/client.py", line 4609, in _create_socket
    sock = self._create_socket_connection()
  File "/usr/local/lib/python3.9/site-packages/paho/mqtt/client.py", line 4640, in _create_socket_connection
    return socket.create_connection(addr, timeout=self._connect_timeout, source_address=source)
  File "/usr/local/lib/python3.9/socket.py", line 856, in create_connection
    raise err
  File "/usr/local/lib/python3.9/socket.py", line 844, in create_connection
    sock.connect(sa)
socket.timeout: timed out
2024-12-06 13:35:20,758 - ValveController - ERROR - MQTT connection failed: timed out
Traceback (most recent call last):
  File "/app/valves_node.py", line 62, in connect_mqtt
    self.client.connect(self.broker_host, self.broker_port)
  File "/usr/local/lib/python3.9/site-packages/paho/mqtt/client.py", line 1435, in connect
    return self.reconnect()
  File "/usr/local/lib/python3.9/site-packages/paho/mqtt/client.py", line 1598, in reconnect
    self._sock = self._create_socket()
  File "/usr/local/lib/python3.9/site-packages/paho/mqtt/client.py", line 4609, in _create_socket
    sock = self._create_socket_connection()
  File "/usr/local/lib/python3.9/site-packages/paho/mqtt/client.py", line 4640, in _create_socket_connection
    return socket.create_connection(addr, timeout=self._connect_timeout, source_address=source)
  File "/usr/local/lib/python3.9/socket.py", line 856, in create_connection
    raise err
  File "/usr/local/lib/python3.9/socket.py", line 844, in create_connection
    sock.connect(sa)
socket.timeout: timed out
2024-12-06 13:35:30,768 - ValveController - ERROR - MQTT connection failed: timed out
Traceback (most recent call last):
  File "/app/valves_node.py", line 62, in connect_mqtt
    self.client.connect(self.broker_host, self.broker_port)
  File "/usr/local/lib/python3.9/site-packages/paho/mqtt/client.py", line 1435, in connect
    return self.reconnect()
  File "/usr/local/lib/python3.9/site-packages/paho/mqtt/client.py", line 1598, in reconnect
    self._sock = self._create_socket()
  File "/usr/local/lib/python3.9/site-packages/paho/mqtt/client.py", line 4609, in _create_socket
    sock = self._create_socket_connection()
  File "/usr/local/lib/python3.9/site-packages/paho/mqtt/client.py", line 4640, in _create_socket_connection
    return socket.create_connection(addr, timeout=self._connect_timeout, source_address=source)
  File "/usr/local/lib/python3.9/socket.py", line 856, in create_connection
    raise err
  File "/usr/local/lib/python3.9/socket.py", line 844, in create_connection
    sock.connect(sa)
socket.timeout: timed out
2024-12-06 13:35:40,780 - ValveController - ERROR - MQTT connection failed: timed out
Traceback (most recent call last):
  File "/app/valves_node.py", line 62, in connect_mqtt
    self.client.connect(self.broker_host, self.broker_port)
  File "/usr/local/lib/python3.9/site-packages/paho/mqtt/client.py", line 1435, in connect
    return self.reconnect()
  File "/usr/local/lib/python3.9/site-packages/paho/mqtt/client.py", line 1598, in reconnect
    self._sock = self._create_socket()
  File "/usr/local/lib/python3.9/site-packages/paho/mqtt/client.py", line 4609, in _create_socket
    sock = self._create_socket_connection()
  File "/usr/local/lib/python3.9/site-packages/paho/mqtt/client.py", line 4640, in _create_socket_connection
    return socket.create_connection(addr, timeout=self._connect_timeout, source_address=source)
  File "/usr/local/lib/python3.9/socket.py", line 856, in create_connection
    raise err
  File "/usr/local/lib/python3.9/socket.py", line 844, in create_connection
    sock.connect(sa)
socket.timeout: timed out
2024-12-06 13:35:50,788 - ValveController - ERROR - MQTT connection failed: timed out
Traceback (most recent call last):
  File "/app/valves_node.py", line 62, in connect_mqtt
    self.client.connect(self.broker_host, self.broker_port)
  File "/usr/local/lib/python3.9/site-packages/paho/mqtt/client.py", line 1435, in connect
    return self.reconnect()
  File "/usr/local/lib/python3.9/site-packages/paho/mqtt/client.py", line 1598, in reconnect
    self._sock = self._create_socket()
  File "/usr/local/lib/python3.9/site-packages/paho/mqtt/client.py", line 4609, in _create_socket
    sock = self._create_socket_connection()
  File "/usr/local/lib/python3.9/site-packages/paho/mqtt/client.py", line 4640, in _create_socket_connection
    return socket.create_connection(addr, timeout=self._connect_timeout, source_address=source)
  File "/usr/local/lib/python3.9/socket.py", line 856, in create_connection
    raise err
  File "/usr/local/lib/python3.9/socket.py", line 844, in create_connection
    sock.connect(sa)
socket.timeout: timed out
2024-12-06 13:36:00,797 - ValveController - ERROR - MQTT connection failed: timed out
Traceback (most recent call last):
  File "/app/valves_node.py", line 62, in connect_mqtt
    self.client.connect(self.broker_host, self.broker_port)
  File "/usr/local/lib/python3.9/site-packages/paho/mqtt/client.py", line 1435, in connect
    return self.reconnect()
  File "/usr/local/lib/python3.9/site-packages/paho/mqtt/client.py", line 1598, in reconnect
    self._sock = self._create_socket()
  File "/usr/local/lib/python3.9/site-packages/paho/mqtt/client.py", line 4609, in _create_socket
    sock = self._create_socket_connection()
  File "/usr/local/lib/python3.9/site-packages/paho/mqtt/client.py", line 4640, in _create_socket_connection
    return socket.create_connection(addr, timeout=self._connect_timeout, source_address=source)
  File "/usr/local/lib/python3.9/socket.py", line 856, in create_connection
    raise err
  File "/usr/local/lib/python3.9/socket.py", line 844, in create_connection
    sock.connect(sa)
socket.timeout: timed out
2024-12-06 13:36:10,810 - ValveController - ERROR - MQTT connection failed: timed out
Traceback (most recent call last):
  File "/app/valves_node.py", line 62, in connect_mqtt
    self.client.connect(self.broker_host, self.broker_port)
  File "/usr/local/lib/python3.9/site-packages/paho/mqtt/client.py", line 1435, in connect
    return self.reconnect()
  File "/usr/local/lib/python3.9/site-packages/paho/mqtt/client.py", line 1598, in reconnect
    self._sock = self._create_socket()
  File "/usr/local/lib/python3.9/site-packages/paho/mqtt/client.py", line 4609, in _create_socket
    sock = self._create_socket_connection()
  File "/usr/local/lib/python3.9/site-packages/paho/mqtt/client.py", line 4640, in _create_socket_connection
    return socket.create_connection(addr, timeout=self._connect_timeout, source_address=source)
  File "/usr/local/lib/python3.9/socket.py", line 856, in create_connection
    raise err
  File "/usr/local/lib/python3.9/socket.py", line 844, in create_connection
    sock.connect(sa)
socket.timeout: timed out
2024-12-06 13:36:20,823 - ValveController - ERROR - MQTT connection failed: timed out
Traceback (most recent call last):
  File "/app/valves_node.py", line 62, in connect_mqtt
    self.client.connect(self.broker_host, self.broker_port)
  File "/usr/local/lib/python3.9/site-packages/paho/mqtt/client.py", line 1435, in connect
    return self.reconnect()
  File "/usr/local/lib/python3.9/site-packages/paho/mqtt/client.py", line 1598, in reconnect
    self._sock = self._create_socket()
  File "/usr/local/lib/python3.9/site-packages/paho/mqtt/client.py", line 4609, in _create_socket
    sock = self._create_socket_connection()
  File "/usr/local/lib/python3.9/site-packages/paho/mqtt/client.py", line 4640, in _create_socket_connection
    return socket.create_connection(addr, timeout=self._connect_timeout, source_address=source)
  File "/usr/local/lib/python3.9/socket.py", line 856, in create_connection
    raise err
  File "/usr/local/lib/python3.9/socket.py", line 844, in create_connection
    sock.connect(sa)
socket.timeout: timed out
2024-12-06 13:36:30,835 - ValveController - ERROR - MQTT connection failed: timed out
Traceback (most recent call last):
  File "/app/valves_node.py", line 62, in connect_mqtt
    self.client.connect(self.broker_host, self.broker_port)
  File "/usr/local/lib/python3.9/site-packages/paho/mqtt/client.py", line 1435, in connect
    return self.reconnect()
  File "/usr/local/lib/python3.9/site-packages/paho/mqtt/client.py", line 1598, in reconnect
    self._sock = self._create_socket()
  File "/usr/local/lib/python3.9/site-packages/paho/mqtt/client.py", line 4609, in _create_socket
    sock = self._create_socket_connection()
  File "/usr/local/lib/python3.9/site-packages/paho/mqtt/client.py", line 4640, in _create_socket_connection
    return socket.create_connection(addr, timeout=self._connect_timeout, source_address=source)
  File "/usr/local/lib/python3.9/socket.py", line 856, in create_connection
    raise err
  File "/usr/local/lib/python3.9/socket.py", line 844, in create_connection
    sock.connect(sa)
socket.timeout: timed out
2024-12-06 13:36:40,845 - ValveController - ERROR - MQTT connection failed: timed out
Traceback (most recent call last):
  File "/app/valves_node.py", line 62, in connect_mqtt
    self.client.connect(self.broker_host, self.broker_port)
  File "/usr/local/lib/python3.9/site-packages/paho/mqtt/client.py", line 1435, in connect
    return self.reconnect()
  File "/usr/local/lib/python3.9/site-packages/paho/mqtt/client.py", line 1598, in reconnect
    self._sock = self._create_socket()
  File "/usr/local/lib/python3.9/site-packages/paho/mqtt/client.py", line 4609, in _create_socket
    sock = self._create_socket_connection()
  File "/usr/local/lib/python3.9/site-packages/paho/mqtt/client.py", line 4640, in _create_socket_connection
    return socket.create_connection(addr, timeout=self._connect_timeout, source_address=source)
  File "/usr/local/lib/python3.9/socket.py", line 856, in create_connection
    raise err
  File "/usr/local/lib/python3.9/socket.py", line 844, in create_connection
    sock.connect(sa)
socket.timeout: timed out
2024-12-06 13:36:50,859 - ValveController - ERROR - MQTT connection failed: timed out
Traceback (most recent call last):
  File "/app/valves_node.py", line 62, in connect_mqtt
    self.client.connect(self.broker_host, self.broker_port)
  File "/usr/local/lib/python3.9/site-packages/paho/mqtt/client.py", line 1435, in connect
    return self.reconnect()
  File "/usr/local/lib/python3.9/site-packages/paho/mqtt/client.py", line 1598, in reconnect
    self._sock = self._create_socket()
  File "/usr/local/lib/python3.9/site-packages/paho/mqtt/client.py", line 4609, in _create_socket
    sock = self._create_socket_connection()
  File "/usr/local/lib/python3.9/site-packages/paho/mqtt/client.py", line 4640, in _create_socket_connection
    return socket.create_connection(addr, timeout=self._connect_timeout, source_address=source)
  File "/usr/local/lib/python3.9/socket.py", line 856, in create_connection
    raise err
  File "/usr/local/lib/python3.9/socket.py", line 844, in create_connection
    sock.connect(sa)
socket.timeout: timed out
2024-12-06 13:37:00,872 - ValveController - ERROR - MQTT connection failed: timed out
Traceback (most recent call last):
  File "/app/valves_node.py", line 62, in connect_mqtt
    self.client.connect(self.broker_host, self.broker_port)
  File "/usr/local/lib/python3.9/site-packages/paho/mqtt/client.py", line 1435, in connect
    return self.reconnect()
  File "/usr/local/lib/python3.9/site-packages/paho/mqtt/client.py", line 1598, in reconnect
    self._sock = self._create_socket()
  File "/usr/local/lib/python3.9/site-packages/paho/mqtt/client.py", line 4609, in _create_socket
    sock = self._create_socket_connection()
  File "/usr/local/lib/python3.9/site-packages/paho/mqtt/client.py", line 4640, in _create_socket_connection
    return socket.create_connection(addr, timeout=self._connect_timeout, source_address=source)
  File "/usr/local/lib/python3.9/socket.py", line 856, in create_connection
    raise err
  File "/usr/local/lib/python3.9/socket.py", line 844, in create_connection
    sock.connect(sa)
socket.timeout: timed out
2024-12-06 13:37:10,882 - ValveController - ERROR - MQTT connection failed: timed out
Traceback (most recent call last):
  File "/app/valves_node.py", line 62, in connect_mqtt
    self.client.connect(self.broker_host, self.broker_port)
  File "/usr/local/lib/python3.9/site-packages/paho/mqtt/client.py", line 1435, in connect
    return self.reconnect()
  File "/usr/local/lib/python3.9/site-packages/paho/mqtt/client.py", line 1598, in reconnect
    self._sock = self._create_socket()
  File "/usr/local/lib/python3.9/site-packages/paho/mqtt/client.py", line 4609, in _create_socket
    sock = self._create_socket_connection()
  File "/usr/local/lib/python3.9/site-packages/paho/mqtt/client.py", line 4640, in _create_socket_connection
    return socket.create_connection(addr, timeout=self._connect_timeout, source_address=source)
  File "/usr/local/lib/python3.9/socket.py", line 856, in create_connection
    raise err
  File "/usr/local/lib/python3.9/socket.py", line 844, in create_connection
    sock.connect(sa)
socket.timeout: timed out
2024-12-06 13:37:20,895 - ValveController - ERROR - MQTT connection failed: timed out
Traceback (most recent call last):
  File "/app/valves_node.py", line 62, in connect_mqtt
    self.client.connect(self.broker_host, self.broker_port)
  File "/usr/local/lib/python3.9/site-packages/paho/mqtt/client.py", line 1435, in connect
    return self.reconnect()
  File "/usr/local/lib/python3.9/site-packages/paho/mqtt/client.py", line 1598, in reconnect
    self._sock = self._create_socket()
  File "/usr/local/lib/python3.9/site-packages/paho/mqtt/client.py", line 4609, in _create_socket
    sock = self._create_socket_connection()
  File "/usr/local/lib/python3.9/site-packages/paho/mqtt/client.py", line 4640, in _create_socket_connection
    return socket.create_connection(addr, timeout=self._connect_timeout, source_address=source)
  File "/usr/local/lib/python3.9/socket.py", line 856, in create_connection
    raise err
  File "/usr/local/lib/python3.9/socket.py", line 844, in create_connection
    sock.connect(sa)
socket.timeout: timed out
2024-12-06 13:37:30,907 - ValveController - ERROR - MQTT connection failed: timed out
Traceback (most recent call last):
  File "/app/valves_node.py", line 62, in connect_mqtt
    self.client.connect(self.broker_host, self.broker_port)
  File "/usr/local/lib/python3.9/site-packages/paho/mqtt/client.py", line 1435, in connect
    return self.reconnect()
  File "/usr/local/lib/python3.9/site-packages/paho/mqtt/client.py", line 1598, in reconnect
    self._sock = self._create_socket()
  File "/usr/local/lib/python3.9/site-packages/paho/mqtt/client.py", line 4609, in _create_socket
    sock = self._create_socket_connection()
  File "/usr/local/lib/python3.9/site-packages/paho/mqtt/client.py", line 4640, in _create_socket_connection
    return socket.create_connection(addr, timeout=self._connect_timeout, source_address=source)
  File "/usr/local/lib/python3.9/socket.py", line 856, in create_connection
    raise err
  File "/usr/local/lib/python3.9/socket.py", line 844, in create_connection
    sock.connect(sa)
socket.timeout: timed out
2024-12-06 13:37:40,920 - ValveController - ERROR - MQTT connection failed: timed out
Traceback (most recent call last):
  File "/app/valves_node.py", line 62, in connect_mqtt
    self.client.connect(self.broker_host, self.broker_port)
  File "/usr/local/lib/python3.9/site-packages/paho/mqtt/client.py", line 1435, in connect
    return self.reconnect()
  File "/usr/local/lib/python3.9/site-packages/paho/mqtt/client.py", line 1598, in reconnect
    self._sock = self._create_socket()
  File "/usr/local/lib/python3.9/site-packages/paho/mqtt/client.py", line 4609, in _create_socket
    sock = self._create_socket_connection()
  File "/usr/local/lib/python3.9/site-packages/paho/mqtt/client.py", line 4640, in _create_socket_connection
    return socket.create_connection(addr, timeout=self._connect_timeout, source_address=source)
  File "/usr/local/lib/python3.9/socket.py", line 856, in create_connection
    raise err
  File "/usr/local/lib/python3.9/socket.py", line 844, in create_connection
    sock.connect(sa)
socket.timeout: timed out
2024-12-06 13:37:50,933 - ValveController - ERROR - MQTT connection failed: timed out
Traceback (most recent call last):
  File "/app/valves_node.py", line 62, in connect_mqtt
    self.client.connect(self.broker_host, self.broker_port)
  File "/usr/local/lib/python3.9/site-packages/paho/mqtt/client.py", line 1435, in connect
    return self.reconnect()
  File "/usr/local/lib/python3.9/site-packages/paho/mqtt/client.py", line 1598, in reconnect
    self._sock = self._create_socket()
  File "/usr/local/lib/python3.9/site-packages/paho/mqtt/client.py", line 4609, in _create_socket
    sock = self._create_socket_connection()
  File "/usr/local/lib/python3.9/site-packages/paho/mqtt/client.py", line 4640, in _create_socket_connection
    return socket.create_connection(addr, timeout=self._connect_timeout, source_address=source)
  File "/usr/local/lib/python3.9/socket.py", line 856, in create_connection
    raise err
  File "/usr/local/lib/python3.9/socket.py", line 844, in create_connection
    sock.connect(sa)
socket.timeout: timed out
2024-12-06 13:38:00,946 - ValveController - ERROR - MQTT connection failed: timed out
Traceback (most recent call last):
  File "/app/valves_node.py", line 62, in connect_mqtt
    self.client.connect(self.broker_host, self.broker_port)
  File "/usr/local/lib/python3.9/site-packages/paho/mqtt/client.py", line 1435, in connect
    return self.reconnect()
  File "/usr/local/lib/python3.9/site-packages/paho/mqtt/client.py", line 1598, in reconnect
    self._sock = self._create_socket()
  File "/usr/local/lib/python3.9/site-packages/paho/mqtt/client.py", line 4609, in _create_socket
    sock = self._create_socket_connection()
  File "/usr/local/lib/python3.9/site-packages/paho/mqtt/client.py", line 4640, in _create_socket_connection
    return socket.create_connection(addr, timeout=self._connect_timeout, source_address=source)
  File "/usr/local/lib/python3.9/socket.py", line 856, in create_connection
    raise err
  File "/usr/local/lib/python3.9/socket.py", line 844, in create_connection
    sock.connect(sa)
socket.timeout: timed out
2024-12-06 13:38:10,959 - ValveController - ERROR - MQTT connection failed: timed out
Traceback (most recent call last):
  File "/app/valves_node.py", line 62, in connect_mqtt
    self.client.connect(self.broker_host, self.broker_port)
  File "/usr/local/lib/python3.9/site-packages/paho/mqtt/client.py", line 1435, in connect
    return self.reconnect()
  File "/usr/local/lib/python3.9/site-packages/paho/mqtt/client.py", line 1598, in reconnect
    self._sock = self._create_socket()
  File "/usr/local/lib/python3.9/site-packages/paho/mqtt/client.py", line 4609, in _create_socket
    sock = self._create_socket_connection()
  File "/usr/local/lib/python3.9/site-packages/paho/mqtt/client.py", line 4640, in _create_socket_connection
    return socket.create_connection(addr, timeout=self._connect_timeout, source_address=source)
  File "/usr/local/lib/python3.9/socket.py", line 856, in create_connection
    raise err
  File "/usr/local/lib/python3.9/socket.py", line 844, in create_connection
    sock.connect(sa)
socket.timeout: timed out
2024-12-06 13:38:20,971 - ValveController - ERROR - MQTT connection failed: timed out
Traceback (most recent call last):
  File "/app/valves_node.py", line 62, in connect_mqtt
    self.client.connect(self.broker_host, self.broker_port)
  File "/usr/local/lib/python3.9/site-packages/paho/mqtt/client.py", line 1435, in connect
    return self.reconnect()
  File "/usr/local/lib/python3.9/site-packages/paho/mqtt/client.py", line 1598, in reconnect
    self._sock = self._create_socket()
  File "/usr/local/lib/python3.9/site-packages/paho/mqtt/client.py", line 4609, in _create_socket
    sock = self._create_socket_connection()
  File "/usr/local/lib/python3.9/site-packages/paho/mqtt/client.py", line 4640, in _create_socket_connection
    return socket.create_connection(addr, timeout=self._connect_timeout, source_address=source)
  File "/usr/local/lib/python3.9/socket.py", line 856, in create_connection
    raise err
  File "/usr/local/lib/python3.9/socket.py", line 844, in create_connection
    sock.connect(sa)
socket.timeout: timed out
2024-12-06 13:38:30,977 - ValveController - ERROR - MQTT connection failed: timed out
Traceback (most recent call last):
  File "/app/valves_node.py", line 62, in connect_mqtt
    self.client.connect(self.broker_host, self.broker_port)
  File "/usr/local/lib/python3.9/site-packages/paho/mqtt/client.py", line 1435, in connect
    return self.reconnect()
  File "/usr/local/lib/python3.9/site-packages/paho/mqtt/client.py", line 1598, in reconnect
    self._sock = self._create_socket()
  File "/usr/local/lib/python3.9/site-packages/paho/mqtt/client.py", line 4609, in _create_socket
    sock = self._create_socket_connection()
  File "/usr/local/lib/python3.9/site-packages/paho/mqtt/client.py", line 4640, in _create_socket_connection
    return socket.create_connection(addr, timeout=self._connect_timeout, source_address=source)
  File "/usr/local/lib/python3.9/socket.py", line 856, in create_connection
    raise err
  File "/usr/local/lib/python3.9/socket.py", line 844, in create_connection
    sock.connect(sa)
socket.timeout: timed out
2024-12-06 13:38:40,991 - ValveController - ERROR - MQTT connection failed: timed out
Traceback (most recent call last):
  File "/app/valves_node.py", line 62, in connect_mqtt
    self.client.connect(self.broker_host, self.broker_port)
  File "/usr/local/lib/python3.9/site-packages/paho/mqtt/client.py", line 1435, in connect
    return self.reconnect()
  File "/usr/local/lib/python3.9/site-packages/paho/mqtt/client.py", line 1598, in reconnect
    self._sock = self._create_socket()
  File "/usr/local/lib/python3.9/site-packages/paho/mqtt/client.py", line 4609, in _create_socket
    sock = self._create_socket_connection()
  File "/usr/local/lib/python3.9/site-packages/paho/mqtt/client.py", line 4640, in _create_socket_connection
    return socket.create_connection(addr, timeout=self._connect_timeout, source_address=source)
  File "/usr/local/lib/python3.9/socket.py", line 856, in create_connection
    raise err
  File "/usr/local/lib/python3.9/socket.py", line 844, in create_connection
    sock.connect(sa)
socket.timeout: timed out
2024-12-06 13:38:51,002 - ValveController - ERROR - MQTT connection failed: timed out
Traceback (most recent call last):
  File "/app/valves_node.py", line 62, in connect_mqtt
    self.client.connect(self.broker_host, self.broker_port)
  File "/usr/local/lib/python3.9/site-packages/paho/mqtt/client.py", line 1435, in connect
    return self.reconnect()
  File "/usr/local/lib/python3.9/site-packages/paho/mqtt/client.py", line 1598, in reconnect
    self._sock = self._create_socket()
  File "/usr/local/lib/python3.9/site-packages/paho/mqtt/client.py", line 4609, in _create_socket
    sock = self._create_socket_connection()
  File "/usr/local/lib/python3.9/site-packages/paho/mqtt/client.py", line 4640, in _create_socket_connection
    return socket.create_connection(addr, timeout=self._connect_timeout, source_address=source)
  File "/usr/local/lib/python3.9/socket.py", line 856, in create_connection
    raise err
  File "/usr/local/lib/python3.9/socket.py", line 844, in create_connection
    sock.connect(sa)
socket.timeout: timed out
2024-12-06 13:39:01,015 - ValveController - ERROR - MQTT connection failed: timed out
Traceback (most recent call last):
  File "/app/valves_node.py", line 62, in connect_mqtt
    self.client.connect(self.broker_host, self.broker_port)
  File "/usr/local/lib/python3.9/site-packages/paho/mqtt/client.py", line 1435, in connect
    return self.reconnect()
  File "/usr/local/lib/python3.9/site-packages/paho/mqtt/client.py", line 1598, in reconnect
    self._sock = self._create_socket()
  File "/usr/local/lib/python3.9/site-packages/paho/mqtt/client.py", line 4609, in _create_socket
    sock = self._create_socket_connection()
  File "/usr/local/lib/python3.9/site-packages/paho/mqtt/client.py", line 4640, in _create_socket_connection
    return socket.create_connection(addr, timeout=self._connect_timeout, source_address=source)
  File "/usr/local/lib/python3.9/socket.py", line 856, in create_connection
    raise err
  File "/usr/local/lib/python3.9/socket.py", line 844, in create_connection
    sock.connect(sa)
socket.timeout: timed out
2024-12-06 13:39:11,028 - ValveController - ERROR - MQTT connection failed: timed out
Traceback (most recent call last):
  File "/app/valves_node.py", line 62, in connect_mqtt
    self.client.connect(self.broker_host, self.broker_port)
  File "/usr/local/lib/python3.9/site-packages/paho/mqtt/client.py", line 1435, in connect
    return self.reconnect()
  File "/usr/local/lib/python3.9/site-packages/paho/mqtt/client.py", line 1598, in reconnect
    self._sock = self._create_socket()
  File "/usr/local/lib/python3.9/site-packages/paho/mqtt/client.py", line 4609, in _create_socket
    sock = self._create_socket_connection()
  File "/usr/local/lib/python3.9/site-packages/paho/mqtt/client.py", line 4640, in _create_socket_connection
    return socket.create_connection(addr, timeout=self._connect_timeout, source_address=source)
  File "/usr/local/lib/python3.9/socket.py", line 856, in create_connection
    raise err
  File "/usr/local/lib/python3.9/socket.py", line 844, in create_connection
    sock.connect(sa)
socket.timeout: timed out
2024-12-06 13:39:21,038 - ValveController - ERROR - MQTT connection failed: timed out
Traceback (most recent call last):
  File "/app/valves_node.py", line 62, in connect_mqtt
    self.client.connect(self.broker_host, self.broker_port)
  File "/usr/local/lib/python3.9/site-packages/paho/mqtt/client.py", line 1435, in connect
    return self.reconnect()
  File "/usr/local/lib/python3.9/site-packages/paho/mqtt/client.py", line 1598, in reconnect
    self._sock = self._create_socket()
  File "/usr/local/lib/python3.9/site-packages/paho/mqtt/client.py", line 4609, in _create_socket
    sock = self._create_socket_connection()
  File "/usr/local/lib/python3.9/site-packages/paho/mqtt/client.py", line 4640, in _create_socket_connection
    return socket.create_connection(addr, timeout=self._connect_timeout, source_address=source)
  File "/usr/local/lib/python3.9/socket.py", line 856, in create_connection
    raise err
  File "/usr/local/lib/python3.9/socket.py", line 844, in create_connection
    sock.connect(sa)
socket.timeout: timed out
2024-12-06 13:39:31,051 - ValveController - ERROR - MQTT connection failed: timed out
Traceback (most recent call last):
  File "/app/valves_node.py", line 62, in connect_mqtt
    self.client.connect(self.broker_host, self.broker_port)
  File "/usr/local/lib/python3.9/site-packages/paho/mqtt/client.py", line 1435, in connect
    return self.reconnect()
  File "/usr/local/lib/python3.9/site-packages/paho/mqtt/client.py", line 1598, in reconnect
    self._sock = self._create_socket()
  File "/usr/local/lib/python3.9/site-packages/paho/mqtt/client.py", line 4609, in _create_socket
    sock = self._create_socket_connection()
  File "/usr/local/lib/python3.9/site-packages/paho/mqtt/client.py", line 4640, in _create_socket_connection
    return socket.create_connection(addr, timeout=self._connect_timeout, source_address=source)
  File "/usr/local/lib/python3.9/socket.py", line 856, in create_connection
    raise err
  File "/usr/local/lib/python3.9/socket.py", line 844, in create_connection
    sock.connect(sa)
socket.timeout: timed out
2024-12-06 13:39:41,062 - ValveController - ERROR - MQTT connection failed: timed out
Traceback (most recent call last):
  File "/app/valves_node.py", line 62, in connect_mqtt
    self.client.connect(self.broker_host, self.broker_port)
  File "/usr/local/lib/python3.9/site-packages/paho/mqtt/client.py", line 1435, in connect
    return self.reconnect()
  File "/usr/local/lib/python3.9/site-packages/paho/mqtt/client.py", line 1598, in reconnect
    self._sock = self._create_socket()
  File "/usr/local/lib/python3.9/site-packages/paho/mqtt/client.py", line 4609, in _create_socket
    sock = self._create_socket_connection()
  File "/usr/local/lib/python3.9/site-packages/paho/mqtt/client.py", line 4640, in _create_socket_connection
    return socket.create_connection(addr, timeout=self._connect_timeout, source_address=source)
  File "/usr/local/lib/python3.9/socket.py", line 856, in create_connection
    raise err
  File "/usr/local/lib/python3.9/socket.py", line 844, in create_connection
    sock.connect(sa)
socket.timeout: timed out
2024-12-06 13:39:51,074 - ValveController - ERROR - MQTT connection failed: timed out
Traceback (most recent call last):
  File "/app/valves_node.py", line 62, in connect_mqtt
    self.client.connect(self.broker_host, self.broker_port)
  File "/usr/local/lib/python3.9/site-packages/paho/mqtt/client.py", line 1435, in connect
    return self.reconnect()
  File "/usr/local/lib/python3.9/site-packages/paho/mqtt/client.py", line 1598, in reconnect
    self._sock = self._create_socket()
  File "/usr/local/lib/python3.9/site-packages/paho/mqtt/client.py", line 4609, in _create_socket
    sock = self._create_socket_connection()
  File "/usr/local/lib/python3.9/site-packages/paho/mqtt/client.py", line 4640, in _create_socket_connection
    return socket.create_connection(addr, timeout=self._connect_timeout, source_address=source)
  File "/usr/local/lib/python3.9/socket.py", line 856, in create_connection
    raise err
  File "/usr/local/lib/python3.9/socket.py", line 844, in create_connection
    sock.connect(sa)
socket.timeout: timed out
2024-12-06 13:40:01,085 - ValveController - ERROR - MQTT connection failed: timed out
Traceback (most recent call last):
  File "/app/valves_node.py", line 62, in connect_mqtt
    self.client.connect(self.broker_host, self.broker_port)
  File "/usr/local/lib/python3.9/site-packages/paho/mqtt/client.py", line 1435, in connect
    return self.reconnect()
  File "/usr/local/lib/python3.9/site-packages/paho/mqtt/client.py", line 1598, in reconnect
    self._sock = self._create_socket()
  File "/usr/local/lib/python3.9/site-packages/paho/mqtt/client.py", line 4609, in _create_socket
    sock = self._create_socket_connection()
  File "/usr/local/lib/python3.9/site-packages/paho/mqtt/client.py", line 4640, in _create_socket_connection
    return socket.create_connection(addr, timeout=self._connect_timeout, source_address=source)
  File "/usr/local/lib/python3.9/socket.py", line 856, in create_connection
    raise err
  File "/usr/local/lib/python3.9/socket.py", line 844, in create_connection
    sock.connect(sa)
socket.timeout: timed out
2024-12-06 13:40:11,098 - ValveController - ERROR - MQTT connection failed: timed out
Traceback (most recent call last):
  File "/app/valves_node.py", line 62, in connect_mqtt
    self.client.connect(self.broker_host, self.broker_port)
  File "/usr/local/lib/python3.9/site-packages/paho/mqtt/client.py", line 1435, in connect
    return self.reconnect()
  File "/usr/local/lib/python3.9/site-packages/paho/mqtt/client.py", line 1598, in reconnect
    self._sock = self._create_socket()
  File "/usr/local/lib/python3.9/site-packages/paho/mqtt/client.py", line 4609, in _create_socket
    sock = self._create_socket_connection()
  File "/usr/local/lib/python3.9/site-packages/paho/mqtt/client.py", line 4640, in _create_socket_connection
    return socket.create_connection(addr, timeout=self._connect_timeout, source_address=source)
  File "/usr/local/lib/python3.9/socket.py", line 856, in create_connection
    raise err
  File "/usr/local/lib/python3.9/socket.py", line 844, in create_connection
    sock.connect(sa)
socket.timeout: timed out
2024-12-06 13:40:21,108 - ValveController - ERROR - MQTT connection failed: timed out
Traceback (most recent call last):
  File "/app/valves_node.py", line 62, in connect_mqtt
    self.client.connect(self.broker_host, self.broker_port)
  File "/usr/local/lib/python3.9/site-packages/paho/mqtt/client.py", line 1435, in connect
    return self.reconnect()
  File "/usr/local/lib/python3.9/site-packages/paho/mqtt/client.py", line 1598, in reconnect
    self._sock = self._create_socket()
  File "/usr/local/lib/python3.9/site-packages/paho/mqtt/client.py", line 4609, in _create_socket
    sock = self._create_socket_connection()
  File "/usr/local/lib/python3.9/site-packages/paho/mqtt/client.py", line 4640, in _create_socket_connection
    return socket.create_connection(addr, timeout=self._connect_timeout, source_address=source)
  File "/usr/local/lib/python3.9/socket.py", line 856, in create_connection
    raise err
  File "/usr/local/lib/python3.9/socket.py", line 844, in create_connection
    sock.connect(sa)
socket.timeout: timed out
2024-12-06 13:40:31,122 - ValveController - ERROR - MQTT connection failed: timed out
Traceback (most recent call last):
  File "/app/valves_node.py", line 62, in connect_mqtt
    self.client.connect(self.broker_host, self.broker_port)
  File "/usr/local/lib/python3.9/site-packages/paho/mqtt/client.py", line 1435, in connect
    return self.reconnect()
  File "/usr/local/lib/python3.9/site-packages/paho/mqtt/client.py", line 1598, in reconnect
    self._sock = self._create_socket()
  File "/usr/local/lib/python3.9/site-packages/paho/mqtt/client.py", line 4609, in _create_socket
    sock = self._create_socket_connection()
  File "/usr/local/lib/python3.9/site-packages/paho/mqtt/client.py", line 4640, in _create_socket_connection
    return socket.create_connection(addr, timeout=self._connect_timeout, source_address=source)
  File "/usr/local/lib/python3.9/socket.py", line 856, in create_connection
    raise err
  File "/usr/local/lib/python3.9/socket.py", line 844, in create_connection
    sock.connect(sa)
socket.timeout: timed out
2024-12-06 13:40:41,130 - ValveController - ERROR - MQTT connection failed: timed out
Traceback (most recent call last):
  File "/app/valves_node.py", line 62, in connect_mqtt
    self.client.connect(self.broker_host, self.broker_port)
  File "/usr/local/lib/python3.9/site-packages/paho/mqtt/client.py", line 1435, in connect
    return self.reconnect()
  File "/usr/local/lib/python3.9/site-packages/paho/mqtt/client.py", line 1598, in reconnect
    self._sock = self._create_socket()
  File "/usr/local/lib/python3.9/site-packages/paho/mqtt/client.py", line 4609, in _create_socket
    sock = self._create_socket_connection()
  File "/usr/local/lib/python3.9/site-packages/paho/mqtt/client.py", line 4640, in _create_socket_connection
    return socket.create_connection(addr, timeout=self._connect_timeout, source_address=source)
  File "/usr/local/lib/python3.9/socket.py", line 856, in create_connection
    raise err
  File "/usr/local/lib/python3.9/socket.py", line 844, in create_connection
    sock.connect(sa)
socket.timeout: timed out
2024-12-06 13:40:51,144 - ValveController - ERROR - MQTT connection failed: timed out
Traceback (most recent call last):
  File "/app/valves_node.py", line 62, in connect_mqtt
    self.client.connect(self.broker_host, self.broker_port)
  File "/usr/local/lib/python3.9/site-packages/paho/mqtt/client.py", line 1435, in connect
    return self.reconnect()
  File "/usr/local/lib/python3.9/site-packages/paho/mqtt/client.py", line 1598, in reconnect
    self._sock = self._create_socket()
  File "/usr/local/lib/python3.9/site-packages/paho/mqtt/client.py", line 4609, in _create_socket
    sock = self._create_socket_connection()
  File "/usr/local/lib/python3.9/site-packages/paho/mqtt/client.py", line 4640, in _create_socket_connection
    return socket.create_connection(addr, timeout=self._connect_timeout, source_address=source)
  File "/usr/local/lib/python3.9/socket.py", line 856, in create_connection
    raise err
  File "/usr/local/lib/python3.9/socket.py", line 844, in create_connection
    sock.connect(sa)
socket.timeout: timed out
2024-12-06 13:41:01,154 - ValveController - ERROR - MQTT connection failed: timed out
Traceback (most recent call last):
  File "/app/valves_node.py", line 62, in connect_mqtt
    self.client.connect(self.broker_host, self.broker_port)
  File "/usr/local/lib/python3.9/site-packages/paho/mqtt/client.py", line 1435, in connect
    return self.reconnect()
  File "/usr/local/lib/python3.9/site-packages/paho/mqtt/client.py", line 1598, in reconnect
    self._sock = self._create_socket()
  File "/usr/local/lib/python3.9/site-packages/paho/mqtt/client.py", line 4609, in _create_socket
    sock = self._create_socket_connection()
  File "/usr/local/lib/python3.9/site-packages/paho/mqtt/client.py", line 4640, in _create_socket_connection
    return socket.create_connection(addr, timeout=self._connect_timeout, source_address=source)
  File "/usr/local/lib/python3.9/socket.py", line 856, in create_connection
    raise err
  File "/usr/local/lib/python3.9/socket.py", line 844, in create_connection
    sock.connect(sa)
socket.timeout: timed out
2024-12-06 13:41:11,167 - ValveController - ERROR - MQTT connection failed: timed out
Traceback (most recent call last):
  File "/app/valves_node.py", line 62, in connect_mqtt
    self.client.connect(self.broker_host, self.broker_port)
  File "/usr/local/lib/python3.9/site-packages/paho/mqtt/client.py", line 1435, in connect
    return self.reconnect()
  File "/usr/local/lib/python3.9/site-packages/paho/mqtt/client.py", line 1598, in reconnect
    self._sock = self._create_socket()
  File "/usr/local/lib/python3.9/site-packages/paho/mqtt/client.py", line 4609, in _create_socket
    sock = self._create_socket_connection()
  File "/usr/local/lib/python3.9/site-packages/paho/mqtt/client.py", line 4640, in _create_socket_connection
    return socket.create_connection(addr, timeout=self._connect_timeout, source_address=source)
  File "/usr/local/lib/python3.9/socket.py", line 856, in create_connection
    raise err
  File "/usr/local/lib/python3.9/socket.py", line 844, in create_connection
    sock.connect(sa)
socket.timeout: timed out
2024-12-06 13:41:21,179 - ValveController - ERROR - MQTT connection failed: timed out
Traceback (most recent call last):
  File "/app/valves_node.py", line 62, in connect_mqtt
    self.client.connect(self.broker_host, self.broker_port)
  File "/usr/local/lib/python3.9/site-packages/paho/mqtt/client.py", line 1435, in connect
    return self.reconnect()
  File "/usr/local/lib/python3.9/site-packages/paho/mqtt/client.py", line 1598, in reconnect
    self._sock = self._create_socket()
  File "/usr/local/lib/python3.9/site-packages/paho/mqtt/client.py", line 4609, in _create_socket
    sock = self._create_socket_connection()
  File "/usr/local/lib/python3.9/site-packages/paho/mqtt/client.py", line 4640, in _create_socket_connection
    return socket.create_connection(addr, timeout=self._connect_timeout, source_address=source)
  File "/usr/local/lib/python3.9/socket.py", line 856, in create_connection
    raise err
  File "/usr/local/lib/python3.9/socket.py", line 844, in create_connection
    sock.connect(sa)
socket.timeout: timed out
2024-12-06 13:41:31,192 - ValveController - ERROR - MQTT connection failed: timed out
Traceback (most recent call last):
  File "/app/valves_node.py", line 62, in connect_mqtt
    self.client.connect(self.broker_host, self.broker_port)
  File "/usr/local/lib/python3.9/site-packages/paho/mqtt/client.py", line 1435, in connect
    return self.reconnect()
  File "/usr/local/lib/python3.9/site-packages/paho/mqtt/client.py", line 1598, in reconnect
    self._sock = self._create_socket()
  File "/usr/local/lib/python3.9/site-packages/paho/mqtt/client.py", line 4609, in _create_socket
    sock = self._create_socket_connection()
  File "/usr/local/lib/python3.9/site-packages/paho/mqtt/client.py", line 4640, in _create_socket_connection
    return socket.create_connection(addr, timeout=self._connect_timeout, source_address=source)
  File "/usr/local/lib/python3.9/socket.py", line 856, in create_connection
    raise err
  File "/usr/local/lib/python3.9/socket.py", line 844, in create_connection
    sock.connect(sa)
socket.timeout: timed out
2024-12-06 13:41:41,203 - ValveController - ERROR - MQTT connection failed: timed out
Traceback (most recent call last):
  File "/app/valves_node.py", line 62, in connect_mqtt
    self.client.connect(self.broker_host, self.broker_port)
  File "/usr/local/lib/python3.9/site-packages/paho/mqtt/client.py", line 1435, in connect
    return self.reconnect()
  File "/usr/local/lib/python3.9/site-packages/paho/mqtt/client.py", line 1598, in reconnect
    self._sock = self._create_socket()
  File "/usr/local/lib/python3.9/site-packages/paho/mqtt/client.py", line 4609, in _create_socket
    sock = self._create_socket_connection()
  File "/usr/local/lib/python3.9/site-packages/paho/mqtt/client.py", line 4640, in _create_socket_connection
    return socket.create_connection(addr, timeout=self._connect_timeout, source_address=source)
  File "/usr/local/lib/python3.9/socket.py", line 856, in create_connection
    raise err
  File "/usr/local/lib/python3.9/socket.py", line 844, in create_connection
    sock.connect(sa)
socket.timeout: timed out
2024-12-06 13:41:51,215 - ValveController - ERROR - MQTT connection failed: timed out
Traceback (most recent call last):
  File "/app/valves_node.py", line 62, in connect_mqtt
    self.client.connect(self.broker_host, self.broker_port)
  File "/usr/local/lib/python3.9/site-packages/paho/mqtt/client.py", line 1435, in connect
    return self.reconnect()
  File "/usr/local/lib/python3.9/site-packages/paho/mqtt/client.py", line 1598, in reconnect
    self._sock = self._create_socket()
  File "/usr/local/lib/python3.9/site-packages/paho/mqtt/client.py", line 4609, in _create_socket
    sock = self._create_socket_connection()
  File "/usr/local/lib/python3.9/site-packages/paho/mqtt/client.py", line 4640, in _create_socket_connection
    return socket.create_connection(addr, timeout=self._connect_timeout, source_address=source)
  File "/usr/local/lib/python3.9/socket.py", line 856, in create_connection
    raise err
  File "/usr/local/lib/python3.9/socket.py", line 844, in create_connection
    sock.connect(sa)
socket.timeout: timed out
2024-12-06 13:42:01,225 - ValveController - ERROR - MQTT connection failed: timed out
Traceback (most recent call last):
  File "/app/valves_node.py", line 62, in connect_mqtt
    self.client.connect(self.broker_host, self.broker_port)
  File "/usr/local/lib/python3.9/site-packages/paho/mqtt/client.py", line 1435, in connect
    return self.reconnect()
  File "/usr/local/lib/python3.9/site-packages/paho/mqtt/client.py", line 1598, in reconnect
    self._sock = self._create_socket()
  File "/usr/local/lib/python3.9/site-packages/paho/mqtt/client.py", line 4609, in _create_socket
    sock = self._create_socket_connection()
  File "/usr/local/lib/python3.9/site-packages/paho/mqtt/client.py", line 4640, in _create_socket_connection
    return socket.create_connection(addr, timeout=self._connect_timeout, source_address=source)
  File "/usr/local/lib/python3.9/socket.py", line 856, in create_connection
    raise err
  File "/usr/local/lib/python3.9/socket.py", line 844, in create_connection
    sock.connect(sa)
socket.timeout: timed out
2024-12-06 13:42:11,238 - ValveController - ERROR - MQTT connection failed: timed out
Traceback (most recent call last):
  File "/app/valves_node.py", line 62, in connect_mqtt
    self.client.connect(self.broker_host, self.broker_port)
  File "/usr/local/lib/python3.9/site-packages/paho/mqtt/client.py", line 1435, in connect
    return self.reconnect()
  File "/usr/local/lib/python3.9/site-packages/paho/mqtt/client.py", line 1598, in reconnect
    self._sock = self._create_socket()
  File "/usr/local/lib/python3.9/site-packages/paho/mqtt/client.py", line 4609, in _create_socket
    sock = self._create_socket_connection()
  File "/usr/local/lib/python3.9/site-packages/paho/mqtt/client.py", line 4640, in _create_socket_connection
    return socket.create_connection(addr, timeout=self._connect_timeout, source_address=source)
  File "/usr/local/lib/python3.9/socket.py", line 856, in create_connection
    raise err
  File "/usr/local/lib/python3.9/socket.py", line 844, in create_connection
    sock.connect(sa)
socket.timeout: timed out
2024-12-06 13:42:21,251 - ValveController - ERROR - MQTT connection failed: timed out
Traceback (most recent call last):
  File "/app/valves_node.py", line 62, in connect_mqtt
    self.client.connect(self.broker_host, self.broker_port)
  File "/usr/local/lib/python3.9/site-packages/paho/mqtt/client.py", line 1435, in connect
    return self.reconnect()
  File "/usr/local/lib/python3.9/site-packages/paho/mqtt/client.py", line 1598, in reconnect
    self._sock = self._create_socket()
  File "/usr/local/lib/python3.9/site-packages/paho/mqtt/client.py", line 4609, in _create_socket
    sock = self._create_socket_connection()
  File "/usr/local/lib/python3.9/site-packages/paho/mqtt/client.py", line 4640, in _create_socket_connection
    return socket.create_connection(addr, timeout=self._connect_timeout, source_address=source)
  File "/usr/local/lib/python3.9/socket.py", line 856, in create_connection
    raise err
  File "/usr/local/lib/python3.9/socket.py", line 844, in create_connection
    sock.connect(sa)
socket.timeout: timed out
2024-12-06 13:42:31,259 - ValveController - ERROR - MQTT connection failed: timed out
Traceback (most recent call last):
  File "/app/valves_node.py", line 62, in connect_mqtt
    self.client.connect(self.broker_host, self.broker_port)
  File "/usr/local/lib/python3.9/site-packages/paho/mqtt/client.py", line 1435, in connect
    return self.reconnect()
  File "/usr/local/lib/python3.9/site-packages/paho/mqtt/client.py", line 1598, in reconnect
    self._sock = self._create_socket()
  File "/usr/local/lib/python3.9/site-packages/paho/mqtt/client.py", line 4609, in _create_socket
    sock = self._create_socket_connection()
  File "/usr/local/lib/python3.9/site-packages/paho/mqtt/client.py", line 4640, in _create_socket_connection
    return socket.create_connection(addr, timeout=self._connect_timeout, source_address=source)
  File "/usr/local/lib/python3.9/socket.py", line 856, in create_connection
    raise err
  File "/usr/local/lib/python3.9/socket.py", line 844, in create_connection
    sock.connect(sa)
socket.timeout: timed out
2024-12-06 13:42:41,272 - ValveController - ERROR - MQTT connection failed: timed out
Traceback (most recent call last):
  File "/app/valves_node.py", line 62, in connect_mqtt
    self.client.connect(self.broker_host, self.broker_port)
  File "/usr/local/lib/python3.9/site-packages/paho/mqtt/client.py", line 1435, in connect
    return self.reconnect()
  File "/usr/local/lib/python3.9/site-packages/paho/mqtt/client.py", line 1598, in reconnect
    self._sock = self._create_socket()
  File "/usr/local/lib/python3.9/site-packages/paho/mqtt/client.py", line 4609, in _create_socket
    sock = self._create_socket_connection()
  File "/usr/local/lib/python3.9/site-packages/paho/mqtt/client.py", line 4640, in _create_socket_connection
    return socket.create_connection(addr, timeout=self._connect_timeout, source_address=source)
  File "/usr/local/lib/python3.9/socket.py", line 856, in create_connection
    raise err
  File "/usr/local/lib/python3.9/socket.py", line 844, in create_connection
    sock.connect(sa)
socket.timeout: timed out
2024-12-06 13:42:51,283 - ValveController - ERROR - MQTT connection failed: timed out
Traceback (most recent call last):
  File "/app/valves_node.py", line 62, in connect_mqtt
    self.client.connect(self.broker_host, self.broker_port)
  File "/usr/local/lib/python3.9/site-packages/paho/mqtt/client.py", line 1435, in connect
    return self.reconnect()
  File "/usr/local/lib/python3.9/site-packages/paho/mqtt/client.py", line 1598, in reconnect
    self._sock = self._create_socket()
  File "/usr/local/lib/python3.9/site-packages/paho/mqtt/client.py", line 4609, in _create_socket
    sock = self._create_socket_connection()
  File "/usr/local/lib/python3.9/site-packages/paho/mqtt/client.py", line 4640, in _create_socket_connection
    return socket.create_connection(addr, timeout=self._connect_timeout, source_address=source)
  File "/usr/local/lib/python3.9/socket.py", line 856, in create_connection
    raise err
  File "/usr/local/lib/python3.9/socket.py", line 844, in create_connection
    sock.connect(sa)
socket.timeout: timed out
2024-12-06 13:43:01,296 - ValveController - ERROR - MQTT connection failed: timed out
Traceback (most recent call last):
  File "/app/valves_node.py", line 62, in connect_mqtt
    self.client.connect(self.broker_host, self.broker_port)
  File "/usr/local/lib/python3.9/site-packages/paho/mqtt/client.py", line 1435, in connect
    return self.reconnect()
  File "/usr/local/lib/python3.9/site-packages/paho/mqtt/client.py", line 1598, in reconnect
    self._sock = self._create_socket()
  File "/usr/local/lib/python3.9/site-packages/paho/mqtt/client.py", line 4609, in _create_socket
    sock = self._create_socket_connection()
  File "/usr/local/lib/python3.9/site-packages/paho/mqtt/client.py", line 4640, in _create_socket_connection
    return socket.create_connection(addr, timeout=self._connect_timeout, source_address=source)
  File "/usr/local/lib/python3.9/socket.py", line 856, in create_connection
    raise err
  File "/usr/local/lib/python3.9/socket.py", line 844, in create_connection
    sock.connect(sa)
socket.timeout: timed out
2024-12-06 13:43:11,303 - ValveController - ERROR - MQTT connection failed: timed out
Traceback (most recent call last):
  File "/app/valves_node.py", line 62, in connect_mqtt
    self.client.connect(self.broker_host, self.broker_port)
  File "/usr/local/lib/python3.9/site-packages/paho/mqtt/client.py", line 1435, in connect
    return self.reconnect()
  File "/usr/local/lib/python3.9/site-packages/paho/mqtt/client.py", line 1598, in reconnect
    self._sock = self._create_socket()
  File "/usr/local/lib/python3.9/site-packages/paho/mqtt/client.py", line 4609, in _create_socket
    sock = self._create_socket_connection()
  File "/usr/local/lib/python3.9/site-packages/paho/mqtt/client.py", line 4640, in _create_socket_connection
    return socket.create_connection(addr, timeout=self._connect_timeout, source_address=source)
  File "/usr/local/lib/python3.9/socket.py", line 856, in create_connection
    raise err
  File "/usr/local/lib/python3.9/socket.py", line 844, in create_connection
    sock.connect(sa)
socket.timeout: timed out
2024-12-06 13:43:21,314 - ValveController - ERROR - MQTT connection failed: timed out
Traceback (most recent call last):
  File "/app/valves_node.py", line 62, in connect_mqtt
    self.client.connect(self.broker_host, self.broker_port)
  File "/usr/local/lib/python3.9/site-packages/paho/mqtt/client.py", line 1435, in connect
    return self.reconnect()
  File "/usr/local/lib/python3.9/site-packages/paho/mqtt/client.py", line 1598, in reconnect
    self._sock = self._create_socket()
  File "/usr/local/lib/python3.9/site-packages/paho/mqtt/client.py", line 4609, in _create_socket
    sock = self._create_socket_connection()
  File "/usr/local/lib/python3.9/site-packages/paho/mqtt/client.py", line 4640, in _create_socket_connection
    return socket.create_connection(addr, timeout=self._connect_timeout, source_address=source)
  File "/usr/local/lib/python3.9/socket.py", line 856, in create_connection
    raise err
  File "/usr/local/lib/python3.9/socket.py", line 844, in create_connection
    sock.connect(sa)
socket.timeout: timed out
2024-12-06 13:43:31,324 - ValveController - ERROR - MQTT connection failed: timed out
Traceback (most recent call last):
  File "/app/valves_node.py", line 62, in connect_mqtt
    self.client.connect(self.broker_host, self.broker_port)
  File "/usr/local/lib/python3.9/site-packages/paho/mqtt/client.py", line 1435, in connect
    return self.reconnect()
  File "/usr/local/lib/python3.9/site-packages/paho/mqtt/client.py", line 1598, in reconnect
    self._sock = self._create_socket()
  File "/usr/local/lib/python3.9/site-packages/paho/mqtt/client.py", line 4609, in _create_socket
    sock = self._create_socket_connection()
  File "/usr/local/lib/python3.9/site-packages/paho/mqtt/client.py", line 4640, in _create_socket_connection
    return socket.create_connection(addr, timeout=self._connect_timeout, source_address=source)
  File "/usr/local/lib/python3.9/socket.py", line 856, in create_connection
    raise err
  File "/usr/local/lib/python3.9/socket.py", line 844, in create_connection
    sock.connect(sa)
socket.timeout: timed out
2024-12-06 13:43:41,336 - ValveController - ERROR - MQTT connection failed: timed out
Traceback (most recent call last):
  File "/app/valves_node.py", line 62, in connect_mqtt
    self.client.connect(self.broker_host, self.broker_port)
  File "/usr/local/lib/python3.9/site-packages/paho/mqtt/client.py", line 1435, in connect
    return self.reconnect()
  File "/usr/local/lib/python3.9/site-packages/paho/mqtt/client.py", line 1598, in reconnect
    self._sock = self._create_socket()
  File "/usr/local/lib/python3.9/site-packages/paho/mqtt/client.py", line 4609, in _create_socket
    sock = self._create_socket_connection()
  File "/usr/local/lib/python3.9/site-packages/paho/mqtt/client.py", line 4640, in _create_socket_connection
    return socket.create_connection(addr, timeout=self._connect_timeout, source_address=source)
  File "/usr/local/lib/python3.9/socket.py", line 856, in create_connection
    raise err
  File "/usr/local/lib/python3.9/socket.py", line 844, in create_connection
    sock.connect(sa)
socket.timeout: timed out
2024-12-06 13:43:51,349 - ValveController - ERROR - MQTT connection failed: timed out
Traceback (most recent call last):
  File "/app/valves_node.py", line 62, in connect_mqtt
    self.client.connect(self.broker_host, self.broker_port)
  File "/usr/local/lib/python3.9/site-packages/paho/mqtt/client.py", line 1435, in connect
    return self.reconnect()
  File "/usr/local/lib/python3.9/site-packages/paho/mqtt/client.py", line 1598, in reconnect
    self._sock = self._create_socket()
  File "/usr/local/lib/python3.9/site-packages/paho/mqtt/client.py", line 4609, in _create_socket
    sock = self._create_socket_connection()
  File "/usr/local/lib/python3.9/site-packages/paho/mqtt/client.py", line 4640, in _create_socket_connection
    return socket.create_connection(addr, timeout=self._connect_timeout, source_address=source)
  File "/usr/local/lib/python3.9/socket.py", line 856, in create_connection
    raise err
  File "/usr/local/lib/python3.9/socket.py", line 844, in create_connection
    sock.connect(sa)
socket.timeout: timed out
2024-12-06 13:44:01,362 - ValveController - ERROR - MQTT connection failed: timed out
Traceback (most recent call last):
  File "/app/valves_node.py", line 62, in connect_mqtt
    self.client.connect(self.broker_host, self.broker_port)
  File "/usr/local/lib/python3.9/site-packages/paho/mqtt/client.py", line 1435, in connect
    return self.reconnect()
  File "/usr/local/lib/python3.9/site-packages/paho/mqtt/client.py", line 1598, in reconnect
    self._sock = self._create_socket()
  File "/usr/local/lib/python3.9/site-packages/paho/mqtt/client.py", line 4609, in _create_socket
    sock = self._create_socket_connection()
  File "/usr/local/lib/python3.9/site-packages/paho/mqtt/client.py", line 4640, in _create_socket_connection
    return socket.create_connection(addr, timeout=self._connect_timeout, source_address=source)
  File "/usr/local/lib/python3.9/socket.py", line 856, in create_connection
    raise err
  File "/usr/local/lib/python3.9/socket.py", line 844, in create_connection
    sock.connect(sa)
socket.timeout: timed out
2024-12-06 13:44:11,374 - ValveController - ERROR - MQTT connection failed: timed out
Traceback (most recent call last):
  File "/app/valves_node.py", line 62, in connect_mqtt
    self.client.connect(self.broker_host, self.broker_port)
  File "/usr/local/lib/python3.9/site-packages/paho/mqtt/client.py", line 1435, in connect
    return self.reconnect()
  File "/usr/local/lib/python3.9/site-packages/paho/mqtt/client.py", line 1598, in reconnect
    self._sock = self._create_socket()
  File "/usr/local/lib/python3.9/site-packages/paho/mqtt/client.py", line 4609, in _create_socket
    sock = self._create_socket_connection()
  File "/usr/local/lib/python3.9/site-packages/paho/mqtt/client.py", line 4640, in _create_socket_connection
    return socket.create_connection(addr, timeout=self._connect_timeout, source_address=source)
  File "/usr/local/lib/python3.9/socket.py", line 856, in create_connection
    raise err
  File "/usr/local/lib/python3.9/socket.py", line 844, in create_connection
    sock.connect(sa)
socket.timeout: timed out
2024-12-06 13:44:21,382 - ValveController - ERROR - MQTT connection failed: timed out
Traceback (most recent call last):
  File "/app/valves_node.py", line 62, in connect_mqtt
    self.client.connect(self.broker_host, self.broker_port)
  File "/usr/local/lib/python3.9/site-packages/paho/mqtt/client.py", line 1435, in connect
    return self.reconnect()
  File "/usr/local/lib/python3.9/site-packages/paho/mqtt/client.py", line 1598, in reconnect
    self._sock = self._create_socket()
  File "/usr/local/lib/python3.9/site-packages/paho/mqtt/client.py", line 4609, in _create_socket
    sock = self._create_socket_connection()
  File "/usr/local/lib/python3.9/site-packages/paho/mqtt/client.py", line 4640, in _create_socket_connection
    return socket.create_connection(addr, timeout=self._connect_timeout, source_address=source)
  File "/usr/local/lib/python3.9/socket.py", line 856, in create_connection
    raise err
  File "/usr/local/lib/python3.9/socket.py", line 844, in create_connection
    sock.connect(sa)
socket.timeout: timed out
2024-12-06 13:44:31,395 - ValveController - ERROR - MQTT connection failed: timed out
Traceback (most recent call last):
  File "/app/valves_node.py", line 62, in connect_mqtt
    self.client.connect(self.broker_host, self.broker_port)
  File "/usr/local/lib/python3.9/site-packages/paho/mqtt/client.py", line 1435, in connect
    return self.reconnect()
  File "/usr/local/lib/python3.9/site-packages/paho/mqtt/client.py", line 1598, in reconnect
    self._sock = self._create_socket()
  File "/usr/local/lib/python3.9/site-packages/paho/mqtt/client.py", line 4609, in _create_socket
    sock = self._create_socket_connection()
  File "/usr/local/lib/python3.9/site-packages/paho/mqtt/client.py", line 4640, in _create_socket_connection
    return socket.create_connection(addr, timeout=self._connect_timeout, source_address=source)
  File "/usr/local/lib/python3.9/socket.py", line 856, in create_connection
    raise err
  File "/usr/local/lib/python3.9/socket.py", line 844, in create_connection
    sock.connect(sa)
socket.timeout: timed out
2024-12-06 13:44:41,408 - ValveController - ERROR - MQTT connection failed: timed out
Traceback (most recent call last):
  File "/app/valves_node.py", line 62, in connect_mqtt
    self.client.connect(self.broker_host, self.broker_port)
  File "/usr/local/lib/python3.9/site-packages/paho/mqtt/client.py", line 1435, in connect
    return self.reconnect()
  File "/usr/local/lib/python3.9/site-packages/paho/mqtt/client.py", line 1598, in reconnect
    self._sock = self._create_socket()
  File "/usr/local/lib/python3.9/site-packages/paho/mqtt/client.py", line 4609, in _create_socket
    sock = self._create_socket_connection()
  File "/usr/local/lib/python3.9/site-packages/paho/mqtt/client.py", line 4640, in _create_socket_connection
    return socket.create_connection(addr, timeout=self._connect_timeout, source_address=source)
  File "/usr/local/lib/python3.9/socket.py", line 856, in create_connection
    raise err
  File "/usr/local/lib/python3.9/socket.py", line 844, in create_connection
    sock.connect(sa)
socket.timeout: timed out
2024-12-06 13:44:51,420 - ValveController - ERROR - MQTT connection failed: timed out
Traceback (most recent call last):
  File "/app/valves_node.py", line 62, in connect_mqtt
    self.client.connect(self.broker_host, self.broker_port)
  File "/usr/local/lib/python3.9/site-packages/paho/mqtt/client.py", line 1435, in connect
    return self.reconnect()
  File "/usr/local/lib/python3.9/site-packages/paho/mqtt/client.py", line 1598, in reconnect
    self._sock = self._create_socket()
  File "/usr/local/lib/python3.9/site-packages/paho/mqtt/client.py", line 4609, in _create_socket
    sock = self._create_socket_connection()
  File "/usr/local/lib/python3.9/site-packages/paho/mqtt/client.py", line 4640, in _create_socket_connection
    return socket.create_connection(addr, timeout=self._connect_timeout, source_address=source)
  File "/usr/local/lib/python3.9/socket.py", line 856, in create_connection
    raise err
  File "/usr/local/lib/python3.9/socket.py", line 844, in create_connection
    sock.connect(sa)
socket.timeout: timed out
2024-12-06 13:45:01,433 - ValveController - ERROR - MQTT connection failed: timed out
Traceback (most recent call last):
  File "/app/valves_node.py", line 62, in connect_mqtt
    self.client.connect(self.broker_host, self.broker_port)
  File "/usr/local/lib/python3.9/site-packages/paho/mqtt/client.py", line 1435, in connect
    return self.reconnect()
  File "/usr/local/lib/python3.9/site-packages/paho/mqtt/client.py", line 1598, in reconnect
    self._sock = self._create_socket()
  File "/usr/local/lib/python3.9/site-packages/paho/mqtt/client.py", line 4609, in _create_socket
    sock = self._create_socket_connection()
  File "/usr/local/lib/python3.9/site-packages/paho/mqtt/client.py", line 4640, in _create_socket_connection
    return socket.create_connection(addr, timeout=self._connect_timeout, source_address=source)
  File "/usr/local/lib/python3.9/socket.py", line 856, in create_connection
    raise err
  File "/usr/local/lib/python3.9/socket.py", line 844, in create_connection
    sock.connect(sa)
socket.timeout: timed out
2024-12-06 13:45:11,446 - ValveController - ERROR - MQTT connection failed: timed out
Traceback (most recent call last):
  File "/app/valves_node.py", line 62, in connect_mqtt
    self.client.connect(self.broker_host, self.broker_port)
  File "/usr/local/lib/python3.9/site-packages/paho/mqtt/client.py", line 1435, in connect
    return self.reconnect()
  File "/usr/local/lib/python3.9/site-packages/paho/mqtt/client.py", line 1598, in reconnect
    self._sock = self._create_socket()
  File "/usr/local/lib/python3.9/site-packages/paho/mqtt/client.py", line 4609, in _create_socket
    sock = self._create_socket_connection()
  File "/usr/local/lib/python3.9/site-packages/paho/mqtt/client.py", line 4640, in _create_socket_connection
    return socket.create_connection(addr, timeout=self._connect_timeout, source_address=source)
  File "/usr/local/lib/python3.9/socket.py", line 856, in create_connection
    raise err
  File "/usr/local/lib/python3.9/socket.py", line 844, in create_connection
    sock.connect(sa)
socket.timeout: timed out
2024-12-06 13:45:21,458 - ValveController - ERROR - MQTT connection failed: timed out
Traceback (most recent call last):
  File "/app/valves_node.py", line 62, in connect_mqtt
    self.client.connect(self.broker_host, self.broker_port)
  File "/usr/local/lib/python3.9/site-packages/paho/mqtt/client.py", line 1435, in connect
    return self.reconnect()
  File "/usr/local/lib/python3.9/site-packages/paho/mqtt/client.py", line 1598, in reconnect
    self._sock = self._create_socket()
  File "/usr/local/lib/python3.9/site-packages/paho/mqtt/client.py", line 4609, in _create_socket
    sock = self._create_socket_connection()
  File "/usr/local/lib/python3.9/site-packages/paho/mqtt/client.py", line 4640, in _create_socket_connection
    return socket.create_connection(addr, timeout=self._connect_timeout, source_address=source)
  File "/usr/local/lib/python3.9/socket.py", line 856, in create_connection
    raise err
  File "/usr/local/lib/python3.9/socket.py", line 844, in create_connection
    sock.connect(sa)
socket.timeout: timed out
2024-12-06 13:45:31,467 - ValveController - ERROR - MQTT connection failed: timed out
Traceback (most recent call last):
  File "/app/valves_node.py", line 62, in connect_mqtt
    self.client.connect(self.broker_host, self.broker_port)
  File "/usr/local/lib/python3.9/site-packages/paho/mqtt/client.py", line 1435, in connect
    return self.reconnect()
  File "/usr/local/lib/python3.9/site-packages/paho/mqtt/client.py", line 1598, in reconnect
    self._sock = self._create_socket()
  File "/usr/local/lib/python3.9/site-packages/paho/mqtt/client.py", line 4609, in _create_socket
    sock = self._create_socket_connection()
  File "/usr/local/lib/python3.9/site-packages/paho/mqtt/client.py", line 4640, in _create_socket_connection
    return socket.create_connection(addr, timeout=self._connect_timeout, source_address=source)
  File "/usr/local/lib/python3.9/socket.py", line 856, in create_connection
    raise err
  File "/usr/local/lib/python3.9/socket.py", line 844, in create_connection
    sock.connect(sa)
socket.timeout: timed out
2024-12-06 13:45:41,474 - ValveController - ERROR - MQTT connection failed: timed out
Traceback (most recent call last):
  File "/app/valves_node.py", line 62, in connect_mqtt
    self.client.connect(self.broker_host, self.broker_port)
  File "/usr/local/lib/python3.9/site-packages/paho/mqtt/client.py", line 1435, in connect
    return self.reconnect()
  File "/usr/local/lib/python3.9/site-packages/paho/mqtt/client.py", line 1598, in reconnect
    self._sock = self._create_socket()
  File "/usr/local/lib/python3.9/site-packages/paho/mqtt/client.py", line 4609, in _create_socket
    sock = self._create_socket_connection()
  File "/usr/local/lib/python3.9/site-packages/paho/mqtt/client.py", line 4640, in _create_socket_connection
    return socket.create_connection(addr, timeout=self._connect_timeout, source_address=source)
  File "/usr/local/lib/python3.9/socket.py", line 856, in create_connection
    raise err
  File "/usr/local/lib/python3.9/socket.py", line 844, in create_connection
    sock.connect(sa)
socket.timeout: timed out
2024-12-06 13:45:51,486 - ValveController - ERROR - MQTT connection failed: timed out
Traceback (most recent call last):
  File "/app/valves_node.py", line 62, in connect_mqtt
    self.client.connect(self.broker_host, self.broker_port)
  File "/usr/local/lib/python3.9/site-packages/paho/mqtt/client.py", line 1435, in connect
    return self.reconnect()
  File "/usr/local/lib/python3.9/site-packages/paho/mqtt/client.py", line 1598, in reconnect
    self._sock = self._create_socket()
  File "/usr/local/lib/python3.9/site-packages/paho/mqtt/client.py", line 4609, in _create_socket
    sock = self._create_socket_connection()
  File "/usr/local/lib/python3.9/site-packages/paho/mqtt/client.py", line 4640, in _create_socket_connection
    return socket.create_connection(addr, timeout=self._connect_timeout, source_address=source)
  File "/usr/local/lib/python3.9/socket.py", line 856, in create_connection
    raise err
  File "/usr/local/lib/python3.9/socket.py", line 844, in create_connection
    sock.connect(sa)
socket.timeout: timed out
2024-12-06 13:46:01,495 - ValveController - ERROR - MQTT connection failed: timed out
Traceback (most recent call last):
  File "/app/valves_node.py", line 62, in connect_mqtt
    self.client.connect(self.broker_host, self.broker_port)
  File "/usr/local/lib/python3.9/site-packages/paho/mqtt/client.py", line 1435, in connect
    return self.reconnect()
  File "/usr/local/lib/python3.9/site-packages/paho/mqtt/client.py", line 1598, in reconnect
    self._sock = self._create_socket()
  File "/usr/local/lib/python3.9/site-packages/paho/mqtt/client.py", line 4609, in _create_socket
    sock = self._create_socket_connection()
  File "/usr/local/lib/python3.9/site-packages/paho/mqtt/client.py", line 4640, in _create_socket_connection
    return socket.create_connection(addr, timeout=self._connect_timeout, source_address=source)
  File "/usr/local/lib/python3.9/socket.py", line 856, in create_connection
    raise err
  File "/usr/local/lib/python3.9/socket.py", line 844, in create_connection
    sock.connect(sa)
socket.timeout: timed out
2024-12-06 13:46:11,504 - ValveController - ERROR - MQTT connection failed: timed out
Traceback (most recent call last):
  File "/app/valves_node.py", line 62, in connect_mqtt
    self.client.connect(self.broker_host, self.broker_port)
  File "/usr/local/lib/python3.9/site-packages/paho/mqtt/client.py", line 1435, in connect
    return self.reconnect()
  File "/usr/local/lib/python3.9/site-packages/paho/mqtt/client.py", line 1598, in reconnect
    self._sock = self._create_socket()
  File "/usr/local/lib/python3.9/site-packages/paho/mqtt/client.py", line 4609, in _create_socket
    sock = self._create_socket_connection()
  File "/usr/local/lib/python3.9/site-packages/paho/mqtt/client.py", line 4640, in _create_socket_connection
    return socket.create_connection(addr, timeout=self._connect_timeout, source_address=source)
  File "/usr/local/lib/python3.9/socket.py", line 856, in create_connection
    raise err
  File "/usr/local/lib/python3.9/socket.py", line 844, in create_connection
    sock.connect(sa)
socket.timeout: timed out
2024-12-06 13:46:21,516 - ValveController - ERROR - MQTT connection failed: timed out
Traceback (most recent call last):
  File "/app/valves_node.py", line 62, in connect_mqtt
    self.client.connect(self.broker_host, self.broker_port)
  File "/usr/local/lib/python3.9/site-packages/paho/mqtt/client.py", line 1435, in connect
    return self.reconnect()
  File "/usr/local/lib/python3.9/site-packages/paho/mqtt/client.py", line 1598, in reconnect
    self._sock = self._create_socket()
  File "/usr/local/lib/python3.9/site-packages/paho/mqtt/client.py", line 4609, in _create_socket
    sock = self._create_socket_connection()
  File "/usr/local/lib/python3.9/site-packages/paho/mqtt/client.py", line 4640, in _create_socket_connection
    return socket.create_connection(addr, timeout=self._connect_timeout, source_address=source)
  File "/usr/local/lib/python3.9/socket.py", line 856, in create_connection
    raise err
  File "/usr/local/lib/python3.9/socket.py", line 844, in create_connection
    sock.connect(sa)
socket.timeout: timed out
2024-12-06 13:46:31,520 - ValveController - ERROR - MQTT connection failed: timed out
Traceback (most recent call last):
  File "/app/valves_node.py", line 62, in connect_mqtt
    self.client.connect(self.broker_host, self.broker_port)
  File "/usr/local/lib/python3.9/site-packages/paho/mqtt/client.py", line 1435, in connect
    return self.reconnect()
  File "/usr/local/lib/python3.9/site-packages/paho/mqtt/client.py", line 1598, in reconnect
    self._sock = self._create_socket()
  File "/usr/local/lib/python3.9/site-packages/paho/mqtt/client.py", line 4609, in _create_socket
    sock = self._create_socket_connection()
  File "/usr/local/lib/python3.9/site-packages/paho/mqtt/client.py", line 4640, in _create_socket_connection
    return socket.create_connection(addr, timeout=self._connect_timeout, source_address=source)
  File "/usr/local/lib/python3.9/socket.py", line 856, in create_connection
    raise err
  File "/usr/local/lib/python3.9/socket.py", line 844, in create_connection
    sock.connect(sa)
socket.timeout: timed out
2024-12-06 13:46:41,530 - ValveController - ERROR - MQTT connection failed: timed out
Traceback (most recent call last):
  File "/app/valves_node.py", line 62, in connect_mqtt
    self.client.connect(self.broker_host, self.broker_port)
  File "/usr/local/lib/python3.9/site-packages/paho/mqtt/client.py", line 1435, in connect
    return self.reconnect()
  File "/usr/local/lib/python3.9/site-packages/paho/mqtt/client.py", line 1598, in reconnect
    self._sock = self._create_socket()
  File "/usr/local/lib/python3.9/site-packages/paho/mqtt/client.py", line 4609, in _create_socket
    sock = self._create_socket_connection()
  File "/usr/local/lib/python3.9/site-packages/paho/mqtt/client.py", line 4640, in _create_socket_connection
    return socket.create_connection(addr, timeout=self._connect_timeout, source_address=source)
  File "/usr/local/lib/python3.9/socket.py", line 856, in create_connection
    raise err
  File "/usr/local/lib/python3.9/socket.py", line 844, in create_connection
    sock.connect(sa)
socket.timeout: timed out
2024-12-06 13:46:51,543 - ValveController - ERROR - MQTT connection failed: timed out
Traceback (most recent call last):
  File "/app/valves_node.py", line 62, in connect_mqtt
    self.client.connect(self.broker_host, self.broker_port)
  File "/usr/local/lib/python3.9/site-packages/paho/mqtt/client.py", line 1435, in connect
    return self.reconnect()
  File "/usr/local/lib/python3.9/site-packages/paho/mqtt/client.py", line 1598, in reconnect
    self._sock = self._create_socket()
  File "/usr/local/lib/python3.9/site-packages/paho/mqtt/client.py", line 4609, in _create_socket
    sock = self._create_socket_connection()
  File "/usr/local/lib/python3.9/site-packages/paho/mqtt/client.py", line 4640, in _create_socket_connection
    return socket.create_connection(addr, timeout=self._connect_timeout, source_address=source)
  File "/usr/local/lib/python3.9/socket.py", line 856, in create_connection
    raise err
  File "/usr/local/lib/python3.9/socket.py", line 844, in create_connection
    sock.connect(sa)
socket.timeout: timed out
2024-12-06 13:47:01,554 - ValveController - ERROR - MQTT connection failed: timed out
Traceback (most recent call last):
  File "/app/valves_node.py", line 62, in connect_mqtt
    self.client.connect(self.broker_host, self.broker_port)
  File "/usr/local/lib/python3.9/site-packages/paho/mqtt/client.py", line 1435, in connect
    return self.reconnect()
  File "/usr/local/lib/python3.9/site-packages/paho/mqtt/client.py", line 1598, in reconnect
    self._sock = self._create_socket()
  File "/usr/local/lib/python3.9/site-packages/paho/mqtt/client.py", line 4609, in _create_socket
    sock = self._create_socket_connection()
  File "/usr/local/lib/python3.9/site-packages/paho/mqtt/client.py", line 4640, in _create_socket_connection
    return socket.create_connection(addr, timeout=self._connect_timeout, source_address=source)
  File "/usr/local/lib/python3.9/socket.py", line 856, in create_connection
    raise err
  File "/usr/local/lib/python3.9/socket.py", line 844, in create_connection
    sock.connect(sa)
socket.timeout: timed out
2024-12-06 13:47:11,567 - ValveController - ERROR - MQTT connection failed: timed out
Traceback (most recent call last):
  File "/app/valves_node.py", line 62, in connect_mqtt
    self.client.connect(self.broker_host, self.broker_port)
  File "/usr/local/lib/python3.9/site-packages/paho/mqtt/client.py", line 1435, in connect
    return self.reconnect()
  File "/usr/local/lib/python3.9/site-packages/paho/mqtt/client.py", line 1598, in reconnect
    self._sock = self._create_socket()
  File "/usr/local/lib/python3.9/site-packages/paho/mqtt/client.py", line 4609, in _create_socket
    sock = self._create_socket_connection()
  File "/usr/local/lib/python3.9/site-packages/paho/mqtt/client.py", line 4640, in _create_socket_connection
    return socket.create_connection(addr, timeout=self._connect_timeout, source_address=source)
  File "/usr/local/lib/python3.9/socket.py", line 856, in create_connection
    raise err
  File "/usr/local/lib/python3.9/socket.py", line 844, in create_connection
    sock.connect(sa)
socket.timeout: timed out
2024-12-06 13:47:21,580 - ValveController - ERROR - MQTT connection failed: timed out
Traceback (most recent call last):
  File "/app/valves_node.py", line 62, in connect_mqtt
    self.client.connect(self.broker_host, self.broker_port)
  File "/usr/local/lib/python3.9/site-packages/paho/mqtt/client.py", line 1435, in connect
    return self.reconnect()
  File "/usr/local/lib/python3.9/site-packages/paho/mqtt/client.py", line 1598, in reconnect
    self._sock = self._create_socket()
  File "/usr/local/lib/python3.9/site-packages/paho/mqtt/client.py", line 4609, in _create_socket
    sock = self._create_socket_connection()
  File "/usr/local/lib/python3.9/site-packages/paho/mqtt/client.py", line 4640, in _create_socket_connection
    return socket.create_connection(addr, timeout=self._connect_timeout, source_address=source)
  File "/usr/local/lib/python3.9/socket.py", line 856, in create_connection
    raise err
  File "/usr/local/lib/python3.9/socket.py", line 844, in create_connection
    sock.connect(sa)
socket.timeout: timed out
2024-12-06 13:47:31,590 - ValveController - ERROR - MQTT connection failed: timed out
Traceback (most recent call last):
  File "/app/valves_node.py", line 62, in connect_mqtt
    self.client.connect(self.broker_host, self.broker_port)
  File "/usr/local/lib/python3.9/site-packages/paho/mqtt/client.py", line 1435, in connect
    return self.reconnect()
  File "/usr/local/lib/python3.9/site-packages/paho/mqtt/client.py", line 1598, in reconnect
    self._sock = self._create_socket()
  File "/usr/local/lib/python3.9/site-packages/paho/mqtt/client.py", line 4609, in _create_socket
    sock = self._create_socket_connection()
  File "/usr/local/lib/python3.9/site-packages/paho/mqtt/client.py", line 4640, in _create_socket_connection
    return socket.create_connection(addr, timeout=self._connect_timeout, source_address=source)
  File "/usr/local/lib/python3.9/socket.py", line 856, in create_connection
    raise err
  File "/usr/local/lib/python3.9/socket.py", line 844, in create_connection
    sock.connect(sa)
socket.timeout: timed out
2024-12-06 13:47:41,602 - ValveController - ERROR - MQTT connection failed: timed out
Traceback (most recent call last):
  File "/app/valves_node.py", line 62, in connect_mqtt
    self.client.connect(self.broker_host, self.broker_port)
  File "/usr/local/lib/python3.9/site-packages/paho/mqtt/client.py", line 1435, in connect
    return self.reconnect()
  File "/usr/local/lib/python3.9/site-packages/paho/mqtt/client.py", line 1598, in reconnect
    self._sock = self._create_socket()
  File "/usr/local/lib/python3.9/site-packages/paho/mqtt/client.py", line 4609, in _create_socket
    sock = self._create_socket_connection()
  File "/usr/local/lib/python3.9/site-packages/paho/mqtt/client.py", line 4640, in _create_socket_connection
    return socket.create_connection(addr, timeout=self._connect_timeout, source_address=source)
  File "/usr/local/lib/python3.9/socket.py", line 856, in create_connection
    raise err
  File "/usr/local/lib/python3.9/socket.py", line 844, in create_connection
    sock.connect(sa)
socket.timeout: timed out
2024-12-06 13:47:51,615 - ValveController - ERROR - MQTT connection failed: timed out
Traceback (most recent call last):
  File "/app/valves_node.py", line 62, in connect_mqtt
    self.client.connect(self.broker_host, self.broker_port)
  File "/usr/local/lib/python3.9/site-packages/paho/mqtt/client.py", line 1435, in connect
    return self.reconnect()
  File "/usr/local/lib/python3.9/site-packages/paho/mqtt/client.py", line 1598, in reconnect
    self._sock = self._create_socket()
  File "/usr/local/lib/python3.9/site-packages/paho/mqtt/client.py", line 4609, in _create_socket
    sock = self._create_socket_connection()
  File "/usr/local/lib/python3.9/site-packages/paho/mqtt/client.py", line 4640, in _create_socket_connection
    return socket.create_connection(addr, timeout=self._connect_timeout, source_address=source)
  File "/usr/local/lib/python3.9/socket.py", line 856, in create_connection
    raise err
  File "/usr/local/lib/python3.9/socket.py", line 844, in create_connection
    sock.connect(sa)
socket.timeout: timed out
2024-12-06 13:48:01,628 - ValveController - ERROR - MQTT connection failed: timed out
Traceback (most recent call last):
  File "/app/valves_node.py", line 62, in connect_mqtt
    self.client.connect(self.broker_host, self.broker_port)
  File "/usr/local/lib/python3.9/site-packages/paho/mqtt/client.py", line 1435, in connect
    return self.reconnect()
  File "/usr/local/lib/python3.9/site-packages/paho/mqtt/client.py", line 1598, in reconnect
    self._sock = self._create_socket()
  File "/usr/local/lib/python3.9/site-packages/paho/mqtt/client.py", line 4609, in _create_socket
    sock = self._create_socket_connection()
  File "/usr/local/lib/python3.9/site-packages/paho/mqtt/client.py", line 4640, in _create_socket_connection
    return socket.create_connection(addr, timeout=self._connect_timeout, source_address=source)
  File "/usr/local/lib/python3.9/socket.py", line 856, in create_connection
    raise err
  File "/usr/local/lib/python3.9/socket.py", line 844, in create_connection
    sock.connect(sa)
socket.timeout: timed out
2024-12-06 13:48:11,641 - ValveController - ERROR - MQTT connection failed: timed out
Traceback (most recent call last):
  File "/app/valves_node.py", line 62, in connect_mqtt
    self.client.connect(self.broker_host, self.broker_port)
  File "/usr/local/lib/python3.9/site-packages/paho/mqtt/client.py", line 1435, in connect
    return self.reconnect()
  File "/usr/local/lib/python3.9/site-packages/paho/mqtt/client.py", line 1598, in reconnect
    self._sock = self._create_socket()
  File "/usr/local/lib/python3.9/site-packages/paho/mqtt/client.py", line 4609, in _create_socket
    sock = self._create_socket_connection()
  File "/usr/local/lib/python3.9/site-packages/paho/mqtt/client.py", line 4640, in _create_socket_connection
    return socket.create_connection(addr, timeout=self._connect_timeout, source_address=source)
  File "/usr/local/lib/python3.9/socket.py", line 856, in create_connection
    raise err
  File "/usr/local/lib/python3.9/socket.py", line 844, in create_connection
    sock.connect(sa)
socket.timeout: timed out
2024-12-06 13:48:21,653 - ValveController - ERROR - MQTT connection failed: timed out
Traceback (most recent call last):
  File "/app/valves_node.py", line 62, in connect_mqtt
    self.client.connect(self.broker_host, self.broker_port)
  File "/usr/local/lib/python3.9/site-packages/paho/mqtt/client.py", line 1435, in connect
    return self.reconnect()
  File "/usr/local/lib/python3.9/site-packages/paho/mqtt/client.py", line 1598, in reconnect
    self._sock = self._create_socket()
  File "/usr/local/lib/python3.9/site-packages/paho/mqtt/client.py", line 4609, in _create_socket
    sock = self._create_socket_connection()
  File "/usr/local/lib/python3.9/site-packages/paho/mqtt/client.py", line 4640, in _create_socket_connection
    return socket.create_connection(addr, timeout=self._connect_timeout, source_address=source)
  File "/usr/local/lib/python3.9/socket.py", line 856, in create_connection
    raise err
  File "/usr/local/lib/python3.9/socket.py", line 844, in create_connection
    sock.connect(sa)
socket.timeout: timed out
2024-12-06 13:48:31,664 - ValveController - ERROR - MQTT connection failed: timed out
Traceback (most recent call last):
  File "/app/valves_node.py", line 62, in connect_mqtt
    self.client.connect(self.broker_host, self.broker_port)
  File "/usr/local/lib/python3.9/site-packages/paho/mqtt/client.py", line 1435, in connect
    return self.reconnect()
  File "/usr/local/lib/python3.9/site-packages/paho/mqtt/client.py", line 1598, in reconnect
    self._sock = self._create_socket()
  File "/usr/local/lib/python3.9/site-packages/paho/mqtt/client.py", line 4609, in _create_socket
    sock = self._create_socket_connection()
  File "/usr/local/lib/python3.9/site-packages/paho/mqtt/client.py", line 4640, in _create_socket_connection
    return socket.create_connection(addr, timeout=self._connect_timeout, source_address=source)
  File "/usr/local/lib/python3.9/socket.py", line 856, in create_connection
    raise err
  File "/usr/local/lib/python3.9/socket.py", line 844, in create_connection
    sock.connect(sa)
socket.timeout: timed out
2024-12-06 13:48:41,677 - ValveController - ERROR - MQTT connection failed: timed out
Traceback (most recent call last):
  File "/app/valves_node.py", line 62, in connect_mqtt
    self.client.connect(self.broker_host, self.broker_port)
  File "/usr/local/lib/python3.9/site-packages/paho/mqtt/client.py", line 1435, in connect
    return self.reconnect()
  File "/usr/local/lib/python3.9/site-packages/paho/mqtt/client.py", line 1598, in reconnect
    self._sock = self._create_socket()
  File "/usr/local/lib/python3.9/site-packages/paho/mqtt/client.py", line 4609, in _create_socket
    sock = self._create_socket_connection()
  File "/usr/local/lib/python3.9/site-packages/paho/mqtt/client.py", line 4640, in _create_socket_connection
    return socket.create_connection(addr, timeout=self._connect_timeout, source_address=source)
  File "/usr/local/lib/python3.9/socket.py", line 856, in create_connection
    raise err
  File "/usr/local/lib/python3.9/socket.py", line 844, in create_connection
    sock.connect(sa)
socket.timeout: timed out
2024-12-06 13:48:51,686 - ValveController - ERROR - MQTT connection failed: timed out
Traceback (most recent call last):
  File "/app/valves_node.py", line 62, in connect_mqtt
    self.client.connect(self.broker_host, self.broker_port)
  File "/usr/local/lib/python3.9/site-packages/paho/mqtt/client.py", line 1435, in connect
    return self.reconnect()
  File "/usr/local/lib/python3.9/site-packages/paho/mqtt/client.py", line 1598, in reconnect
    self._sock = self._create_socket()
  File "/usr/local/lib/python3.9/site-packages/paho/mqtt/client.py", line 4609, in _create_socket
    sock = self._create_socket_connection()
  File "/usr/local/lib/python3.9/site-packages/paho/mqtt/client.py", line 4640, in _create_socket_connection
    return socket.create_connection(addr, timeout=self._connect_timeout, source_address=source)
  File "/usr/local/lib/python3.9/socket.py", line 856, in create_connection
    raise err
  File "/usr/local/lib/python3.9/socket.py", line 844, in create_connection
    sock.connect(sa)
socket.timeout: timed out
2024-12-06 13:49:01,699 - ValveController - ERROR - MQTT connection failed: timed out
Traceback (most recent call last):
  File "/app/valves_node.py", line 62, in connect_mqtt
    self.client.connect(self.broker_host, self.broker_port)
  File "/usr/local/lib/python3.9/site-packages/paho/mqtt/client.py", line 1435, in connect
    return self.reconnect()
  File "/usr/local/lib/python3.9/site-packages/paho/mqtt/client.py", line 1598, in reconnect
    self._sock = self._create_socket()
  File "/usr/local/lib/python3.9/site-packages/paho/mqtt/client.py", line 4609, in _create_socket
    sock = self._create_socket_connection()
  File "/usr/local/lib/python3.9/site-packages/paho/mqtt/client.py", line 4640, in _create_socket_connection
    return socket.create_connection(addr, timeout=self._connect_timeout, source_address=source)
  File "/usr/local/lib/python3.9/socket.py", line 856, in create_connection
    raise err
  File "/usr/local/lib/python3.9/socket.py", line 844, in create_connection
    sock.connect(sa)
socket.timeout: timed out
2024-12-06 13:49:11,711 - ValveController - ERROR - MQTT connection failed: timed out
Traceback (most recent call last):
  File "/app/valves_node.py", line 62, in connect_mqtt
    self.client.connect(self.broker_host, self.broker_port)
  File "/usr/local/lib/python3.9/site-packages/paho/mqtt/client.py", line 1435, in connect
    return self.reconnect()
  File "/usr/local/lib/python3.9/site-packages/paho/mqtt/client.py", line 1598, in reconnect
    self._sock = self._create_socket()
  File "/usr/local/lib/python3.9/site-packages/paho/mqtt/client.py", line 4609, in _create_socket
    sock = self._create_socket_connection()
  File "/usr/local/lib/python3.9/site-packages/paho/mqtt/client.py", line 4640, in _create_socket_connection
    return socket.create_connection(addr, timeout=self._connect_timeout, source_address=source)
  File "/usr/local/lib/python3.9/socket.py", line 856, in create_connection
    raise err
  File "/usr/local/lib/python3.9/socket.py", line 844, in create_connection
    sock.connect(sa)
socket.timeout: timed out
2024-12-06 13:49:21,722 - ValveController - ERROR - MQTT connection failed: timed out
Traceback (most recent call last):
  File "/app/valves_node.py", line 62, in connect_mqtt
    self.client.connect(self.broker_host, self.broker_port)
  File "/usr/local/lib/python3.9/site-packages/paho/mqtt/client.py", line 1435, in connect
    return self.reconnect()
  File "/usr/local/lib/python3.9/site-packages/paho/mqtt/client.py", line 1598, in reconnect
    self._sock = self._create_socket()
  File "/usr/local/lib/python3.9/site-packages/paho/mqtt/client.py", line 4609, in _create_socket
    sock = self._create_socket_connection()
  File "/usr/local/lib/python3.9/site-packages/paho/mqtt/client.py", line 4640, in _create_socket_connection
    return socket.create_connection(addr, timeout=self._connect_timeout, source_address=source)
  File "/usr/local/lib/python3.9/socket.py", line 856, in create_connection
    raise err
  File "/usr/local/lib/python3.9/socket.py", line 844, in create_connection
    sock.connect(sa)
socket.timeout: timed out
2024-12-06 13:49:31,735 - ValveController - ERROR - MQTT connection failed: timed out
Traceback (most recent call last):
  File "/app/valves_node.py", line 62, in connect_mqtt
    self.client.connect(self.broker_host, self.broker_port)
  File "/usr/local/lib/python3.9/site-packages/paho/mqtt/client.py", line 1435, in connect
    return self.reconnect()
  File "/usr/local/lib/python3.9/site-packages/paho/mqtt/client.py", line 1598, in reconnect
    self._sock = self._create_socket()
  File "/usr/local/lib/python3.9/site-packages/paho/mqtt/client.py", line 4609, in _create_socket
    sock = self._create_socket_connection()
  File "/usr/local/lib/python3.9/site-packages/paho/mqtt/client.py", line 4640, in _create_socket_connection
    return socket.create_connection(addr, timeout=self._connect_timeout, source_address=source)
  File "/usr/local/lib/python3.9/socket.py", line 856, in create_connection
    raise err
  File "/usr/local/lib/python3.9/socket.py", line 844, in create_connection
    sock.connect(sa)
socket.timeout: timed out
2024-12-06 13:49:41,743 - ValveController - ERROR - MQTT connection failed: timed out
Traceback (most recent call last):
  File "/app/valves_node.py", line 62, in connect_mqtt
    self.client.connect(self.broker_host, self.broker_port)
  File "/usr/local/lib/python3.9/site-packages/paho/mqtt/client.py", line 1435, in connect
    return self.reconnect()
  File "/usr/local/lib/python3.9/site-packages/paho/mqtt/client.py", line 1598, in reconnect
    self._sock = self._create_socket()
  File "/usr/local/lib/python3.9/site-packages/paho/mqtt/client.py", line 4609, in _create_socket
    sock = self._create_socket_connection()
  File "/usr/local/lib/python3.9/site-packages/paho/mqtt/client.py", line 4640, in _create_socket_connection
    return socket.create_connection(addr, timeout=self._connect_timeout, source_address=source)
  File "/usr/local/lib/python3.9/socket.py", line 856, in create_connection
    raise err
  File "/usr/local/lib/python3.9/socket.py", line 844, in create_connection
    sock.connect(sa)
socket.timeout: timed out
2024-12-06 13:49:51,757 - ValveController - ERROR - MQTT connection failed: timed out
Traceback (most recent call last):
  File "/app/valves_node.py", line 62, in connect_mqtt
    self.client.connect(self.broker_host, self.broker_port)
  File "/usr/local/lib/python3.9/site-packages/paho/mqtt/client.py", line 1435, in connect
    return self.reconnect()
  File "/usr/local/lib/python3.9/site-packages/paho/mqtt/client.py", line 1598, in reconnect
    self._sock = self._create_socket()
  File "/usr/local/lib/python3.9/site-packages/paho/mqtt/client.py", line 4609, in _create_socket
    sock = self._create_socket_connection()
  File "/usr/local/lib/python3.9/site-packages/paho/mqtt/client.py", line 4640, in _create_socket_connection
    return socket.create_connection(addr, timeout=self._connect_timeout, source_address=source)
  File "/usr/local/lib/python3.9/socket.py", line 856, in create_connection
    raise err
  File "/usr/local/lib/python3.9/socket.py", line 844, in create_connection
    sock.connect(sa)
socket.timeout: timed out
2024-12-06 13:50:01,769 - ValveController - ERROR - MQTT connection failed: timed out
Traceback (most recent call last):
  File "/app/valves_node.py", line 62, in connect_mqtt
    self.client.connect(self.broker_host, self.broker_port)
  File "/usr/local/lib/python3.9/site-packages/paho/mqtt/client.py", line 1435, in connect
    return self.reconnect()
  File "/usr/local/lib/python3.9/site-packages/paho/mqtt/client.py", line 1598, in reconnect
    self._sock = self._create_socket()
  File "/usr/local/lib/python3.9/site-packages/paho/mqtt/client.py", line 4609, in _create_socket
    sock = self._create_socket_connection()
  File "/usr/local/lib/python3.9/site-packages/paho/mqtt/client.py", line 4640, in _create_socket_connection
    return socket.create_connection(addr, timeout=self._connect_timeout, source_address=source)
  File "/usr/local/lib/python3.9/socket.py", line 856, in create_connection
    raise err
  File "/usr/local/lib/python3.9/socket.py", line 844, in create_connection
    sock.connect(sa)
socket.timeout: timed out
2024-12-06 13:50:11,782 - ValveController - ERROR - MQTT connection failed: timed out
Traceback (most recent call last):
  File "/app/valves_node.py", line 62, in connect_mqtt
    self.client.connect(self.broker_host, self.broker_port)
  File "/usr/local/lib/python3.9/site-packages/paho/mqtt/client.py", line 1435, in connect
    return self.reconnect()
  File "/usr/local/lib/python3.9/site-packages/paho/mqtt/client.py", line 1598, in reconnect
    self._sock = self._create_socket()
  File "/usr/local/lib/python3.9/site-packages/paho/mqtt/client.py", line 4609, in _create_socket
    sock = self._create_socket_connection()
  File "/usr/local/lib/python3.9/site-packages/paho/mqtt/client.py", line 4640, in _create_socket_connection
    return socket.create_connection(addr, timeout=self._connect_timeout, source_address=source)
  File "/usr/local/lib/python3.9/socket.py", line 856, in create_connection
    raise err
  File "/usr/local/lib/python3.9/socket.py", line 844, in create_connection
    sock.connect(sa)
socket.timeout: timed out
2024-12-06 13:50:21,794 - ValveController - ERROR - MQTT connection failed: timed out
Traceback (most recent call last):
  File "/app/valves_node.py", line 62, in connect_mqtt
    self.client.connect(self.broker_host, self.broker_port)
  File "/usr/local/lib/python3.9/site-packages/paho/mqtt/client.py", line 1435, in connect
    return self.reconnect()
  File "/usr/local/lib/python3.9/site-packages/paho/mqtt/client.py", line 1598, in reconnect
    self._sock = self._create_socket()
  File "/usr/local/lib/python3.9/site-packages/paho/mqtt/client.py", line 4609, in _create_socket
    sock = self._create_socket_connection()
  File "/usr/local/lib/python3.9/site-packages/paho/mqtt/client.py", line 4640, in _create_socket_connection
    return socket.create_connection(addr, timeout=self._connect_timeout, source_address=source)
  File "/usr/local/lib/python3.9/socket.py", line 856, in create_connection
    raise err
  File "/usr/local/lib/python3.9/socket.py", line 844, in create_connection
    sock.connect(sa)
socket.timeout: timed out
2024-12-06 13:50:31,802 - ValveController - ERROR - MQTT connection failed: timed out
Traceback (most recent call last):
  File "/app/valves_node.py", line 62, in connect_mqtt
    self.client.connect(self.broker_host, self.broker_port)
  File "/usr/local/lib/python3.9/site-packages/paho/mqtt/client.py", line 1435, in connect
    return self.reconnect()
  File "/usr/local/lib/python3.9/site-packages/paho/mqtt/client.py", line 1598, in reconnect
    self._sock = self._create_socket()
  File "/usr/local/lib/python3.9/site-packages/paho/mqtt/client.py", line 4609, in _create_socket
    sock = self._create_socket_connection()
  File "/usr/local/lib/python3.9/site-packages/paho/mqtt/client.py", line 4640, in _create_socket_connection
    return socket.create_connection(addr, timeout=self._connect_timeout, source_address=source)
  File "/usr/local/lib/python3.9/socket.py", line 856, in create_connection
    raise err
  File "/usr/local/lib/python3.9/socket.py", line 844, in create_connection
    sock.connect(sa)
socket.timeout: timed out
2024-12-06 13:50:41,812 - ValveController - ERROR - MQTT connection failed: timed out
Traceback (most recent call last):
  File "/app/valves_node.py", line 62, in connect_mqtt
    self.client.connect(self.broker_host, self.broker_port)
  File "/usr/local/lib/python3.9/site-packages/paho/mqtt/client.py", line 1435, in connect
    return self.reconnect()
  File "/usr/local/lib/python3.9/site-packages/paho/mqtt/client.py", line 1598, in reconnect
    self._sock = self._create_socket()
  File "/usr/local/lib/python3.9/site-packages/paho/mqtt/client.py", line 4609, in _create_socket
    sock = self._create_socket_connection()
  File "/usr/local/lib/python3.9/site-packages/paho/mqtt/client.py", line 4640, in _create_socket_connection
    return socket.create_connection(addr, timeout=self._connect_timeout, source_address=source)
  File "/usr/local/lib/python3.9/socket.py", line 856, in create_connection
    raise err
  File "/usr/local/lib/python3.9/socket.py", line 844, in create_connection
    sock.connect(sa)
socket.timeout: timed out
2024-12-06 13:50:51,824 - ValveController - ERROR - MQTT connection failed: timed out
Traceback (most recent call last):
  File "/app/valves_node.py", line 62, in connect_mqtt
    self.client.connect(self.broker_host, self.broker_port)
  File "/usr/local/lib/python3.9/site-packages/paho/mqtt/client.py", line 1435, in connect
    return self.reconnect()
  File "/usr/local/lib/python3.9/site-packages/paho/mqtt/client.py", line 1598, in reconnect
    self._sock = self._create_socket()
  File "/usr/local/lib/python3.9/site-packages/paho/mqtt/client.py", line 4609, in _create_socket
    sock = self._create_socket_connection()
  File "/usr/local/lib/python3.9/site-packages/paho/mqtt/client.py", line 4640, in _create_socket_connection
    return socket.create_connection(addr, timeout=self._connect_timeout, source_address=source)
  File "/usr/local/lib/python3.9/socket.py", line 856, in create_connection
    raise err
  File "/usr/local/lib/python3.9/socket.py", line 844, in create_connection
    sock.connect(sa)
socket.timeout: timed out
2024-12-06 13:51:01,837 - ValveController - ERROR - MQTT connection failed: timed out
Traceback (most recent call last):
  File "/app/valves_node.py", line 62, in connect_mqtt
    self.client.connect(self.broker_host, self.broker_port)
  File "/usr/local/lib/python3.9/site-packages/paho/mqtt/client.py", line 1435, in connect
    return self.reconnect()
  File "/usr/local/lib/python3.9/site-packages/paho/mqtt/client.py", line 1598, in reconnect
    self._sock = self._create_socket()
  File "/usr/local/lib/python3.9/site-packages/paho/mqtt/client.py", line 4609, in _create_socket
    sock = self._create_socket_connection()
  File "/usr/local/lib/python3.9/site-packages/paho/mqtt/client.py", line 4640, in _create_socket_connection
    return socket.create_connection(addr, timeout=self._connect_timeout, source_address=source)
  File "/usr/local/lib/python3.9/socket.py", line 856, in create_connection
    raise err
  File "/usr/local/lib/python3.9/socket.py", line 844, in create_connection
    sock.connect(sa)
socket.timeout: timed out
2024-12-06 13:51:11,845 - ValveController - ERROR - MQTT connection failed: timed out
Traceback (most recent call last):
  File "/app/valves_node.py", line 62, in connect_mqtt
    self.client.connect(self.broker_host, self.broker_port)
  File "/usr/local/lib/python3.9/site-packages/paho/mqtt/client.py", line 1435, in connect
    return self.reconnect()
  File "/usr/local/lib/python3.9/site-packages/paho/mqtt/client.py", line 1598, in reconnect
    self._sock = self._create_socket()
  File "/usr/local/lib/python3.9/site-packages/paho/mqtt/client.py", line 4609, in _create_socket
    sock = self._create_socket_connection()
  File "/usr/local/lib/python3.9/site-packages/paho/mqtt/client.py", line 4640, in _create_socket_connection
    return socket.create_connection(addr, timeout=self._connect_timeout, source_address=source)
  File "/usr/local/lib/python3.9/socket.py", line 856, in create_connection
    raise err
  File "/usr/local/lib/python3.9/socket.py", line 844, in create_connection
    sock.connect(sa)
socket.timeout: timed out
2024-12-06 13:51:21,858 - ValveController - ERROR - MQTT connection failed: timed out
Traceback (most recent call last):
  File "/app/valves_node.py", line 62, in connect_mqtt
    self.client.connect(self.broker_host, self.broker_port)
  File "/usr/local/lib/python3.9/site-packages/paho/mqtt/client.py", line 1435, in connect
    return self.reconnect()
  File "/usr/local/lib/python3.9/site-packages/paho/mqtt/client.py", line 1598, in reconnect
    self._sock = self._create_socket()
  File "/usr/local/lib/python3.9/site-packages/paho/mqtt/client.py", line 4609, in _create_socket
    sock = self._create_socket_connection()
  File "/usr/local/lib/python3.9/site-packages/paho/mqtt/client.py", line 4640, in _create_socket_connection
    return socket.create_connection(addr, timeout=self._connect_timeout, source_address=source)
  File "/usr/local/lib/python3.9/socket.py", line 856, in create_connection
    raise err
  File "/usr/local/lib/python3.9/socket.py", line 844, in create_connection
    sock.connect(sa)
socket.timeout: timed out
2024-12-06 13:51:31,867 - ValveController - ERROR - MQTT connection failed: timed out
Traceback (most recent call last):
  File "/app/valves_node.py", line 62, in connect_mqtt
    self.client.connect(self.broker_host, self.broker_port)
  File "/usr/local/lib/python3.9/site-packages/paho/mqtt/client.py", line 1435, in connect
    return self.reconnect()
  File "/usr/local/lib/python3.9/site-packages/paho/mqtt/client.py", line 1598, in reconnect
    self._sock = self._create_socket()
  File "/usr/local/lib/python3.9/site-packages/paho/mqtt/client.py", line 4609, in _create_socket
    sock = self._create_socket_connection()
  File "/usr/local/lib/python3.9/site-packages/paho/mqtt/client.py", line 4640, in _create_socket_connection
    return socket.create_connection(addr, timeout=self._connect_timeout, source_address=source)
  File "/usr/local/lib/python3.9/socket.py", line 856, in create_connection
    raise err
  File "/usr/local/lib/python3.9/socket.py", line 844, in create_connection
    sock.connect(sa)
socket.timeout: timed out
2024-12-06 13:51:41,878 - ValveController - ERROR - MQTT connection failed: timed out
Traceback (most recent call last):
  File "/app/valves_node.py", line 62, in connect_mqtt
    self.client.connect(self.broker_host, self.broker_port)
  File "/usr/local/lib/python3.9/site-packages/paho/mqtt/client.py", line 1435, in connect
    return self.reconnect()
  File "/usr/local/lib/python3.9/site-packages/paho/mqtt/client.py", line 1598, in reconnect
    self._sock = self._create_socket()
  File "/usr/local/lib/python3.9/site-packages/paho/mqtt/client.py", line 4609, in _create_socket
    sock = self._create_socket_connection()
  File "/usr/local/lib/python3.9/site-packages/paho/mqtt/client.py", line 4640, in _create_socket_connection
    return socket.create_connection(addr, timeout=self._connect_timeout, source_address=source)
  File "/usr/local/lib/python3.9/socket.py", line 856, in create_connection
    raise err
  File "/usr/local/lib/python3.9/socket.py", line 844, in create_connection
    sock.connect(sa)
socket.timeout: timed out
2024-12-06 13:51:51,890 - ValveController - ERROR - MQTT connection failed: timed out
Traceback (most recent call last):
  File "/app/valves_node.py", line 62, in connect_mqtt
    self.client.connect(self.broker_host, self.broker_port)
  File "/usr/local/lib/python3.9/site-packages/paho/mqtt/client.py", line 1435, in connect
    return self.reconnect()
  File "/usr/local/lib/python3.9/site-packages/paho/mqtt/client.py", line 1598, in reconnect
    self._sock = self._create_socket()
  File "/usr/local/lib/python3.9/site-packages/paho/mqtt/client.py", line 4609, in _create_socket
    sock = self._create_socket_connection()
  File "/usr/local/lib/python3.9/site-packages/paho/mqtt/client.py", line 4640, in _create_socket_connection
    return socket.create_connection(addr, timeout=self._connect_timeout, source_address=source)
  File "/usr/local/lib/python3.9/socket.py", line 856, in create_connection
    raise err
  File "/usr/local/lib/python3.9/socket.py", line 844, in create_connection
    sock.connect(sa)
socket.timeout: timed out
2024-12-06 13:52:01,902 - ValveController - ERROR - MQTT connection failed: timed out
Traceback (most recent call last):
  File "/app/valves_node.py", line 62, in connect_mqtt
    self.client.connect(self.broker_host, self.broker_port)
  File "/usr/local/lib/python3.9/site-packages/paho/mqtt/client.py", line 1435, in connect
    return self.reconnect()
  File "/usr/local/lib/python3.9/site-packages/paho/mqtt/client.py", line 1598, in reconnect
    self._sock = self._create_socket()
  File "/usr/local/lib/python3.9/site-packages/paho/mqtt/client.py", line 4609, in _create_socket
    sock = self._create_socket_connection()
  File "/usr/local/lib/python3.9/site-packages/paho/mqtt/client.py", line 4640, in _create_socket_connection
    return socket.create_connection(addr, timeout=self._connect_timeout, source_address=source)
  File "/usr/local/lib/python3.9/socket.py", line 856, in create_connection
    raise err
  File "/usr/local/lib/python3.9/socket.py", line 844, in create_connection
    sock.connect(sa)
socket.timeout: timed out
2024-12-06 13:52:11,914 - ValveController - ERROR - MQTT connection failed: timed out
Traceback (most recent call last):
  File "/app/valves_node.py", line 62, in connect_mqtt
    self.client.connect(self.broker_host, self.broker_port)
  File "/usr/local/lib/python3.9/site-packages/paho/mqtt/client.py", line 1435, in connect
    return self.reconnect()
  File "/usr/local/lib/python3.9/site-packages/paho/mqtt/client.py", line 1598, in reconnect
    self._sock = self._create_socket()
  File "/usr/local/lib/python3.9/site-packages/paho/mqtt/client.py", line 4609, in _create_socket
    sock = self._create_socket_connection()
  File "/usr/local/lib/python3.9/site-packages/paho/mqtt/client.py", line 4640, in _create_socket_connection
    return socket.create_connection(addr, timeout=self._connect_timeout, source_address=source)
  File "/usr/local/lib/python3.9/socket.py", line 856, in create_connection
    raise err
  File "/usr/local/lib/python3.9/socket.py", line 844, in create_connection
    sock.connect(sa)
socket.timeout: timed out
2024-12-06 13:52:21,927 - ValveController - ERROR - MQTT connection failed: timed out
Traceback (most recent call last):
  File "/app/valves_node.py", line 62, in connect_mqtt
    self.client.connect(self.broker_host, self.broker_port)
  File "/usr/local/lib/python3.9/site-packages/paho/mqtt/client.py", line 1435, in connect
    return self.reconnect()
  File "/usr/local/lib/python3.9/site-packages/paho/mqtt/client.py", line 1598, in reconnect
    self._sock = self._create_socket()
  File "/usr/local/lib/python3.9/site-packages/paho/mqtt/client.py", line 4609, in _create_socket
    sock = self._create_socket_connection()
  File "/usr/local/lib/python3.9/site-packages/paho/mqtt/client.py", line 4640, in _create_socket_connection
    return socket.create_connection(addr, timeout=self._connect_timeout, source_address=source)
  File "/usr/local/lib/python3.9/socket.py", line 856, in create_connection
    raise err
  File "/usr/local/lib/python3.9/socket.py", line 844, in create_connection
    sock.connect(sa)
socket.timeout: timed out
2024-12-06 13:52:31,940 - ValveController - ERROR - MQTT connection failed: timed out
Traceback (most recent call last):
  File "/app/valves_node.py", line 62, in connect_mqtt
    self.client.connect(self.broker_host, self.broker_port)
  File "/usr/local/lib/python3.9/site-packages/paho/mqtt/client.py", line 1435, in connect
    return self.reconnect()
  File "/usr/local/lib/python3.9/site-packages/paho/mqtt/client.py", line 1598, in reconnect
    self._sock = self._create_socket()
  File "/usr/local/lib/python3.9/site-packages/paho/mqtt/client.py", line 4609, in _create_socket
    sock = self._create_socket_connection()
  File "/usr/local/lib/python3.9/site-packages/paho/mqtt/client.py", line 4640, in _create_socket_connection
    return socket.create_connection(addr, timeout=self._connect_timeout, source_address=source)
  File "/usr/local/lib/python3.9/socket.py", line 856, in create_connection
    raise err
  File "/usr/local/lib/python3.9/socket.py", line 844, in create_connection
    sock.connect(sa)
socket.timeout: timed out
2024-12-06 13:52:41,952 - ValveController - ERROR - MQTT connection failed: timed out
Traceback (most recent call last):
  File "/app/valves_node.py", line 62, in connect_mqtt
    self.client.connect(self.broker_host, self.broker_port)
  File "/usr/local/lib/python3.9/site-packages/paho/mqtt/client.py", line 1435, in connect
    return self.reconnect()
  File "/usr/local/lib/python3.9/site-packages/paho/mqtt/client.py", line 1598, in reconnect
    self._sock = self._create_socket()
  File "/usr/local/lib/python3.9/site-packages/paho/mqtt/client.py", line 4609, in _create_socket
    sock = self._create_socket_connection()
  File "/usr/local/lib/python3.9/site-packages/paho/mqtt/client.py", line 4640, in _create_socket_connection
    return socket.create_connection(addr, timeout=self._connect_timeout, source_address=source)
  File "/usr/local/lib/python3.9/socket.py", line 856, in create_connection
    raise err
  File "/usr/local/lib/python3.9/socket.py", line 844, in create_connection
    sock.connect(sa)
socket.timeout: timed out
2024-12-06 13:52:51,960 - ValveController - ERROR - MQTT connection failed: timed out
Traceback (most recent call last):
  File "/app/valves_node.py", line 62, in connect_mqtt
    self.client.connect(self.broker_host, self.broker_port)
  File "/usr/local/lib/python3.9/site-packages/paho/mqtt/client.py", line 1435, in connect
    return self.reconnect()
  File "/usr/local/lib/python3.9/site-packages/paho/mqtt/client.py", line 1598, in reconnect
    self._sock = self._create_socket()
  File "/usr/local/lib/python3.9/site-packages/paho/mqtt/client.py", line 4609, in _create_socket
    sock = self._create_socket_connection()
  File "/usr/local/lib/python3.9/site-packages/paho/mqtt/client.py", line 4640, in _create_socket_connection
    return socket.create_connection(addr, timeout=self._connect_timeout, source_address=source)
  File "/usr/local/lib/python3.9/socket.py", line 856, in create_connection
    raise err
  File "/usr/local/lib/python3.9/socket.py", line 844, in create_connection
    sock.connect(sa)
socket.timeout: timed out
2024-12-06 13:53:01,972 - ValveController - ERROR - MQTT connection failed: timed out
Traceback (most recent call last):
  File "/app/valves_node.py", line 62, in connect_mqtt
    self.client.connect(self.broker_host, self.broker_port)
  File "/usr/local/lib/python3.9/site-packages/paho/mqtt/client.py", line 1435, in connect
    return self.reconnect()
  File "/usr/local/lib/python3.9/site-packages/paho/mqtt/client.py", line 1598, in reconnect
    self._sock = self._create_socket()
  File "/usr/local/lib/python3.9/site-packages/paho/mqtt/client.py", line 4609, in _create_socket
    sock = self._create_socket_connection()
  File "/usr/local/lib/python3.9/site-packages/paho/mqtt/client.py", line 4640, in _create_socket_connection
    return socket.create_connection(addr, timeout=self._connect_timeout, source_address=source)
  File "/usr/local/lib/python3.9/socket.py", line 856, in create_connection
    raise err
  File "/usr/local/lib/python3.9/socket.py", line 844, in create_connection
    sock.connect(sa)
socket.timeout: timed out
2024-12-06 13:53:11,984 - ValveController - ERROR - MQTT connection failed: timed out
Traceback (most recent call last):
  File "/app/valves_node.py", line 62, in connect_mqtt
    self.client.connect(self.broker_host, self.broker_port)
  File "/usr/local/lib/python3.9/site-packages/paho/mqtt/client.py", line 1435, in connect
    return self.reconnect()
  File "/usr/local/lib/python3.9/site-packages/paho/mqtt/client.py", line 1598, in reconnect
    self._sock = self._create_socket()
  File "/usr/local/lib/python3.9/site-packages/paho/mqtt/client.py", line 4609, in _create_socket
    sock = self._create_socket_connection()
  File "/usr/local/lib/python3.9/site-packages/paho/mqtt/client.py", line 4640, in _create_socket_connection
    return socket.create_connection(addr, timeout=self._connect_timeout, source_address=source)
  File "/usr/local/lib/python3.9/socket.py", line 856, in create_connection
    raise err
  File "/usr/local/lib/python3.9/socket.py", line 844, in create_connection
    sock.connect(sa)
socket.timeout: timed out
2024-12-06 13:53:21,993 - ValveController - ERROR - MQTT connection failed: timed out
Traceback (most recent call last):
  File "/app/valves_node.py", line 62, in connect_mqtt
    self.client.connect(self.broker_host, self.broker_port)
  File "/usr/local/lib/python3.9/site-packages/paho/mqtt/client.py", line 1435, in connect
    return self.reconnect()
  File "/usr/local/lib/python3.9/site-packages/paho/mqtt/client.py", line 1598, in reconnect
    self._sock = self._create_socket()
  File "/usr/local/lib/python3.9/site-packages/paho/mqtt/client.py", line 4609, in _create_socket
    sock = self._create_socket_connection()
  File "/usr/local/lib/python3.9/site-packages/paho/mqtt/client.py", line 4640, in _create_socket_connection
    return socket.create_connection(addr, timeout=self._connect_timeout, source_address=source)
  File "/usr/local/lib/python3.9/socket.py", line 856, in create_connection
    raise err
  File "/usr/local/lib/python3.9/socket.py", line 844, in create_connection
    sock.connect(sa)
socket.timeout: timed out
2024-12-06 13:53:32,005 - ValveController - ERROR - MQTT connection failed: timed out
Traceback (most recent call last):
  File "/app/valves_node.py", line 62, in connect_mqtt
    self.client.connect(self.broker_host, self.broker_port)
  File "/usr/local/lib/python3.9/site-packages/paho/mqtt/client.py", line 1435, in connect
    return self.reconnect()
  File "/usr/local/lib/python3.9/site-packages/paho/mqtt/client.py", line 1598, in reconnect
    self._sock = self._create_socket()
  File "/usr/local/lib/python3.9/site-packages/paho/mqtt/client.py", line 4609, in _create_socket
    sock = self._create_socket_connection()
  File "/usr/local/lib/python3.9/site-packages/paho/mqtt/client.py", line 4640, in _create_socket_connection
    return socket.create_connection(addr, timeout=self._connect_timeout, source_address=source)
  File "/usr/local/lib/python3.9/socket.py", line 856, in create_connection
    raise err
  File "/usr/local/lib/python3.9/socket.py", line 844, in create_connection
    sock.connect(sa)
socket.timeout: timed out
2024-12-06 13:53:42,018 - ValveController - ERROR - MQTT connection failed: timed out
Traceback (most recent call last):
  File "/app/valves_node.py", line 62, in connect_mqtt
    self.client.connect(self.broker_host, self.broker_port)
  File "/usr/local/lib/python3.9/site-packages/paho/mqtt/client.py", line 1435, in connect
    return self.reconnect()
  File "/usr/local/lib/python3.9/site-packages/paho/mqtt/client.py", line 1598, in reconnect
    self._sock = self._create_socket()
  File "/usr/local/lib/python3.9/site-packages/paho/mqtt/client.py", line 4609, in _create_socket
    sock = self._create_socket_connection()
  File "/usr/local/lib/python3.9/site-packages/paho/mqtt/client.py", line 4640, in _create_socket_connection
    return socket.create_connection(addr, timeout=self._connect_timeout, source_address=source)
  File "/usr/local/lib/python3.9/socket.py", line 856, in create_connection
    raise err
  File "/usr/local/lib/python3.9/socket.py", line 844, in create_connection
    sock.connect(sa)
socket.timeout: timed out
2024-12-06 13:53:52,026 - ValveController - ERROR - MQTT connection failed: timed out
Traceback (most recent call last):
  File "/app/valves_node.py", line 62, in connect_mqtt
    self.client.connect(self.broker_host, self.broker_port)
  File "/usr/local/lib/python3.9/site-packages/paho/mqtt/client.py", line 1435, in connect
    return self.reconnect()
  File "/usr/local/lib/python3.9/site-packages/paho/mqtt/client.py", line 1598, in reconnect
    self._sock = self._create_socket()
  File "/usr/local/lib/python3.9/site-packages/paho/mqtt/client.py", line 4609, in _create_socket
    sock = self._create_socket_connection()
  File "/usr/local/lib/python3.9/site-packages/paho/mqtt/client.py", line 4640, in _create_socket_connection
    return socket.create_connection(addr, timeout=self._connect_timeout, source_address=source)
  File "/usr/local/lib/python3.9/socket.py", line 856, in create_connection
    raise err
  File "/usr/local/lib/python3.9/socket.py", line 844, in create_connection
    sock.connect(sa)
socket.timeout: timed out
2024-12-06 13:54:02,039 - ValveController - ERROR - MQTT connection failed: timed out
Traceback (most recent call last):
  File "/app/valves_node.py", line 62, in connect_mqtt
    self.client.connect(self.broker_host, self.broker_port)
  File "/usr/local/lib/python3.9/site-packages/paho/mqtt/client.py", line 1435, in connect
    return self.reconnect()
  File "/usr/local/lib/python3.9/site-packages/paho/mqtt/client.py", line 1598, in reconnect
    self._sock = self._create_socket()
  File "/usr/local/lib/python3.9/site-packages/paho/mqtt/client.py", line 4609, in _create_socket
    sock = self._create_socket_connection()
  File "/usr/local/lib/python3.9/site-packages/paho/mqtt/client.py", line 4640, in _create_socket_connection
    return socket.create_connection(addr, timeout=self._connect_timeout, source_address=source)
  File "/usr/local/lib/python3.9/socket.py", line 856, in create_connection
    raise err
  File "/usr/local/lib/python3.9/socket.py", line 844, in create_connection
    sock.connect(sa)
socket.timeout: timed out
2024-12-06 13:54:12,052 - ValveController - ERROR - MQTT connection failed: timed out
Traceback (most recent call last):
  File "/app/valves_node.py", line 62, in connect_mqtt
    self.client.connect(self.broker_host, self.broker_port)
  File "/usr/local/lib/python3.9/site-packages/paho/mqtt/client.py", line 1435, in connect
    return self.reconnect()
  File "/usr/local/lib/python3.9/site-packages/paho/mqtt/client.py", line 1598, in reconnect
    self._sock = self._create_socket()
  File "/usr/local/lib/python3.9/site-packages/paho/mqtt/client.py", line 4609, in _create_socket
    sock = self._create_socket_connection()
  File "/usr/local/lib/python3.9/site-packages/paho/mqtt/client.py", line 4640, in _create_socket_connection
    return socket.create_connection(addr, timeout=self._connect_timeout, source_address=source)
  File "/usr/local/lib/python3.9/socket.py", line 856, in create_connection
    raise err
  File "/usr/local/lib/python3.9/socket.py", line 844, in create_connection
    sock.connect(sa)
socket.timeout: timed out
2024-12-06 13:54:22,063 - ValveController - ERROR - MQTT connection failed: timed out
Traceback (most recent call last):
  File "/app/valves_node.py", line 62, in connect_mqtt
    self.client.connect(self.broker_host, self.broker_port)
  File "/usr/local/lib/python3.9/site-packages/paho/mqtt/client.py", line 1435, in connect
    return self.reconnect()
  File "/usr/local/lib/python3.9/site-packages/paho/mqtt/client.py", line 1598, in reconnect
    self._sock = self._create_socket()
  File "/usr/local/lib/python3.9/site-packages/paho/mqtt/client.py", line 4609, in _create_socket
    sock = self._create_socket_connection()
  File "/usr/local/lib/python3.9/site-packages/paho/mqtt/client.py", line 4640, in _create_socket_connection
    return socket.create_connection(addr, timeout=self._connect_timeout, source_address=source)
  File "/usr/local/lib/python3.9/socket.py", line 856, in create_connection
    raise err
  File "/usr/local/lib/python3.9/socket.py", line 844, in create_connection
    sock.connect(sa)
socket.timeout: timed out
2024-12-06 13:54:32,076 - ValveController - ERROR - MQTT connection failed: timed out
Traceback (most recent call last):
  File "/app/valves_node.py", line 62, in connect_mqtt
    self.client.connect(self.broker_host, self.broker_port)
  File "/usr/local/lib/python3.9/site-packages/paho/mqtt/client.py", line 1435, in connect
    return self.reconnect()
  File "/usr/local/lib/python3.9/site-packages/paho/mqtt/client.py", line 1598, in reconnect
    self._sock = self._create_socket()
  File "/usr/local/lib/python3.9/site-packages/paho/mqtt/client.py", line 4609, in _create_socket
    sock = self._create_socket_connection()
  File "/usr/local/lib/python3.9/site-packages/paho/mqtt/client.py", line 4640, in _create_socket_connection
    return socket.create_connection(addr, timeout=self._connect_timeout, source_address=source)
  File "/usr/local/lib/python3.9/socket.py", line 856, in create_connection
    raise err
  File "/usr/local/lib/python3.9/socket.py", line 844, in create_connection
    sock.connect(sa)
socket.timeout: timed out
2024-12-06 13:54:42,084 - ValveController - ERROR - MQTT connection failed: timed out
Traceback (most recent call last):
  File "/app/valves_node.py", line 62, in connect_mqtt
    self.client.connect(self.broker_host, self.broker_port)
  File "/usr/local/lib/python3.9/site-packages/paho/mqtt/client.py", line 1435, in connect
    return self.reconnect()
  File "/usr/local/lib/python3.9/site-packages/paho/mqtt/client.py", line 1598, in reconnect
    self._sock = self._create_socket()
  File "/usr/local/lib/python3.9/site-packages/paho/mqtt/client.py", line 4609, in _create_socket
    sock = self._create_socket_connection()
  File "/usr/local/lib/python3.9/site-packages/paho/mqtt/client.py", line 4640, in _create_socket_connection
    return socket.create_connection(addr, timeout=self._connect_timeout, source_address=source)
  File "/usr/local/lib/python3.9/socket.py", line 856, in create_connection
    raise err
  File "/usr/local/lib/python3.9/socket.py", line 844, in create_connection
    sock.connect(sa)
socket.timeout: timed out
2024-12-06 13:54:52,092 - ValveController - ERROR - MQTT connection failed: timed out
Traceback (most recent call last):
  File "/app/valves_node.py", line 62, in connect_mqtt
    self.client.connect(self.broker_host, self.broker_port)
  File "/usr/local/lib/python3.9/site-packages/paho/mqtt/client.py", line 1435, in connect
    return self.reconnect()
  File "/usr/local/lib/python3.9/site-packages/paho/mqtt/client.py", line 1598, in reconnect
    self._sock = self._create_socket()
  File "/usr/local/lib/python3.9/site-packages/paho/mqtt/client.py", line 4609, in _create_socket
    sock = self._create_socket_connection()
  File "/usr/local/lib/python3.9/site-packages/paho/mqtt/client.py", line 4640, in _create_socket_connection
    return socket.create_connection(addr, timeout=self._connect_timeout, source_address=source)
  File "/usr/local/lib/python3.9/socket.py", line 856, in create_connection
    raise err
  File "/usr/local/lib/python3.9/socket.py", line 844, in create_connection
    sock.connect(sa)
socket.timeout: timed out
2024-12-06 13:55:02,105 - ValveController - ERROR - MQTT connection failed: timed out
Traceback (most recent call last):
  File "/app/valves_node.py", line 62, in connect_mqtt
    self.client.connect(self.broker_host, self.broker_port)
  File "/usr/local/lib/python3.9/site-packages/paho/mqtt/client.py", line 1435, in connect
    return self.reconnect()
  File "/usr/local/lib/python3.9/site-packages/paho/mqtt/client.py", line 1598, in reconnect
    self._sock = self._create_socket()
  File "/usr/local/lib/python3.9/site-packages/paho/mqtt/client.py", line 4609, in _create_socket
    sock = self._create_socket_connection()
  File "/usr/local/lib/python3.9/site-packages/paho/mqtt/client.py", line 4640, in _create_socket_connection
    return socket.create_connection(addr, timeout=self._connect_timeout, source_address=source)
  File "/usr/local/lib/python3.9/socket.py", line 856, in create_connection
    raise err
  File "/usr/local/lib/python3.9/socket.py", line 844, in create_connection
    sock.connect(sa)
socket.timeout: timed out
2024-12-06 13:55:12,117 - ValveController - ERROR - MQTT connection failed: timed out
Traceback (most recent call last):
  File "/app/valves_node.py", line 62, in connect_mqtt
    self.client.connect(self.broker_host, self.broker_port)
  File "/usr/local/lib/python3.9/site-packages/paho/mqtt/client.py", line 1435, in connect
    return self.reconnect()
  File "/usr/local/lib/python3.9/site-packages/paho/mqtt/client.py", line 1598, in reconnect
    self._sock = self._create_socket()
  File "/usr/local/lib/python3.9/site-packages/paho/mqtt/client.py", line 4609, in _create_socket
    sock = self._create_socket_connection()
  File "/usr/local/lib/python3.9/site-packages/paho/mqtt/client.py", line 4640, in _create_socket_connection
    return socket.create_connection(addr, timeout=self._connect_timeout, source_address=source)
  File "/usr/local/lib/python3.9/socket.py", line 856, in create_connection
    raise err
  File "/usr/local/lib/python3.9/socket.py", line 844, in create_connection
    sock.connect(sa)
socket.timeout: timed out
2024-12-06 13:55:22,128 - ValveController - ERROR - MQTT connection failed: timed out
Traceback (most recent call last):
  File "/app/valves_node.py", line 62, in connect_mqtt
    self.client.connect(self.broker_host, self.broker_port)
  File "/usr/local/lib/python3.9/site-packages/paho/mqtt/client.py", line 1435, in connect
    return self.reconnect()
  File "/usr/local/lib/python3.9/site-packages/paho/mqtt/client.py", line 1598, in reconnect
    self._sock = self._create_socket()
  File "/usr/local/lib/python3.9/site-packages/paho/mqtt/client.py", line 4609, in _create_socket
    sock = self._create_socket_connection()
  File "/usr/local/lib/python3.9/site-packages/paho/mqtt/client.py", line 4640, in _create_socket_connection
    return socket.create_connection(addr, timeout=self._connect_timeout, source_address=source)
  File "/usr/local/lib/python3.9/socket.py", line 856, in create_connection
    raise err
  File "/usr/local/lib/python3.9/socket.py", line 844, in create_connection
    sock.connect(sa)
socket.timeout: timed out
2024-12-06 13:55:32,140 - ValveController - ERROR - MQTT connection failed: timed out
Traceback (most recent call last):
  File "/app/valves_node.py", line 62, in connect_mqtt
    self.client.connect(self.broker_host, self.broker_port)
  File "/usr/local/lib/python3.9/site-packages/paho/mqtt/client.py", line 1435, in connect
    return self.reconnect()
  File "/usr/local/lib/python3.9/site-packages/paho/mqtt/client.py", line 1598, in reconnect
    self._sock = self._create_socket()
  File "/usr/local/lib/python3.9/site-packages/paho/mqtt/client.py", line 4609, in _create_socket
    sock = self._create_socket_connection()
  File "/usr/local/lib/python3.9/site-packages/paho/mqtt/client.py", line 4640, in _create_socket_connection
    return socket.create_connection(addr, timeout=self._connect_timeout, source_address=source)
  File "/usr/local/lib/python3.9/socket.py", line 856, in create_connection
    raise err
  File "/usr/local/lib/python3.9/socket.py", line 844, in create_connection
    sock.connect(sa)
socket.timeout: timed out
2024-12-06 13:55:42,153 - ValveController - ERROR - MQTT connection failed: timed out
Traceback (most recent call last):
  File "/app/valves_node.py", line 62, in connect_mqtt
    self.client.connect(self.broker_host, self.broker_port)
  File "/usr/local/lib/python3.9/site-packages/paho/mqtt/client.py", line 1435, in connect
    return self.reconnect()
  File "/usr/local/lib/python3.9/site-packages/paho/mqtt/client.py", line 1598, in reconnect
    self._sock = self._create_socket()
  File "/usr/local/lib/python3.9/site-packages/paho/mqtt/client.py", line 4609, in _create_socket
    sock = self._create_socket_connection()
  File "/usr/local/lib/python3.9/site-packages/paho/mqtt/client.py", line 4640, in _create_socket_connection
    return socket.create_connection(addr, timeout=self._connect_timeout, source_address=source)
  File "/usr/local/lib/python3.9/socket.py", line 856, in create_connection
    raise err
  File "/usr/local/lib/python3.9/socket.py", line 844, in create_connection
    sock.connect(sa)
socket.timeout: timed out
2024-12-06 13:55:52,162 - ValveController - ERROR - MQTT connection failed: timed out
Traceback (most recent call last):
  File "/app/valves_node.py", line 62, in connect_mqtt
    self.client.connect(self.broker_host, self.broker_port)
  File "/usr/local/lib/python3.9/site-packages/paho/mqtt/client.py", line 1435, in connect
    return self.reconnect()
  File "/usr/local/lib/python3.9/site-packages/paho/mqtt/client.py", line 1598, in reconnect
    self._sock = self._create_socket()
  File "/usr/local/lib/python3.9/site-packages/paho/mqtt/client.py", line 4609, in _create_socket
    sock = self._create_socket_connection()
  File "/usr/local/lib/python3.9/site-packages/paho/mqtt/client.py", line 4640, in _create_socket_connection
    return socket.create_connection(addr, timeout=self._connect_timeout, source_address=source)
  File "/usr/local/lib/python3.9/socket.py", line 856, in create_connection
    raise err
  File "/usr/local/lib/python3.9/socket.py", line 844, in create_connection
    sock.connect(sa)
socket.timeout: timed out
2024-12-06 13:56:02,175 - ValveController - ERROR - MQTT connection failed: timed out
Traceback (most recent call last):
  File "/app/valves_node.py", line 62, in connect_mqtt
    self.client.connect(self.broker_host, self.broker_port)
  File "/usr/local/lib/python3.9/site-packages/paho/mqtt/client.py", line 1435, in connect
    return self.reconnect()
  File "/usr/local/lib/python3.9/site-packages/paho/mqtt/client.py", line 1598, in reconnect
    self._sock = self._create_socket()
  File "/usr/local/lib/python3.9/site-packages/paho/mqtt/client.py", line 4609, in _create_socket
    sock = self._create_socket_connection()
  File "/usr/local/lib/python3.9/site-packages/paho/mqtt/client.py", line 4640, in _create_socket_connection
    return socket.create_connection(addr, timeout=self._connect_timeout, source_address=source)
  File "/usr/local/lib/python3.9/socket.py", line 856, in create_connection
    raise err
  File "/usr/local/lib/python3.9/socket.py", line 844, in create_connection
    sock.connect(sa)
socket.timeout: timed out
2024-12-06 13:56:12,188 - ValveController - ERROR - MQTT connection failed: timed out
Traceback (most recent call last):
  File "/app/valves_node.py", line 62, in connect_mqtt
    self.client.connect(self.broker_host, self.broker_port)
  File "/usr/local/lib/python3.9/site-packages/paho/mqtt/client.py", line 1435, in connect
    return self.reconnect()
  File "/usr/local/lib/python3.9/site-packages/paho/mqtt/client.py", line 1598, in reconnect
    self._sock = self._create_socket()
  File "/usr/local/lib/python3.9/site-packages/paho/mqtt/client.py", line 4609, in _create_socket
    sock = self._create_socket_connection()
  File "/usr/local/lib/python3.9/site-packages/paho/mqtt/client.py", line 4640, in _create_socket_connection
    return socket.create_connection(addr, timeout=self._connect_timeout, source_address=source)
  File "/usr/local/lib/python3.9/socket.py", line 856, in create_connection
    raise err
  File "/usr/local/lib/python3.9/socket.py", line 844, in create_connection
    sock.connect(sa)
socket.timeout: timed out
2024-12-06 13:56:22,198 - ValveController - ERROR - MQTT connection failed: timed out
Traceback (most recent call last):
  File "/app/valves_node.py", line 62, in connect_mqtt
    self.client.connect(self.broker_host, self.broker_port)
  File "/usr/local/lib/python3.9/site-packages/paho/mqtt/client.py", line 1435, in connect
    return self.reconnect()
  File "/usr/local/lib/python3.9/site-packages/paho/mqtt/client.py", line 1598, in reconnect
    self._sock = self._create_socket()
  File "/usr/local/lib/python3.9/site-packages/paho/mqtt/client.py", line 4609, in _create_socket
    sock = self._create_socket_connection()
  File "/usr/local/lib/python3.9/site-packages/paho/mqtt/client.py", line 4640, in _create_socket_connection
    return socket.create_connection(addr, timeout=self._connect_timeout, source_address=source)
  File "/usr/local/lib/python3.9/socket.py", line 856, in create_connection
    raise err
  File "/usr/local/lib/python3.9/socket.py", line 844, in create_connection
    sock.connect(sa)
socket.timeout: timed out
2024-12-06 13:56:32,210 - ValveController - ERROR - MQTT connection failed: timed out
Traceback (most recent call last):
  File "/app/valves_node.py", line 62, in connect_mqtt
    self.client.connect(self.broker_host, self.broker_port)
  File "/usr/local/lib/python3.9/site-packages/paho/mqtt/client.py", line 1435, in connect
    return self.reconnect()
  File "/usr/local/lib/python3.9/site-packages/paho/mqtt/client.py", line 1598, in reconnect
    self._sock = self._create_socket()
  File "/usr/local/lib/python3.9/site-packages/paho/mqtt/client.py", line 4609, in _create_socket
    sock = self._create_socket_connection()
  File "/usr/local/lib/python3.9/site-packages/paho/mqtt/client.py", line 4640, in _create_socket_connection
    return socket.create_connection(addr, timeout=self._connect_timeout, source_address=source)
  File "/usr/local/lib/python3.9/socket.py", line 856, in create_connection
    raise err
  File "/usr/local/lib/python3.9/socket.py", line 844, in create_connection
    sock.connect(sa)
socket.timeout: timed out
2024-12-06 13:56:42,218 - ValveController - ERROR - MQTT connection failed: timed out
Traceback (most recent call last):
  File "/app/valves_node.py", line 62, in connect_mqtt
    self.client.connect(self.broker_host, self.broker_port)
  File "/usr/local/lib/python3.9/site-packages/paho/mqtt/client.py", line 1435, in connect
    return self.reconnect()
  File "/usr/local/lib/python3.9/site-packages/paho/mqtt/client.py", line 1598, in reconnect
    self._sock = self._create_socket()
  File "/usr/local/lib/python3.9/site-packages/paho/mqtt/client.py", line 4609, in _create_socket
    sock = self._create_socket_connection()
  File "/usr/local/lib/python3.9/site-packages/paho/mqtt/client.py", line 4640, in _create_socket_connection
    return socket.create_connection(addr, timeout=self._connect_timeout, source_address=source)
  File "/usr/local/lib/python3.9/socket.py", line 856, in create_connection
    raise err
  File "/usr/local/lib/python3.9/socket.py", line 844, in create_connection
    sock.connect(sa)
socket.timeout: timed out
2024-12-06 13:56:52,230 - ValveController - ERROR - MQTT connection failed: timed out
Traceback (most recent call last):
  File "/app/valves_node.py", line 62, in connect_mqtt
    self.client.connect(self.broker_host, self.broker_port)
  File "/usr/local/lib/python3.9/site-packages/paho/mqtt/client.py", line 1435, in connect
    return self.reconnect()
  File "/usr/local/lib/python3.9/site-packages/paho/mqtt/client.py", line 1598, in reconnect
    self._sock = self._create_socket()
  File "/usr/local/lib/python3.9/site-packages/paho/mqtt/client.py", line 4609, in _create_socket
    sock = self._create_socket_connection()
  File "/usr/local/lib/python3.9/site-packages/paho/mqtt/client.py", line 4640, in _create_socket_connection
    return socket.create_connection(addr, timeout=self._connect_timeout, source_address=source)
  File "/usr/local/lib/python3.9/socket.py", line 856, in create_connection
    raise err
  File "/usr/local/lib/python3.9/socket.py", line 844, in create_connection
    sock.connect(sa)
socket.timeout: timed out
2024-12-06 13:57:02,239 - ValveController - ERROR - MQTT connection failed: timed out
Traceback (most recent call last):
  File "/app/valves_node.py", line 62, in connect_mqtt
    self.client.connect(self.broker_host, self.broker_port)
  File "/usr/local/lib/python3.9/site-packages/paho/mqtt/client.py", line 1435, in connect
    return self.reconnect()
  File "/usr/local/lib/python3.9/site-packages/paho/mqtt/client.py", line 1598, in reconnect
    self._sock = self._create_socket()
  File "/usr/local/lib/python3.9/site-packages/paho/mqtt/client.py", line 4609, in _create_socket
    sock = self._create_socket_connection()
  File "/usr/local/lib/python3.9/site-packages/paho/mqtt/client.py", line 4640, in _create_socket_connection
    return socket.create_connection(addr, timeout=self._connect_timeout, source_address=source)
  File "/usr/local/lib/python3.9/socket.py", line 856, in create_connection
    raise err
  File "/usr/local/lib/python3.9/socket.py", line 844, in create_connection
    sock.connect(sa)
socket.timeout: timed out
2024-12-06 13:57:12,252 - ValveController - ERROR - MQTT connection failed: timed out
Traceback (most recent call last):
  File "/app/valves_node.py", line 62, in connect_mqtt
    self.client.connect(self.broker_host, self.broker_port)
  File "/usr/local/lib/python3.9/site-packages/paho/mqtt/client.py", line 1435, in connect
    return self.reconnect()
  File "/usr/local/lib/python3.9/site-packages/paho/mqtt/client.py", line 1598, in reconnect
    self._sock = self._create_socket()
  File "/usr/local/lib/python3.9/site-packages/paho/mqtt/client.py", line 4609, in _create_socket
    sock = self._create_socket_connection()
  File "/usr/local/lib/python3.9/site-packages/paho/mqtt/client.py", line 4640, in _create_socket_connection
    return socket.create_connection(addr, timeout=self._connect_timeout, source_address=source)
  File "/usr/local/lib/python3.9/socket.py", line 856, in create_connection
    raise err
  File "/usr/local/lib/python3.9/socket.py", line 844, in create_connection
    sock.connect(sa)
socket.timeout: timed out
2024-12-06 13:57:22,265 - ValveController - ERROR - MQTT connection failed: timed out
Traceback (most recent call last):
  File "/app/valves_node.py", line 62, in connect_mqtt
    self.client.connect(self.broker_host, self.broker_port)
  File "/usr/local/lib/python3.9/site-packages/paho/mqtt/client.py", line 1435, in connect
    return self.reconnect()
  File "/usr/local/lib/python3.9/site-packages/paho/mqtt/client.py", line 1598, in reconnect
    self._sock = self._create_socket()
  File "/usr/local/lib/python3.9/site-packages/paho/mqtt/client.py", line 4609, in _create_socket
    sock = self._create_socket_connection()
  File "/usr/local/lib/python3.9/site-packages/paho/mqtt/client.py", line 4640, in _create_socket_connection
    return socket.create_connection(addr, timeout=self._connect_timeout, source_address=source)
  File "/usr/local/lib/python3.9/socket.py", line 856, in create_connection
    raise err
  File "/usr/local/lib/python3.9/socket.py", line 844, in create_connection
    sock.connect(sa)
socket.timeout: timed out
2024-12-06 13:57:32,273 - ValveController - ERROR - MQTT connection failed: timed out
Traceback (most recent call last):
  File "/app/valves_node.py", line 62, in connect_mqtt
    self.client.connect(self.broker_host, self.broker_port)
  File "/usr/local/lib/python3.9/site-packages/paho/mqtt/client.py", line 1435, in connect
    return self.reconnect()
  File "/usr/local/lib/python3.9/site-packages/paho/mqtt/client.py", line 1598, in reconnect
    self._sock = self._create_socket()
  File "/usr/local/lib/python3.9/site-packages/paho/mqtt/client.py", line 4609, in _create_socket
    sock = self._create_socket_connection()
  File "/usr/local/lib/python3.9/site-packages/paho/mqtt/client.py", line 4640, in _create_socket_connection
    return socket.create_connection(addr, timeout=self._connect_timeout, source_address=source)
  File "/usr/local/lib/python3.9/socket.py", line 856, in create_connection
    raise err
  File "/usr/local/lib/python3.9/socket.py", line 844, in create_connection
    sock.connect(sa)
socket.timeout: timed out
2024-12-06 13:57:42,283 - ValveController - ERROR - MQTT connection failed: timed out
Traceback (most recent call last):
  File "/app/valves_node.py", line 62, in connect_mqtt
    self.client.connect(self.broker_host, self.broker_port)
  File "/usr/local/lib/python3.9/site-packages/paho/mqtt/client.py", line 1435, in connect
    return self.reconnect()
  File "/usr/local/lib/python3.9/site-packages/paho/mqtt/client.py", line 1598, in reconnect
    self._sock = self._create_socket()
  File "/usr/local/lib/python3.9/site-packages/paho/mqtt/client.py", line 4609, in _create_socket
    sock = self._create_socket_connection()
  File "/usr/local/lib/python3.9/site-packages/paho/mqtt/client.py", line 4640, in _create_socket_connection
    return socket.create_connection(addr, timeout=self._connect_timeout, source_address=source)
  File "/usr/local/lib/python3.9/socket.py", line 856, in create_connection
    raise err
  File "/usr/local/lib/python3.9/socket.py", line 844, in create_connection
    sock.connect(sa)
socket.timeout: timed out
2024-12-06 13:57:52,295 - ValveController - ERROR - MQTT connection failed: timed out
Traceback (most recent call last):
  File "/app/valves_node.py", line 62, in connect_mqtt
    self.client.connect(self.broker_host, self.broker_port)
  File "/usr/local/lib/python3.9/site-packages/paho/mqtt/client.py", line 1435, in connect
    return self.reconnect()
  File "/usr/local/lib/python3.9/site-packages/paho/mqtt/client.py", line 1598, in reconnect
    self._sock = self._create_socket()
  File "/usr/local/lib/python3.9/site-packages/paho/mqtt/client.py", line 4609, in _create_socket
    sock = self._create_socket_connection()
  File "/usr/local/lib/python3.9/site-packages/paho/mqtt/client.py", line 4640, in _create_socket_connection
    return socket.create_connection(addr, timeout=self._connect_timeout, source_address=source)
  File "/usr/local/lib/python3.9/socket.py", line 856, in create_connection
    raise err
  File "/usr/local/lib/python3.9/socket.py", line 844, in create_connection
    sock.connect(sa)
socket.timeout: timed out
2024-12-06 13:58:02,308 - ValveController - ERROR - MQTT connection failed: timed out
Traceback (most recent call last):
  File "/app/valves_node.py", line 62, in connect_mqtt
    self.client.connect(self.broker_host, self.broker_port)
  File "/usr/local/lib/python3.9/site-packages/paho/mqtt/client.py", line 1435, in connect
    return self.reconnect()
  File "/usr/local/lib/python3.9/site-packages/paho/mqtt/client.py", line 1598, in reconnect
    self._sock = self._create_socket()
  File "/usr/local/lib/python3.9/site-packages/paho/mqtt/client.py", line 4609, in _create_socket
    sock = self._create_socket_connection()
  File "/usr/local/lib/python3.9/site-packages/paho/mqtt/client.py", line 4640, in _create_socket_connection
    return socket.create_connection(addr, timeout=self._connect_timeout, source_address=source)
  File "/usr/local/lib/python3.9/socket.py", line 856, in create_connection
    raise err
  File "/usr/local/lib/python3.9/socket.py", line 844, in create_connection
    sock.connect(sa)
socket.timeout: timed out
2024-12-06 13:58:12,320 - ValveController - ERROR - MQTT connection failed: timed out
Traceback (most recent call last):
  File "/app/valves_node.py", line 62, in connect_mqtt
    self.client.connect(self.broker_host, self.broker_port)
  File "/usr/local/lib/python3.9/site-packages/paho/mqtt/client.py", line 1435, in connect
    return self.reconnect()
  File "/usr/local/lib/python3.9/site-packages/paho/mqtt/client.py", line 1598, in reconnect
    self._sock = self._create_socket()
  File "/usr/local/lib/python3.9/site-packages/paho/mqtt/client.py", line 4609, in _create_socket
    sock = self._create_socket_connection()
  File "/usr/local/lib/python3.9/site-packages/paho/mqtt/client.py", line 4640, in _create_socket_connection
    return socket.create_connection(addr, timeout=self._connect_timeout, source_address=source)
  File "/usr/local/lib/python3.9/socket.py", line 856, in create_connection
    raise err
  File "/usr/local/lib/python3.9/socket.py", line 844, in create_connection
    sock.connect(sa)
socket.timeout: timed out
2024-12-06 13:58:22,330 - ValveController - ERROR - MQTT connection failed: timed out
Traceback (most recent call last):
  File "/app/valves_node.py", line 62, in connect_mqtt
    self.client.connect(self.broker_host, self.broker_port)
  File "/usr/local/lib/python3.9/site-packages/paho/mqtt/client.py", line 1435, in connect
    return self.reconnect()
  File "/usr/local/lib/python3.9/site-packages/paho/mqtt/client.py", line 1598, in reconnect
    self._sock = self._create_socket()
  File "/usr/local/lib/python3.9/site-packages/paho/mqtt/client.py", line 4609, in _create_socket
    sock = self._create_socket_connection()
  File "/usr/local/lib/python3.9/site-packages/paho/mqtt/client.py", line 4640, in _create_socket_connection
    return socket.create_connection(addr, timeout=self._connect_timeout, source_address=source)
  File "/usr/local/lib/python3.9/socket.py", line 856, in create_connection
    raise err
  File "/usr/local/lib/python3.9/socket.py", line 844, in create_connection
    sock.connect(sa)
socket.timeout: timed out
2024-12-06 13:58:32,342 - ValveController - ERROR - MQTT connection failed: timed out
Traceback (most recent call last):
  File "/app/valves_node.py", line 62, in connect_mqtt
    self.client.connect(self.broker_host, self.broker_port)
  File "/usr/local/lib/python3.9/site-packages/paho/mqtt/client.py", line 1435, in connect
    return self.reconnect()
  File "/usr/local/lib/python3.9/site-packages/paho/mqtt/client.py", line 1598, in reconnect
    self._sock = self._create_socket()
  File "/usr/local/lib/python3.9/site-packages/paho/mqtt/client.py", line 4609, in _create_socket
    sock = self._create_socket_connection()
  File "/usr/local/lib/python3.9/site-packages/paho/mqtt/client.py", line 4640, in _create_socket_connection
    return socket.create_connection(addr, timeout=self._connect_timeout, source_address=source)
  File "/usr/local/lib/python3.9/socket.py", line 856, in create_connection
    raise err
  File "/usr/local/lib/python3.9/socket.py", line 844, in create_connection
    sock.connect(sa)
socket.timeout: timed out
2024-12-06 13:58:42,355 - ValveController - ERROR - MQTT connection failed: timed out
Traceback (most recent call last):
  File "/app/valves_node.py", line 62, in connect_mqtt
    self.client.connect(self.broker_host, self.broker_port)
  File "/usr/local/lib/python3.9/site-packages/paho/mqtt/client.py", line 1435, in connect
    return self.reconnect()
  File "/usr/local/lib/python3.9/site-packages/paho/mqtt/client.py", line 1598, in reconnect
    self._sock = self._create_socket()
  File "/usr/local/lib/python3.9/site-packages/paho/mqtt/client.py", line 4609, in _create_socket
    sock = self._create_socket_connection()
  File "/usr/local/lib/python3.9/site-packages/paho/mqtt/client.py", line 4640, in _create_socket_connection
    return socket.create_connection(addr, timeout=self._connect_timeout, source_address=source)
  File "/usr/local/lib/python3.9/socket.py", line 856, in create_connection
    raise err
  File "/usr/local/lib/python3.9/socket.py", line 844, in create_connection
    sock.connect(sa)
socket.timeout: timed out
2024-12-06 13:58:52,366 - ValveController - ERROR - MQTT connection failed: timed out
Traceback (most recent call last):
  File "/app/valves_node.py", line 62, in connect_mqtt
    self.client.connect(self.broker_host, self.broker_port)
  File "/usr/local/lib/python3.9/site-packages/paho/mqtt/client.py", line 1435, in connect
    return self.reconnect()
  File "/usr/local/lib/python3.9/site-packages/paho/mqtt/client.py", line 1598, in reconnect
    self._sock = self._create_socket()
  File "/usr/local/lib/python3.9/site-packages/paho/mqtt/client.py", line 4609, in _create_socket
    sock = self._create_socket_connection()
  File "/usr/local/lib/python3.9/site-packages/paho/mqtt/client.py", line 4640, in _create_socket_connection
    return socket.create_connection(addr, timeout=self._connect_timeout, source_address=source)
  File "/usr/local/lib/python3.9/socket.py", line 856, in create_connection
    raise err
  File "/usr/local/lib/python3.9/socket.py", line 844, in create_connection
    sock.connect(sa)
socket.timeout: timed out
2024-12-06 13:59:02,378 - ValveController - ERROR - MQTT connection failed: timed out
Traceback (most recent call last):
  File "/app/valves_node.py", line 62, in connect_mqtt
    self.client.connect(self.broker_host, self.broker_port)
  File "/usr/local/lib/python3.9/site-packages/paho/mqtt/client.py", line 1435, in connect
    return self.reconnect()
  File "/usr/local/lib/python3.9/site-packages/paho/mqtt/client.py", line 1598, in reconnect
    self._sock = self._create_socket()
  File "/usr/local/lib/python3.9/site-packages/paho/mqtt/client.py", line 4609, in _create_socket
    sock = self._create_socket_connection()
  File "/usr/local/lib/python3.9/site-packages/paho/mqtt/client.py", line 4640, in _create_socket_connection
    return socket.create_connection(addr, timeout=self._connect_timeout, source_address=source)
  File "/usr/local/lib/python3.9/socket.py", line 856, in create_connection
    raise err
  File "/usr/local/lib/python3.9/socket.py", line 844, in create_connection
    sock.connect(sa)
socket.timeout: timed out
2024-12-06 13:59:12,391 - ValveController - ERROR - MQTT connection failed: timed out
Traceback (most recent call last):
  File "/app/valves_node.py", line 62, in connect_mqtt
    self.client.connect(self.broker_host, self.broker_port)
  File "/usr/local/lib/python3.9/site-packages/paho/mqtt/client.py", line 1435, in connect
    return self.reconnect()
  File "/usr/local/lib/python3.9/site-packages/paho/mqtt/client.py", line 1598, in reconnect
    self._sock = self._create_socket()
  File "/usr/local/lib/python3.9/site-packages/paho/mqtt/client.py", line 4609, in _create_socket
    sock = self._create_socket_connection()
  File "/usr/local/lib/python3.9/site-packages/paho/mqtt/client.py", line 4640, in _create_socket_connection
    return socket.create_connection(addr, timeout=self._connect_timeout, source_address=source)
  File "/usr/local/lib/python3.9/socket.py", line 856, in create_connection
    raise err
  File "/usr/local/lib/python3.9/socket.py", line 844, in create_connection
    sock.connect(sa)
socket.timeout: timed out
2024-12-06 13:59:22,404 - ValveController - ERROR - MQTT connection failed: timed out
Traceback (most recent call last):
  File "/app/valves_node.py", line 62, in connect_mqtt
    self.client.connect(self.broker_host, self.broker_port)
  File "/usr/local/lib/python3.9/site-packages/paho/mqtt/client.py", line 1435, in connect
    return self.reconnect()
  File "/usr/local/lib/python3.9/site-packages/paho/mqtt/client.py", line 1598, in reconnect
    self._sock = self._create_socket()
  File "/usr/local/lib/python3.9/site-packages/paho/mqtt/client.py", line 4609, in _create_socket
    sock = self._create_socket_connection()
  File "/usr/local/lib/python3.9/site-packages/paho/mqtt/client.py", line 4640, in _create_socket_connection
    return socket.create_connection(addr, timeout=self._connect_timeout, source_address=source)
  File "/usr/local/lib/python3.9/socket.py", line 856, in create_connection
    raise err
  File "/usr/local/lib/python3.9/socket.py", line 844, in create_connection
    sock.connect(sa)
socket.timeout: timed out
2024-12-06 13:59:32,416 - ValveController - ERROR - MQTT connection failed: timed out
Traceback (most recent call last):
  File "/app/valves_node.py", line 62, in connect_mqtt
    self.client.connect(self.broker_host, self.broker_port)
  File "/usr/local/lib/python3.9/site-packages/paho/mqtt/client.py", line 1435, in connect
    return self.reconnect()
  File "/usr/local/lib/python3.9/site-packages/paho/mqtt/client.py", line 1598, in reconnect
    self._sock = self._create_socket()
  File "/usr/local/lib/python3.9/site-packages/paho/mqtt/client.py", line 4609, in _create_socket
    sock = self._create_socket_connection()
  File "/usr/local/lib/python3.9/site-packages/paho/mqtt/client.py", line 4640, in _create_socket_connection
    return socket.create_connection(addr, timeout=self._connect_timeout, source_address=source)
  File "/usr/local/lib/python3.9/socket.py", line 856, in create_connection
    raise err
  File "/usr/local/lib/python3.9/socket.py", line 844, in create_connection
    sock.connect(sa)
socket.timeout: timed out
2024-12-06 13:59:42,429 - ValveController - ERROR - MQTT connection failed: timed out
Traceback (most recent call last):
  File "/app/valves_node.py", line 62, in connect_mqtt
    self.client.connect(self.broker_host, self.broker_port)
  File "/usr/local/lib/python3.9/site-packages/paho/mqtt/client.py", line 1435, in connect
    return self.reconnect()
  File "/usr/local/lib/python3.9/site-packages/paho/mqtt/client.py", line 1598, in reconnect
    self._sock = self._create_socket()
  File "/usr/local/lib/python3.9/site-packages/paho/mqtt/client.py", line 4609, in _create_socket
    sock = self._create_socket_connection()
  File "/usr/local/lib/python3.9/site-packages/paho/mqtt/client.py", line 4640, in _create_socket_connection
    return socket.create_connection(addr, timeout=self._connect_timeout, source_address=source)
  File "/usr/local/lib/python3.9/socket.py", line 856, in create_connection
    raise err
  File "/usr/local/lib/python3.9/socket.py", line 844, in create_connection
    sock.connect(sa)
socket.timeout: timed out
2024-12-06 13:59:52,437 - ValveController - ERROR - MQTT connection failed: timed out
Traceback (most recent call last):
  File "/app/valves_node.py", line 62, in connect_mqtt
    self.client.connect(self.broker_host, self.broker_port)
  File "/usr/local/lib/python3.9/site-packages/paho/mqtt/client.py", line 1435, in connect
    return self.reconnect()
  File "/usr/local/lib/python3.9/site-packages/paho/mqtt/client.py", line 1598, in reconnect
    self._sock = self._create_socket()
  File "/usr/local/lib/python3.9/site-packages/paho/mqtt/client.py", line 4609, in _create_socket
    sock = self._create_socket_connection()
  File "/usr/local/lib/python3.9/site-packages/paho/mqtt/client.py", line 4640, in _create_socket_connection
    return socket.create_connection(addr, timeout=self._connect_timeout, source_address=source)
  File "/usr/local/lib/python3.9/socket.py", line 856, in create_connection
    raise err
  File "/usr/local/lib/python3.9/socket.py", line 844, in create_connection
    sock.connect(sa)
socket.timeout: timed out
2024-12-06 14:00:02,450 - ValveController - ERROR - MQTT connection failed: timed out
Traceback (most recent call last):
  File "/app/valves_node.py", line 62, in connect_mqtt
    self.client.connect(self.broker_host, self.broker_port)
  File "/usr/local/lib/python3.9/site-packages/paho/mqtt/client.py", line 1435, in connect
    return self.reconnect()
  File "/usr/local/lib/python3.9/site-packages/paho/mqtt/client.py", line 1598, in reconnect
    self._sock = self._create_socket()
  File "/usr/local/lib/python3.9/site-packages/paho/mqtt/client.py", line 4609, in _create_socket
    sock = self._create_socket_connection()
  File "/usr/local/lib/python3.9/site-packages/paho/mqtt/client.py", line 4640, in _create_socket_connection
    return socket.create_connection(addr, timeout=self._connect_timeout, source_address=source)
  File "/usr/local/lib/python3.9/socket.py", line 856, in create_connection
    raise err
  File "/usr/local/lib/python3.9/socket.py", line 844, in create_connection
    sock.connect(sa)
socket.timeout: timed out
2024-12-06 14:00:12,462 - ValveController - ERROR - MQTT connection failed: timed out
Traceback (most recent call last):
  File "/app/valves_node.py", line 62, in connect_mqtt
    self.client.connect(self.broker_host, self.broker_port)
  File "/usr/local/lib/python3.9/site-packages/paho/mqtt/client.py", line 1435, in connect
    return self.reconnect()
  File "/usr/local/lib/python3.9/site-packages/paho/mqtt/client.py", line 1598, in reconnect
    self._sock = self._create_socket()
  File "/usr/local/lib/python3.9/site-packages/paho/mqtt/client.py", line 4609, in _create_socket
    sock = self._create_socket_connection()
  File "/usr/local/lib/python3.9/site-packages/paho/mqtt/client.py", line 4640, in _create_socket_connection
    return socket.create_connection(addr, timeout=self._connect_timeout, source_address=source)
  File "/usr/local/lib/python3.9/socket.py", line 856, in create_connection
    raise err
  File "/usr/local/lib/python3.9/socket.py", line 844, in create_connection
    sock.connect(sa)
socket.timeout: timed out
2024-12-06 14:00:22,475 - ValveController - ERROR - MQTT connection failed: timed out
Traceback (most recent call last):
  File "/app/valves_node.py", line 62, in connect_mqtt
    self.client.connect(self.broker_host, self.broker_port)
  File "/usr/local/lib/python3.9/site-packages/paho/mqtt/client.py", line 1435, in connect
    return self.reconnect()
  File "/usr/local/lib/python3.9/site-packages/paho/mqtt/client.py", line 1598, in reconnect
    self._sock = self._create_socket()
  File "/usr/local/lib/python3.9/site-packages/paho/mqtt/client.py", line 4609, in _create_socket
    sock = self._create_socket_connection()
  File "/usr/local/lib/python3.9/site-packages/paho/mqtt/client.py", line 4640, in _create_socket_connection
    return socket.create_connection(addr, timeout=self._connect_timeout, source_address=source)
  File "/usr/local/lib/python3.9/socket.py", line 856, in create_connection
    raise err
  File "/usr/local/lib/python3.9/socket.py", line 844, in create_connection
    sock.connect(sa)
socket.timeout: timed out
2024-12-06 14:00:32,488 - ValveController - ERROR - MQTT connection failed: timed out
Traceback (most recent call last):
  File "/app/valves_node.py", line 62, in connect_mqtt
    self.client.connect(self.broker_host, self.broker_port)
  File "/usr/local/lib/python3.9/site-packages/paho/mqtt/client.py", line 1435, in connect
    return self.reconnect()
  File "/usr/local/lib/python3.9/site-packages/paho/mqtt/client.py", line 1598, in reconnect
    self._sock = self._create_socket()
  File "/usr/local/lib/python3.9/site-packages/paho/mqtt/client.py", line 4609, in _create_socket
    sock = self._create_socket_connection()
  File "/usr/local/lib/python3.9/site-packages/paho/mqtt/client.py", line 4640, in _create_socket_connection
    return socket.create_connection(addr, timeout=self._connect_timeout, source_address=source)
  File "/usr/local/lib/python3.9/socket.py", line 856, in create_connection
    raise err
  File "/usr/local/lib/python3.9/socket.py", line 844, in create_connection
    sock.connect(sa)
socket.timeout: timed out
2024-12-06 14:00:42,500 - ValveController - ERROR - MQTT connection failed: timed out
Traceback (most recent call last):
  File "/app/valves_node.py", line 62, in connect_mqtt
    self.client.connect(self.broker_host, self.broker_port)
  File "/usr/local/lib/python3.9/site-packages/paho/mqtt/client.py", line 1435, in connect
    return self.reconnect()
  File "/usr/local/lib/python3.9/site-packages/paho/mqtt/client.py", line 1598, in reconnect
    self._sock = self._create_socket()
  File "/usr/local/lib/python3.9/site-packages/paho/mqtt/client.py", line 4609, in _create_socket
    sock = self._create_socket_connection()
  File "/usr/local/lib/python3.9/site-packages/paho/mqtt/client.py", line 4640, in _create_socket_connection
    return socket.create_connection(addr, timeout=self._connect_timeout, source_address=source)
  File "/usr/local/lib/python3.9/socket.py", line 856, in create_connection
    raise err
  File "/usr/local/lib/python3.9/socket.py", line 844, in create_connection
    sock.connect(sa)
socket.timeout: timed out
2024-12-06 14:00:52,510 - ValveController - ERROR - MQTT connection failed: timed out
Traceback (most recent call last):
  File "/app/valves_node.py", line 62, in connect_mqtt
    self.client.connect(self.broker_host, self.broker_port)
  File "/usr/local/lib/python3.9/site-packages/paho/mqtt/client.py", line 1435, in connect
    return self.reconnect()
  File "/usr/local/lib/python3.9/site-packages/paho/mqtt/client.py", line 1598, in reconnect
    self._sock = self._create_socket()
  File "/usr/local/lib/python3.9/site-packages/paho/mqtt/client.py", line 4609, in _create_socket
    sock = self._create_socket_connection()
  File "/usr/local/lib/python3.9/site-packages/paho/mqtt/client.py", line 4640, in _create_socket_connection
    return socket.create_connection(addr, timeout=self._connect_timeout, source_address=source)
  File "/usr/local/lib/python3.9/socket.py", line 856, in create_connection
    raise err
  File "/usr/local/lib/python3.9/socket.py", line 844, in create_connection
    sock.connect(sa)
socket.timeout: timed out
2024-12-06 14:01:02,522 - ValveController - ERROR - MQTT connection failed: timed out
Traceback (most recent call last):
  File "/app/valves_node.py", line 62, in connect_mqtt
    self.client.connect(self.broker_host, self.broker_port)
  File "/usr/local/lib/python3.9/site-packages/paho/mqtt/client.py", line 1435, in connect
    return self.reconnect()
  File "/usr/local/lib/python3.9/site-packages/paho/mqtt/client.py", line 1598, in reconnect
    self._sock = self._create_socket()
  File "/usr/local/lib/python3.9/site-packages/paho/mqtt/client.py", line 4609, in _create_socket
    sock = self._create_socket_connection()
  File "/usr/local/lib/python3.9/site-packages/paho/mqtt/client.py", line 4640, in _create_socket_connection
    return socket.create_connection(addr, timeout=self._connect_timeout, source_address=source)
  File "/usr/local/lib/python3.9/socket.py", line 856, in create_connection
    raise err
  File "/usr/local/lib/python3.9/socket.py", line 844, in create_connection
    sock.connect(sa)
socket.timeout: timed out
2024-12-06 14:01:12,530 - ValveController - ERROR - MQTT connection failed: timed out
Traceback (most recent call last):
  File "/app/valves_node.py", line 62, in connect_mqtt
    self.client.connect(self.broker_host, self.broker_port)
  File "/usr/local/lib/python3.9/site-packages/paho/mqtt/client.py", line 1435, in connect
    return self.reconnect()
  File "/usr/local/lib/python3.9/site-packages/paho/mqtt/client.py", line 1598, in reconnect
    self._sock = self._create_socket()
  File "/usr/local/lib/python3.9/site-packages/paho/mqtt/client.py", line 4609, in _create_socket
    sock = self._create_socket_connection()
  File "/usr/local/lib/python3.9/site-packages/paho/mqtt/client.py", line 4640, in _create_socket_connection
    return socket.create_connection(addr, timeout=self._connect_timeout, source_address=source)
  File "/usr/local/lib/python3.9/socket.py", line 856, in create_connection
    raise err
  File "/usr/local/lib/python3.9/socket.py", line 844, in create_connection
    sock.connect(sa)
socket.timeout: timed out
2024-12-06 14:01:22,543 - ValveController - ERROR - MQTT connection failed: timed out
Traceback (most recent call last):
  File "/app/valves_node.py", line 62, in connect_mqtt
    self.client.connect(self.broker_host, self.broker_port)
  File "/usr/local/lib/python3.9/site-packages/paho/mqtt/client.py", line 1435, in connect
    return self.reconnect()
  File "/usr/local/lib/python3.9/site-packages/paho/mqtt/client.py", line 1598, in reconnect
    self._sock = self._create_socket()
  File "/usr/local/lib/python3.9/site-packages/paho/mqtt/client.py", line 4609, in _create_socket
    sock = self._create_socket_connection()
  File "/usr/local/lib/python3.9/site-packages/paho/mqtt/client.py", line 4640, in _create_socket_connection
    return socket.create_connection(addr, timeout=self._connect_timeout, source_address=source)
  File "/usr/local/lib/python3.9/socket.py", line 856, in create_connection
    raise err
  File "/usr/local/lib/python3.9/socket.py", line 844, in create_connection
    sock.connect(sa)
socket.timeout: timed out
2024-12-06 14:01:32,556 - ValveController - ERROR - MQTT connection failed: timed out
Traceback (most recent call last):
  File "/app/valves_node.py", line 62, in connect_mqtt
    self.client.connect(self.broker_host, self.broker_port)
  File "/usr/local/lib/python3.9/site-packages/paho/mqtt/client.py", line 1435, in connect
    return self.reconnect()
  File "/usr/local/lib/python3.9/site-packages/paho/mqtt/client.py", line 1598, in reconnect
    self._sock = self._create_socket()
  File "/usr/local/lib/python3.9/site-packages/paho/mqtt/client.py", line 4609, in _create_socket
    sock = self._create_socket_connection()
  File "/usr/local/lib/python3.9/site-packages/paho/mqtt/client.py", line 4640, in _create_socket_connection
    return socket.create_connection(addr, timeout=self._connect_timeout, source_address=source)
  File "/usr/local/lib/python3.9/socket.py", line 856, in create_connection
    raise err
  File "/usr/local/lib/python3.9/socket.py", line 844, in create_connection
    sock.connect(sa)
socket.timeout: timed out
2024-12-06 14:01:42,568 - ValveController - ERROR - MQTT connection failed: timed out
Traceback (most recent call last):
  File "/app/valves_node.py", line 62, in connect_mqtt
    self.client.connect(self.broker_host, self.broker_port)
  File "/usr/local/lib/python3.9/site-packages/paho/mqtt/client.py", line 1435, in connect
    return self.reconnect()
  File "/usr/local/lib/python3.9/site-packages/paho/mqtt/client.py", line 1598, in reconnect
    self._sock = self._create_socket()
  File "/usr/local/lib/python3.9/site-packages/paho/mqtt/client.py", line 4609, in _create_socket
    sock = self._create_socket_connection()
  File "/usr/local/lib/python3.9/site-packages/paho/mqtt/client.py", line 4640, in _create_socket_connection
    return socket.create_connection(addr, timeout=self._connect_timeout, source_address=source)
  File "/usr/local/lib/python3.9/socket.py", line 856, in create_connection
    raise err
  File "/usr/local/lib/python3.9/socket.py", line 844, in create_connection
    sock.connect(sa)
socket.timeout: timed out
2024-12-06 14:01:52,580 - ValveController - ERROR - MQTT connection failed: timed out
Traceback (most recent call last):
  File "/app/valves_node.py", line 62, in connect_mqtt
    self.client.connect(self.broker_host, self.broker_port)
  File "/usr/local/lib/python3.9/site-packages/paho/mqtt/client.py", line 1435, in connect
    return self.reconnect()
  File "/usr/local/lib/python3.9/site-packages/paho/mqtt/client.py", line 1598, in reconnect
    self._sock = self._create_socket()
  File "/usr/local/lib/python3.9/site-packages/paho/mqtt/client.py", line 4609, in _create_socket
    sock = self._create_socket_connection()
  File "/usr/local/lib/python3.9/site-packages/paho/mqtt/client.py", line 4640, in _create_socket_connection
    return socket.create_connection(addr, timeout=self._connect_timeout, source_address=source)
  File "/usr/local/lib/python3.9/socket.py", line 856, in create_connection
    raise err
  File "/usr/local/lib/python3.9/socket.py", line 844, in create_connection
    sock.connect(sa)
socket.timeout: timed out
2024-12-06 14:02:02,593 - ValveController - ERROR - MQTT connection failed: timed out
Traceback (most recent call last):
  File "/app/valves_node.py", line 62, in connect_mqtt
    self.client.connect(self.broker_host, self.broker_port)
  File "/usr/local/lib/python3.9/site-packages/paho/mqtt/client.py", line 1435, in connect
    return self.reconnect()
  File "/usr/local/lib/python3.9/site-packages/paho/mqtt/client.py", line 1598, in reconnect
    self._sock = self._create_socket()
  File "/usr/local/lib/python3.9/site-packages/paho/mqtt/client.py", line 4609, in _create_socket
    sock = self._create_socket_connection()
  File "/usr/local/lib/python3.9/site-packages/paho/mqtt/client.py", line 4640, in _create_socket_connection
    return socket.create_connection(addr, timeout=self._connect_timeout, source_address=source)
  File "/usr/local/lib/python3.9/socket.py", line 856, in create_connection
    raise err
  File "/usr/local/lib/python3.9/socket.py", line 844, in create_connection
    sock.connect(sa)
socket.timeout: timed out
2024-12-06 14:02:12,606 - ValveController - ERROR - MQTT connection failed: timed out
Traceback (most recent call last):
  File "/app/valves_node.py", line 62, in connect_mqtt
    self.client.connect(self.broker_host, self.broker_port)
  File "/usr/local/lib/python3.9/site-packages/paho/mqtt/client.py", line 1435, in connect
    return self.reconnect()
  File "/usr/local/lib/python3.9/site-packages/paho/mqtt/client.py", line 1598, in reconnect
    self._sock = self._create_socket()
  File "/usr/local/lib/python3.9/site-packages/paho/mqtt/client.py", line 4609, in _create_socket
    sock = self._create_socket_connection()
  File "/usr/local/lib/python3.9/site-packages/paho/mqtt/client.py", line 4640, in _create_socket_connection
    return socket.create_connection(addr, timeout=self._connect_timeout, source_address=source)
  File "/usr/local/lib/python3.9/socket.py", line 856, in create_connection
    raise err
  File "/usr/local/lib/python3.9/socket.py", line 844, in create_connection
    sock.connect(sa)
socket.timeout: timed out
2024-12-06 14:02:22,614 - ValveController - ERROR - MQTT connection failed: timed out
Traceback (most recent call last):
  File "/app/valves_node.py", line 62, in connect_mqtt
    self.client.connect(self.broker_host, self.broker_port)
  File "/usr/local/lib/python3.9/site-packages/paho/mqtt/client.py", line 1435, in connect
    return self.reconnect()
  File "/usr/local/lib/python3.9/site-packages/paho/mqtt/client.py", line 1598, in reconnect
    self._sock = self._create_socket()
  File "/usr/local/lib/python3.9/site-packages/paho/mqtt/client.py", line 4609, in _create_socket
    sock = self._create_socket_connection()
  File "/usr/local/lib/python3.9/site-packages/paho/mqtt/client.py", line 4640, in _create_socket_connection
    return socket.create_connection(addr, timeout=self._connect_timeout, source_address=source)
  File "/usr/local/lib/python3.9/socket.py", line 856, in create_connection
    raise err
  File "/usr/local/lib/python3.9/socket.py", line 844, in create_connection
    sock.connect(sa)
socket.timeout: timed out
2024-12-06 14:02:32,627 - ValveController - ERROR - MQTT connection failed: timed out
Traceback (most recent call last):
  File "/app/valves_node.py", line 62, in connect_mqtt
    self.client.connect(self.broker_host, self.broker_port)
  File "/usr/local/lib/python3.9/site-packages/paho/mqtt/client.py", line 1435, in connect
    return self.reconnect()
  File "/usr/local/lib/python3.9/site-packages/paho/mqtt/client.py", line 1598, in reconnect
    self._sock = self._create_socket()
  File "/usr/local/lib/python3.9/site-packages/paho/mqtt/client.py", line 4609, in _create_socket
    sock = self._create_socket_connection()
  File "/usr/local/lib/python3.9/site-packages/paho/mqtt/client.py", line 4640, in _create_socket_connection
    return socket.create_connection(addr, timeout=self._connect_timeout, source_address=source)
  File "/usr/local/lib/python3.9/socket.py", line 856, in create_connection
    raise err
  File "/usr/local/lib/python3.9/socket.py", line 844, in create_connection
    sock.connect(sa)
socket.timeout: timed out
2024-12-06 14:02:42,640 - ValveController - ERROR - MQTT connection failed: timed out
Traceback (most recent call last):
  File "/app/valves_node.py", line 62, in connect_mqtt
    self.client.connect(self.broker_host, self.broker_port)
  File "/usr/local/lib/python3.9/site-packages/paho/mqtt/client.py", line 1435, in connect
    return self.reconnect()
  File "/usr/local/lib/python3.9/site-packages/paho/mqtt/client.py", line 1598, in reconnect
    self._sock = self._create_socket()
  File "/usr/local/lib/python3.9/site-packages/paho/mqtt/client.py", line 4609, in _create_socket
    sock = self._create_socket_connection()
  File "/usr/local/lib/python3.9/site-packages/paho/mqtt/client.py", line 4640, in _create_socket_connection
    return socket.create_connection(addr, timeout=self._connect_timeout, source_address=source)
  File "/usr/local/lib/python3.9/socket.py", line 856, in create_connection
    raise err
  File "/usr/local/lib/python3.9/socket.py", line 844, in create_connection
    sock.connect(sa)
socket.timeout: timed out
2024-12-06 14:02:52,652 - ValveController - ERROR - MQTT connection failed: timed out
Traceback (most recent call last):
  File "/app/valves_node.py", line 62, in connect_mqtt
    self.client.connect(self.broker_host, self.broker_port)
  File "/usr/local/lib/python3.9/site-packages/paho/mqtt/client.py", line 1435, in connect
    return self.reconnect()
  File "/usr/local/lib/python3.9/site-packages/paho/mqtt/client.py", line 1598, in reconnect
    self._sock = self._create_socket()
  File "/usr/local/lib/python3.9/site-packages/paho/mqtt/client.py", line 4609, in _create_socket
    sock = self._create_socket_connection()
  File "/usr/local/lib/python3.9/site-packages/paho/mqtt/client.py", line 4640, in _create_socket_connection
    return socket.create_connection(addr, timeout=self._connect_timeout, source_address=source)
  File "/usr/local/lib/python3.9/socket.py", line 856, in create_connection
    raise err
  File "/usr/local/lib/python3.9/socket.py", line 844, in create_connection
    sock.connect(sa)
socket.timeout: timed out
2024-12-06 14:03:02,665 - ValveController - ERROR - MQTT connection failed: timed out
Traceback (most recent call last):
  File "/app/valves_node.py", line 62, in connect_mqtt
    self.client.connect(self.broker_host, self.broker_port)
  File "/usr/local/lib/python3.9/site-packages/paho/mqtt/client.py", line 1435, in connect
    return self.reconnect()
  File "/usr/local/lib/python3.9/site-packages/paho/mqtt/client.py", line 1598, in reconnect
    self._sock = self._create_socket()
  File "/usr/local/lib/python3.9/site-packages/paho/mqtt/client.py", line 4609, in _create_socket
    sock = self._create_socket_connection()
  File "/usr/local/lib/python3.9/site-packages/paho/mqtt/client.py", line 4640, in _create_socket_connection
    return socket.create_connection(addr, timeout=self._connect_timeout, source_address=source)
  File "/usr/local/lib/python3.9/socket.py", line 856, in create_connection
    raise err
  File "/usr/local/lib/python3.9/socket.py", line 844, in create_connection
    sock.connect(sa)
socket.timeout: timed out
2024-12-06 14:03:12,678 - ValveController - ERROR - MQTT connection failed: timed out
Traceback (most recent call last):
  File "/app/valves_node.py", line 62, in connect_mqtt
    self.client.connect(self.broker_host, self.broker_port)
  File "/usr/local/lib/python3.9/site-packages/paho/mqtt/client.py", line 1435, in connect
    return self.reconnect()
  File "/usr/local/lib/python3.9/site-packages/paho/mqtt/client.py", line 1598, in reconnect
    self._sock = self._create_socket()
  File "/usr/local/lib/python3.9/site-packages/paho/mqtt/client.py", line 4609, in _create_socket
    sock = self._create_socket_connection()
  File "/usr/local/lib/python3.9/site-packages/paho/mqtt/client.py", line 4640, in _create_socket_connection
    return socket.create_connection(addr, timeout=self._connect_timeout, source_address=source)
  File "/usr/local/lib/python3.9/socket.py", line 856, in create_connection
    raise err
  File "/usr/local/lib/python3.9/socket.py", line 844, in create_connection
    sock.connect(sa)
socket.timeout: timed out
2024-12-06 14:03:22,690 - ValveController - ERROR - MQTT connection failed: timed out
Traceback (most recent call last):
  File "/app/valves_node.py", line 62, in connect_mqtt
    self.client.connect(self.broker_host, self.broker_port)
  File "/usr/local/lib/python3.9/site-packages/paho/mqtt/client.py", line 1435, in connect
    return self.reconnect()
  File "/usr/local/lib/python3.9/site-packages/paho/mqtt/client.py", line 1598, in reconnect
    self._sock = self._create_socket()
  File "/usr/local/lib/python3.9/site-packages/paho/mqtt/client.py", line 4609, in _create_socket
    sock = self._create_socket_connection()
  File "/usr/local/lib/python3.9/site-packages/paho/mqtt/client.py", line 4640, in _create_socket_connection
    return socket.create_connection(addr, timeout=self._connect_timeout, source_address=source)
  File "/usr/local/lib/python3.9/socket.py", line 856, in create_connection
    raise err
  File "/usr/local/lib/python3.9/socket.py", line 844, in create_connection
    sock.connect(sa)
socket.timeout: timed out
2024-12-06 14:03:32,702 - ValveController - ERROR - MQTT connection failed: timed out
Traceback (most recent call last):
  File "/app/valves_node.py", line 62, in connect_mqtt
    self.client.connect(self.broker_host, self.broker_port)
  File "/usr/local/lib/python3.9/site-packages/paho/mqtt/client.py", line 1435, in connect
    return self.reconnect()
  File "/usr/local/lib/python3.9/site-packages/paho/mqtt/client.py", line 1598, in reconnect
    self._sock = self._create_socket()
  File "/usr/local/lib/python3.9/site-packages/paho/mqtt/client.py", line 4609, in _create_socket
    sock = self._create_socket_connection()
  File "/usr/local/lib/python3.9/site-packages/paho/mqtt/client.py", line 4640, in _create_socket_connection
    return socket.create_connection(addr, timeout=self._connect_timeout, source_address=source)
  File "/usr/local/lib/python3.9/socket.py", line 856, in create_connection
    raise err
  File "/usr/local/lib/python3.9/socket.py", line 844, in create_connection
    sock.connect(sa)
socket.timeout: timed out
2024-12-06 14:03:42,712 - ValveController - ERROR - MQTT connection failed: timed out
Traceback (most recent call last):
  File "/app/valves_node.py", line 62, in connect_mqtt
    self.client.connect(self.broker_host, self.broker_port)
  File "/usr/local/lib/python3.9/site-packages/paho/mqtt/client.py", line 1435, in connect
    return self.reconnect()
  File "/usr/local/lib/python3.9/site-packages/paho/mqtt/client.py", line 1598, in reconnect
    self._sock = self._create_socket()
  File "/usr/local/lib/python3.9/site-packages/paho/mqtt/client.py", line 4609, in _create_socket
    sock = self._create_socket_connection()
  File "/usr/local/lib/python3.9/site-packages/paho/mqtt/client.py", line 4640, in _create_socket_connection
    return socket.create_connection(addr, timeout=self._connect_timeout, source_address=source)
  File "/usr/local/lib/python3.9/socket.py", line 856, in create_connection
    raise err
  File "/usr/local/lib/python3.9/socket.py", line 844, in create_connection
    sock.connect(sa)
socket.timeout: timed out
2024-12-06 14:03:52,724 - ValveController - ERROR - MQTT connection failed: timed out
Traceback (most recent call last):
  File "/app/valves_node.py", line 62, in connect_mqtt
    self.client.connect(self.broker_host, self.broker_port)
  File "/usr/local/lib/python3.9/site-packages/paho/mqtt/client.py", line 1435, in connect
    return self.reconnect()
  File "/usr/local/lib/python3.9/site-packages/paho/mqtt/client.py", line 1598, in reconnect
    self._sock = self._create_socket()
  File "/usr/local/lib/python3.9/site-packages/paho/mqtt/client.py", line 4609, in _create_socket
    sock = self._create_socket_connection()
  File "/usr/local/lib/python3.9/site-packages/paho/mqtt/client.py", line 4640, in _create_socket_connection
    return socket.create_connection(addr, timeout=self._connect_timeout, source_address=source)
  File "/usr/local/lib/python3.9/socket.py", line 856, in create_connection
    raise err
  File "/usr/local/lib/python3.9/socket.py", line 844, in create_connection
    sock.connect(sa)
socket.timeout: timed out
2024-12-06 14:04:02,732 - ValveController - ERROR - MQTT connection failed: timed out
Traceback (most recent call last):
  File "/app/valves_node.py", line 62, in connect_mqtt
    self.client.connect(self.broker_host, self.broker_port)
  File "/usr/local/lib/python3.9/site-packages/paho/mqtt/client.py", line 1435, in connect
    return self.reconnect()
  File "/usr/local/lib/python3.9/site-packages/paho/mqtt/client.py", line 1598, in reconnect
    self._sock = self._create_socket()
  File "/usr/local/lib/python3.9/site-packages/paho/mqtt/client.py", line 4609, in _create_socket
    sock = self._create_socket_connection()
  File "/usr/local/lib/python3.9/site-packages/paho/mqtt/client.py", line 4640, in _create_socket_connection
    return socket.create_connection(addr, timeout=self._connect_timeout, source_address=source)
  File "/usr/local/lib/python3.9/socket.py", line 856, in create_connection
    raise err
  File "/usr/local/lib/python3.9/socket.py", line 844, in create_connection
    sock.connect(sa)
socket.timeout: timed out
2024-12-06 14:04:12,744 - ValveController - ERROR - MQTT connection failed: timed out
Traceback (most recent call last):
  File "/app/valves_node.py", line 62, in connect_mqtt
    self.client.connect(self.broker_host, self.broker_port)
  File "/usr/local/lib/python3.9/site-packages/paho/mqtt/client.py", line 1435, in connect
    return self.reconnect()
  File "/usr/local/lib/python3.9/site-packages/paho/mqtt/client.py", line 1598, in reconnect
    self._sock = self._create_socket()
  File "/usr/local/lib/python3.9/site-packages/paho/mqtt/client.py", line 4609, in _create_socket
    sock = self._create_socket_connection()
  File "/usr/local/lib/python3.9/site-packages/paho/mqtt/client.py", line 4640, in _create_socket_connection
    return socket.create_connection(addr, timeout=self._connect_timeout, source_address=source)
  File "/usr/local/lib/python3.9/socket.py", line 856, in create_connection
    raise err
  File "/usr/local/lib/python3.9/socket.py", line 844, in create_connection
    sock.connect(sa)
socket.timeout: timed out
2024-12-06 14:04:22,757 - ValveController - ERROR - MQTT connection failed: timed out
Traceback (most recent call last):
  File "/app/valves_node.py", line 62, in connect_mqtt
    self.client.connect(self.broker_host, self.broker_port)
  File "/usr/local/lib/python3.9/site-packages/paho/mqtt/client.py", line 1435, in connect
    return self.reconnect()
  File "/usr/local/lib/python3.9/site-packages/paho/mqtt/client.py", line 1598, in reconnect
    self._sock = self._create_socket()
  File "/usr/local/lib/python3.9/site-packages/paho/mqtt/client.py", line 4609, in _create_socket
    sock = self._create_socket_connection()
  File "/usr/local/lib/python3.9/site-packages/paho/mqtt/client.py", line 4640, in _create_socket_connection
    return socket.create_connection(addr, timeout=self._connect_timeout, source_address=source)
  File "/usr/local/lib/python3.9/socket.py", line 856, in create_connection
    raise err
  File "/usr/local/lib/python3.9/socket.py", line 844, in create_connection
    sock.connect(sa)
socket.timeout: timed out
2024-12-06 14:04:32,766 - ValveController - ERROR - MQTT connection failed: timed out
Traceback (most recent call last):
  File "/app/valves_node.py", line 62, in connect_mqtt
    self.client.connect(self.broker_host, self.broker_port)
  File "/usr/local/lib/python3.9/site-packages/paho/mqtt/client.py", line 1435, in connect
    return self.reconnect()
  File "/usr/local/lib/python3.9/site-packages/paho/mqtt/client.py", line 1598, in reconnect
    self._sock = self._create_socket()
  File "/usr/local/lib/python3.9/site-packages/paho/mqtt/client.py", line 4609, in _create_socket
    sock = self._create_socket_connection()
  File "/usr/local/lib/python3.9/site-packages/paho/mqtt/client.py", line 4640, in _create_socket_connection
    return socket.create_connection(addr, timeout=self._connect_timeout, source_address=source)
  File "/usr/local/lib/python3.9/socket.py", line 856, in create_connection
    raise err
  File "/usr/local/lib/python3.9/socket.py", line 844, in create_connection
    sock.connect(sa)
socket.timeout: timed out
2024-12-06 14:04:42,776 - ValveController - ERROR - MQTT connection failed: timed out
Traceback (most recent call last):
  File "/app/valves_node.py", line 62, in connect_mqtt
    self.client.connect(self.broker_host, self.broker_port)
  File "/usr/local/lib/python3.9/site-packages/paho/mqtt/client.py", line 1435, in connect
    return self.reconnect()
  File "/usr/local/lib/python3.9/site-packages/paho/mqtt/client.py", line 1598, in reconnect
    self._sock = self._create_socket()
  File "/usr/local/lib/python3.9/site-packages/paho/mqtt/client.py", line 4609, in _create_socket
    sock = self._create_socket_connection()
  File "/usr/local/lib/python3.9/site-packages/paho/mqtt/client.py", line 4640, in _create_socket_connection
    return socket.create_connection(addr, timeout=self._connect_timeout, source_address=source)
  File "/usr/local/lib/python3.9/socket.py", line 856, in create_connection
    raise err
  File "/usr/local/lib/python3.9/socket.py", line 844, in create_connection
    sock.connect(sa)
socket.timeout: timed out
2024-12-06 14:04:52,789 - ValveController - ERROR - MQTT connection failed: timed out
Traceback (most recent call last):
  File "/app/valves_node.py", line 62, in connect_mqtt
    self.client.connect(self.broker_host, self.broker_port)
  File "/usr/local/lib/python3.9/site-packages/paho/mqtt/client.py", line 1435, in connect
    return self.reconnect()
  File "/usr/local/lib/python3.9/site-packages/paho/mqtt/client.py", line 1598, in reconnect
    self._sock = self._create_socket()
  File "/usr/local/lib/python3.9/site-packages/paho/mqtt/client.py", line 4609, in _create_socket
    sock = self._create_socket_connection()
  File "/usr/local/lib/python3.9/site-packages/paho/mqtt/client.py", line 4640, in _create_socket_connection
    return socket.create_connection(addr, timeout=self._connect_timeout, source_address=source)
  File "/usr/local/lib/python3.9/socket.py", line 856, in create_connection
    raise err
  File "/usr/local/lib/python3.9/socket.py", line 844, in create_connection
    sock.connect(sa)
socket.timeout: timed out
2024-12-06 14:05:02,802 - ValveController - ERROR - MQTT connection failed: timed out
Traceback (most recent call last):
  File "/app/valves_node.py", line 62, in connect_mqtt
    self.client.connect(self.broker_host, self.broker_port)
  File "/usr/local/lib/python3.9/site-packages/paho/mqtt/client.py", line 1435, in connect
    return self.reconnect()
  File "/usr/local/lib/python3.9/site-packages/paho/mqtt/client.py", line 1598, in reconnect
    self._sock = self._create_socket()
  File "/usr/local/lib/python3.9/site-packages/paho/mqtt/client.py", line 4609, in _create_socket
    sock = self._create_socket_connection()
  File "/usr/local/lib/python3.9/site-packages/paho/mqtt/client.py", line 4640, in _create_socket_connection
    return socket.create_connection(addr, timeout=self._connect_timeout, source_address=source)
  File "/usr/local/lib/python3.9/socket.py", line 856, in create_connection
    raise err
  File "/usr/local/lib/python3.9/socket.py", line 844, in create_connection
    sock.connect(sa)
socket.timeout: timed out
2024-12-06 14:05:12,813 - ValveController - ERROR - MQTT connection failed: timed out
Traceback (most recent call last):
  File "/app/valves_node.py", line 62, in connect_mqtt
    self.client.connect(self.broker_host, self.broker_port)
  File "/usr/local/lib/python3.9/site-packages/paho/mqtt/client.py", line 1435, in connect
    return self.reconnect()
  File "/usr/local/lib/python3.9/site-packages/paho/mqtt/client.py", line 1598, in reconnect
    self._sock = self._create_socket()
  File "/usr/local/lib/python3.9/site-packages/paho/mqtt/client.py", line 4609, in _create_socket
    sock = self._create_socket_connection()
  File "/usr/local/lib/python3.9/site-packages/paho/mqtt/client.py", line 4640, in _create_socket_connection
    return socket.create_connection(addr, timeout=self._connect_timeout, source_address=source)
  File "/usr/local/lib/python3.9/socket.py", line 856, in create_connection
    raise err
  File "/usr/local/lib/python3.9/socket.py", line 844, in create_connection
    sock.connect(sa)
socket.timeout: timed out
2024-12-06 14:05:22,822 - ValveController - ERROR - MQTT connection failed: timed out
Traceback (most recent call last):
  File "/app/valves_node.py", line 62, in connect_mqtt
    self.client.connect(self.broker_host, self.broker_port)
  File "/usr/local/lib/python3.9/site-packages/paho/mqtt/client.py", line 1435, in connect
    return self.reconnect()
  File "/usr/local/lib/python3.9/site-packages/paho/mqtt/client.py", line 1598, in reconnect
    self._sock = self._create_socket()
  File "/usr/local/lib/python3.9/site-packages/paho/mqtt/client.py", line 4609, in _create_socket
    sock = self._create_socket_connection()
  File "/usr/local/lib/python3.9/site-packages/paho/mqtt/client.py", line 4640, in _create_socket_connection
    return socket.create_connection(addr, timeout=self._connect_timeout, source_address=source)
  File "/usr/local/lib/python3.9/socket.py", line 856, in create_connection
    raise err
  File "/usr/local/lib/python3.9/socket.py", line 844, in create_connection
    sock.connect(sa)
socket.timeout: timed out
2024-12-06 14:05:32,834 - ValveController - ERROR - MQTT connection failed: timed out
Traceback (most recent call last):
  File "/app/valves_node.py", line 62, in connect_mqtt
    self.client.connect(self.broker_host, self.broker_port)
  File "/usr/local/lib/python3.9/site-packages/paho/mqtt/client.py", line 1435, in connect
    return self.reconnect()
  File "/usr/local/lib/python3.9/site-packages/paho/mqtt/client.py", line 1598, in reconnect
    self._sock = self._create_socket()
  File "/usr/local/lib/python3.9/site-packages/paho/mqtt/client.py", line 4609, in _create_socket
    sock = self._create_socket_connection()
  File "/usr/local/lib/python3.9/site-packages/paho/mqtt/client.py", line 4640, in _create_socket_connection
    return socket.create_connection(addr, timeout=self._connect_timeout, source_address=source)
  File "/usr/local/lib/python3.9/socket.py", line 856, in create_connection
    raise err
  File "/usr/local/lib/python3.9/socket.py", line 844, in create_connection
    sock.connect(sa)
socket.timeout: timed out
2024-12-06 14:05:42,846 - ValveController - ERROR - MQTT connection failed: timed out
Traceback (most recent call last):
  File "/app/valves_node.py", line 62, in connect_mqtt
    self.client.connect(self.broker_host, self.broker_port)
  File "/usr/local/lib/python3.9/site-packages/paho/mqtt/client.py", line 1435, in connect
    return self.reconnect()
  File "/usr/local/lib/python3.9/site-packages/paho/mqtt/client.py", line 1598, in reconnect
    self._sock = self._create_socket()
  File "/usr/local/lib/python3.9/site-packages/paho/mqtt/client.py", line 4609, in _create_socket
    sock = self._create_socket_connection()
  File "/usr/local/lib/python3.9/site-packages/paho/mqtt/client.py", line 4640, in _create_socket_connection
    return socket.create_connection(addr, timeout=self._connect_timeout, source_address=source)
  File "/usr/local/lib/python3.9/socket.py", line 856, in create_connection
    raise err
  File "/usr/local/lib/python3.9/socket.py", line 844, in create_connection
    sock.connect(sa)
socket.timeout: timed out
2024-12-06 14:05:52,860 - ValveController - ERROR - MQTT connection failed: timed out
Traceback (most recent call last):
  File "/app/valves_node.py", line 62, in connect_mqtt
    self.client.connect(self.broker_host, self.broker_port)
  File "/usr/local/lib/python3.9/site-packages/paho/mqtt/client.py", line 1435, in connect
    return self.reconnect()
  File "/usr/local/lib/python3.9/site-packages/paho/mqtt/client.py", line 1598, in reconnect
    self._sock = self._create_socket()
  File "/usr/local/lib/python3.9/site-packages/paho/mqtt/client.py", line 4609, in _create_socket
    sock = self._create_socket_connection()
  File "/usr/local/lib/python3.9/site-packages/paho/mqtt/client.py", line 4640, in _create_socket_connection
    return socket.create_connection(addr, timeout=self._connect_timeout, source_address=source)
  File "/usr/local/lib/python3.9/socket.py", line 856, in create_connection
    raise err
  File "/usr/local/lib/python3.9/socket.py", line 844, in create_connection
    sock.connect(sa)
socket.timeout: timed out
2024-12-06 14:06:02,871 - ValveController - ERROR - MQTT connection failed: timed out
Traceback (most recent call last):
  File "/app/valves_node.py", line 62, in connect_mqtt
    self.client.connect(self.broker_host, self.broker_port)
  File "/usr/local/lib/python3.9/site-packages/paho/mqtt/client.py", line 1435, in connect
    return self.reconnect()
  File "/usr/local/lib/python3.9/site-packages/paho/mqtt/client.py", line 1598, in reconnect
    self._sock = self._create_socket()
  File "/usr/local/lib/python3.9/site-packages/paho/mqtt/client.py", line 4609, in _create_socket
    sock = self._create_socket_connection()
  File "/usr/local/lib/python3.9/site-packages/paho/mqtt/client.py", line 4640, in _create_socket_connection
    return socket.create_connection(addr, timeout=self._connect_timeout, source_address=source)
  File "/usr/local/lib/python3.9/socket.py", line 856, in create_connection
    raise err
  File "/usr/local/lib/python3.9/socket.py", line 844, in create_connection
    sock.connect(sa)
socket.timeout: timed out
2024-12-06 14:06:12,884 - ValveController - ERROR - MQTT connection failed: timed out
Traceback (most recent call last):
  File "/app/valves_node.py", line 62, in connect_mqtt
    self.client.connect(self.broker_host, self.broker_port)
  File "/usr/local/lib/python3.9/site-packages/paho/mqtt/client.py", line 1435, in connect
    return self.reconnect()
  File "/usr/local/lib/python3.9/site-packages/paho/mqtt/client.py", line 1598, in reconnect
    self._sock = self._create_socket()
  File "/usr/local/lib/python3.9/site-packages/paho/mqtt/client.py", line 4609, in _create_socket
    sock = self._create_socket_connection()
  File "/usr/local/lib/python3.9/site-packages/paho/mqtt/client.py", line 4640, in _create_socket_connection
    return socket.create_connection(addr, timeout=self._connect_timeout, source_address=source)
  File "/usr/local/lib/python3.9/socket.py", line 856, in create_connection
    raise err
  File "/usr/local/lib/python3.9/socket.py", line 844, in create_connection
    sock.connect(sa)
socket.timeout: timed out
2024-12-06 14:06:22,892 - ValveController - ERROR - MQTT connection failed: timed out
Traceback (most recent call last):
  File "/app/valves_node.py", line 62, in connect_mqtt
    self.client.connect(self.broker_host, self.broker_port)
  File "/usr/local/lib/python3.9/site-packages/paho/mqtt/client.py", line 1435, in connect
    return self.reconnect()
  File "/usr/local/lib/python3.9/site-packages/paho/mqtt/client.py", line 1598, in reconnect
    self._sock = self._create_socket()
  File "/usr/local/lib/python3.9/site-packages/paho/mqtt/client.py", line 4609, in _create_socket
    sock = self._create_socket_connection()
  File "/usr/local/lib/python3.9/site-packages/paho/mqtt/client.py", line 4640, in _create_socket_connection
    return socket.create_connection(addr, timeout=self._connect_timeout, source_address=source)
  File "/usr/local/lib/python3.9/socket.py", line 856, in create_connection
    raise err
  File "/usr/local/lib/python3.9/socket.py", line 844, in create_connection
    sock.connect(sa)
socket.timeout: timed out
2024-12-06 14:06:32,905 - ValveController - ERROR - MQTT connection failed: timed out
Traceback (most recent call last):
  File "/app/valves_node.py", line 62, in connect_mqtt
    self.client.connect(self.broker_host, self.broker_port)
  File "/usr/local/lib/python3.9/site-packages/paho/mqtt/client.py", line 1435, in connect
    return self.reconnect()
  File "/usr/local/lib/python3.9/site-packages/paho/mqtt/client.py", line 1598, in reconnect
    self._sock = self._create_socket()
  File "/usr/local/lib/python3.9/site-packages/paho/mqtt/client.py", line 4609, in _create_socket
    sock = self._create_socket_connection()
  File "/usr/local/lib/python3.9/site-packages/paho/mqtt/client.py", line 4640, in _create_socket_connection
    return socket.create_connection(addr, timeout=self._connect_timeout, source_address=source)
  File "/usr/local/lib/python3.9/socket.py", line 856, in create_connection
    raise err
  File "/usr/local/lib/python3.9/socket.py", line 844, in create_connection
    sock.connect(sa)
socket.timeout: timed out
2024-12-06 14:06:42,914 - ValveController - ERROR - MQTT connection failed: timed out
Traceback (most recent call last):
  File "/app/valves_node.py", line 62, in connect_mqtt
    self.client.connect(self.broker_host, self.broker_port)
  File "/usr/local/lib/python3.9/site-packages/paho/mqtt/client.py", line 1435, in connect
    return self.reconnect()
  File "/usr/local/lib/python3.9/site-packages/paho/mqtt/client.py", line 1598, in reconnect
    self._sock = self._create_socket()
  File "/usr/local/lib/python3.9/site-packages/paho/mqtt/client.py", line 4609, in _create_socket
    sock = self._create_socket_connection()
  File "/usr/local/lib/python3.9/site-packages/paho/mqtt/client.py", line 4640, in _create_socket_connection
    return socket.create_connection(addr, timeout=self._connect_timeout, source_address=source)
  File "/usr/local/lib/python3.9/socket.py", line 856, in create_connection
    raise err
  File "/usr/local/lib/python3.9/socket.py", line 844, in create_connection
    sock.connect(sa)
socket.timeout: timed out
2024-12-06 14:06:52,923 - ValveController - ERROR - MQTT connection failed: timed out
Traceback (most recent call last):
  File "/app/valves_node.py", line 62, in connect_mqtt
    self.client.connect(self.broker_host, self.broker_port)
  File "/usr/local/lib/python3.9/site-packages/paho/mqtt/client.py", line 1435, in connect
    return self.reconnect()
  File "/usr/local/lib/python3.9/site-packages/paho/mqtt/client.py", line 1598, in reconnect
    self._sock = self._create_socket()
  File "/usr/local/lib/python3.9/site-packages/paho/mqtt/client.py", line 4609, in _create_socket
    sock = self._create_socket_connection()
  File "/usr/local/lib/python3.9/site-packages/paho/mqtt/client.py", line 4640, in _create_socket_connection
    return socket.create_connection(addr, timeout=self._connect_timeout, source_address=source)
  File "/usr/local/lib/python3.9/socket.py", line 856, in create_connection
    raise err
  File "/usr/local/lib/python3.9/socket.py", line 844, in create_connection
    sock.connect(sa)
socket.timeout: timed out
2024-12-06 14:07:02,937 - ValveController - ERROR - MQTT connection failed: timed out
Traceback (most recent call last):
  File "/app/valves_node.py", line 62, in connect_mqtt
    self.client.connect(self.broker_host, self.broker_port)
  File "/usr/local/lib/python3.9/site-packages/paho/mqtt/client.py", line 1435, in connect
    return self.reconnect()
  File "/usr/local/lib/python3.9/site-packages/paho/mqtt/client.py", line 1598, in reconnect
    self._sock = self._create_socket()
  File "/usr/local/lib/python3.9/site-packages/paho/mqtt/client.py", line 4609, in _create_socket
    sock = self._create_socket_connection()
  File "/usr/local/lib/python3.9/site-packages/paho/mqtt/client.py", line 4640, in _create_socket_connection
    return socket.create_connection(addr, timeout=self._connect_timeout, source_address=source)
  File "/usr/local/lib/python3.9/socket.py", line 856, in create_connection
    raise err
  File "/usr/local/lib/python3.9/socket.py", line 844, in create_connection
    sock.connect(sa)
socket.timeout: timed out
2024-12-06 14:07:12,944 - ValveController - ERROR - MQTT connection failed: timed out
Traceback (most recent call last):
  File "/app/valves_node.py", line 62, in connect_mqtt
    self.client.connect(self.broker_host, self.broker_port)
  File "/usr/local/lib/python3.9/site-packages/paho/mqtt/client.py", line 1435, in connect
    return self.reconnect()
  File "/usr/local/lib/python3.9/site-packages/paho/mqtt/client.py", line 1598, in reconnect
    self._sock = self._create_socket()
  File "/usr/local/lib/python3.9/site-packages/paho/mqtt/client.py", line 4609, in _create_socket
    sock = self._create_socket_connection()
  File "/usr/local/lib/python3.9/site-packages/paho/mqtt/client.py", line 4640, in _create_socket_connection
    return socket.create_connection(addr, timeout=self._connect_timeout, source_address=source)
  File "/usr/local/lib/python3.9/socket.py", line 856, in create_connection
    raise err
  File "/usr/local/lib/python3.9/socket.py", line 844, in create_connection
    sock.connect(sa)
socket.timeout: timed out
2024-12-06 14:07:22,955 - ValveController - ERROR - MQTT connection failed: timed out
Traceback (most recent call last):
  File "/app/valves_node.py", line 62, in connect_mqtt
    self.client.connect(self.broker_host, self.broker_port)
  File "/usr/local/lib/python3.9/site-packages/paho/mqtt/client.py", line 1435, in connect
    return self.reconnect()
  File "/usr/local/lib/python3.9/site-packages/paho/mqtt/client.py", line 1598, in reconnect
    self._sock = self._create_socket()
  File "/usr/local/lib/python3.9/site-packages/paho/mqtt/client.py", line 4609, in _create_socket
    sock = self._create_socket_connection()
  File "/usr/local/lib/python3.9/site-packages/paho/mqtt/client.py", line 4640, in _create_socket_connection
    return socket.create_connection(addr, timeout=self._connect_timeout, source_address=source)
  File "/usr/local/lib/python3.9/socket.py", line 856, in create_connection
    raise err
  File "/usr/local/lib/python3.9/socket.py", line 844, in create_connection
    sock.connect(sa)
socket.timeout: timed out
2024-12-06 14:07:32,968 - ValveController - ERROR - MQTT connection failed: timed out
Traceback (most recent call last):
  File "/app/valves_node.py", line 62, in connect_mqtt
    self.client.connect(self.broker_host, self.broker_port)
  File "/usr/local/lib/python3.9/site-packages/paho/mqtt/client.py", line 1435, in connect
    return self.reconnect()
  File "/usr/local/lib/python3.9/site-packages/paho/mqtt/client.py", line 1598, in reconnect
    self._sock = self._create_socket()
  File "/usr/local/lib/python3.9/site-packages/paho/mqtt/client.py", line 4609, in _create_socket
    sock = self._create_socket_connection()
  File "/usr/local/lib/python3.9/site-packages/paho/mqtt/client.py", line 4640, in _create_socket_connection
    return socket.create_connection(addr, timeout=self._connect_timeout, source_address=source)
  File "/usr/local/lib/python3.9/socket.py", line 856, in create_connection
    raise err
  File "/usr/local/lib/python3.9/socket.py", line 844, in create_connection
    sock.connect(sa)
socket.timeout: timed out
2024-12-06 14:07:42,981 - ValveController - ERROR - MQTT connection failed: timed out
Traceback (most recent call last):
  File "/app/valves_node.py", line 62, in connect_mqtt
    self.client.connect(self.broker_host, self.broker_port)
  File "/usr/local/lib/python3.9/site-packages/paho/mqtt/client.py", line 1435, in connect
    return self.reconnect()
  File "/usr/local/lib/python3.9/site-packages/paho/mqtt/client.py", line 1598, in reconnect
    self._sock = self._create_socket()
  File "/usr/local/lib/python3.9/site-packages/paho/mqtt/client.py", line 4609, in _create_socket
    sock = self._create_socket_connection()
  File "/usr/local/lib/python3.9/site-packages/paho/mqtt/client.py", line 4640, in _create_socket_connection
    return socket.create_connection(addr, timeout=self._connect_timeout, source_address=source)
  File "/usr/local/lib/python3.9/socket.py", line 856, in create_connection
    raise err
  File "/usr/local/lib/python3.9/socket.py", line 844, in create_connection
    sock.connect(sa)
socket.timeout: timed out
2024-12-06 14:07:52,991 - ValveController - ERROR - MQTT connection failed: timed out
Traceback (most recent call last):
  File "/app/valves_node.py", line 62, in connect_mqtt
    self.client.connect(self.broker_host, self.broker_port)
  File "/usr/local/lib/python3.9/site-packages/paho/mqtt/client.py", line 1435, in connect
    return self.reconnect()
  File "/usr/local/lib/python3.9/site-packages/paho/mqtt/client.py", line 1598, in reconnect
    self._sock = self._create_socket()
  File "/usr/local/lib/python3.9/site-packages/paho/mqtt/client.py", line 4609, in _create_socket
    sock = self._create_socket_connection()
  File "/usr/local/lib/python3.9/site-packages/paho/mqtt/client.py", line 4640, in _create_socket_connection
    return socket.create_connection(addr, timeout=self._connect_timeout, source_address=source)
  File "/usr/local/lib/python3.9/socket.py", line 856, in create_connection
    raise err
  File "/usr/local/lib/python3.9/socket.py", line 844, in create_connection
    sock.connect(sa)
socket.timeout: timed out
2024-12-06 14:08:03,004 - ValveController - ERROR - MQTT connection failed: timed out
Traceback (most recent call last):
  File "/app/valves_node.py", line 62, in connect_mqtt
    self.client.connect(self.broker_host, self.broker_port)
  File "/usr/local/lib/python3.9/site-packages/paho/mqtt/client.py", line 1435, in connect
    return self.reconnect()
  File "/usr/local/lib/python3.9/site-packages/paho/mqtt/client.py", line 1598, in reconnect
    self._sock = self._create_socket()
  File "/usr/local/lib/python3.9/site-packages/paho/mqtt/client.py", line 4609, in _create_socket
    sock = self._create_socket_connection()
  File "/usr/local/lib/python3.9/site-packages/paho/mqtt/client.py", line 4640, in _create_socket_connection
    return socket.create_connection(addr, timeout=self._connect_timeout, source_address=source)
  File "/usr/local/lib/python3.9/socket.py", line 856, in create_connection
    raise err
  File "/usr/local/lib/python3.9/socket.py", line 844, in create_connection
    sock.connect(sa)
socket.timeout: timed out
2024-12-06 14:08:13,016 - ValveController - ERROR - MQTT connection failed: timed out
Traceback (most recent call last):
  File "/app/valves_node.py", line 62, in connect_mqtt
    self.client.connect(self.broker_host, self.broker_port)
  File "/usr/local/lib/python3.9/site-packages/paho/mqtt/client.py", line 1435, in connect
    return self.reconnect()
  File "/usr/local/lib/python3.9/site-packages/paho/mqtt/client.py", line 1598, in reconnect
    self._sock = self._create_socket()
  File "/usr/local/lib/python3.9/site-packages/paho/mqtt/client.py", line 4609, in _create_socket
    sock = self._create_socket_connection()
  File "/usr/local/lib/python3.9/site-packages/paho/mqtt/client.py", line 4640, in _create_socket_connection
    return socket.create_connection(addr, timeout=self._connect_timeout, source_address=source)
  File "/usr/local/lib/python3.9/socket.py", line 856, in create_connection
    raise err
  File "/usr/local/lib/python3.9/socket.py", line 844, in create_connection
    sock.connect(sa)
socket.timeout: timed out
2024-12-06 14:08:23,027 - ValveController - ERROR - MQTT connection failed: timed out
Traceback (most recent call last):
  File "/app/valves_node.py", line 62, in connect_mqtt
    self.client.connect(self.broker_host, self.broker_port)
  File "/usr/local/lib/python3.9/site-packages/paho/mqtt/client.py", line 1435, in connect
    return self.reconnect()
  File "/usr/local/lib/python3.9/site-packages/paho/mqtt/client.py", line 1598, in reconnect
    self._sock = self._create_socket()
  File "/usr/local/lib/python3.9/site-packages/paho/mqtt/client.py", line 4609, in _create_socket
    sock = self._create_socket_connection()
  File "/usr/local/lib/python3.9/site-packages/paho/mqtt/client.py", line 4640, in _create_socket_connection
    return socket.create_connection(addr, timeout=self._connect_timeout, source_address=source)
  File "/usr/local/lib/python3.9/socket.py", line 856, in create_connection
    raise err
  File "/usr/local/lib/python3.9/socket.py", line 844, in create_connection
    sock.connect(sa)
socket.timeout: timed out
2024-12-06 14:08:33,040 - ValveController - ERROR - MQTT connection failed: timed out
Traceback (most recent call last):
  File "/app/valves_node.py", line 62, in connect_mqtt
    self.client.connect(self.broker_host, self.broker_port)
  File "/usr/local/lib/python3.9/site-packages/paho/mqtt/client.py", line 1435, in connect
    return self.reconnect()
  File "/usr/local/lib/python3.9/site-packages/paho/mqtt/client.py", line 1598, in reconnect
    self._sock = self._create_socket()
  File "/usr/local/lib/python3.9/site-packages/paho/mqtt/client.py", line 4609, in _create_socket
    sock = self._create_socket_connection()
  File "/usr/local/lib/python3.9/site-packages/paho/mqtt/client.py", line 4640, in _create_socket_connection
    return socket.create_connection(addr, timeout=self._connect_timeout, source_address=source)
  File "/usr/local/lib/python3.9/socket.py", line 856, in create_connection
    raise err
  File "/usr/local/lib/python3.9/socket.py", line 844, in create_connection
    sock.connect(sa)
socket.timeout: timed out
2024-12-06 14:08:43,053 - ValveController - ERROR - MQTT connection failed: timed out
Traceback (most recent call last):
  File "/app/valves_node.py", line 62, in connect_mqtt
    self.client.connect(self.broker_host, self.broker_port)
  File "/usr/local/lib/python3.9/site-packages/paho/mqtt/client.py", line 1435, in connect
    return self.reconnect()
  File "/usr/local/lib/python3.9/site-packages/paho/mqtt/client.py", line 1598, in reconnect
    self._sock = self._create_socket()
  File "/usr/local/lib/python3.9/site-packages/paho/mqtt/client.py", line 4609, in _create_socket
    sock = self._create_socket_connection()
  File "/usr/local/lib/python3.9/site-packages/paho/mqtt/client.py", line 4640, in _create_socket_connection
    return socket.create_connection(addr, timeout=self._connect_timeout, source_address=source)
  File "/usr/local/lib/python3.9/socket.py", line 856, in create_connection
    raise err
  File "/usr/local/lib/python3.9/socket.py", line 844, in create_connection
    sock.connect(sa)
socket.timeout: timed out
2024-12-06 14:08:53,060 - ValveController - ERROR - MQTT connection failed: timed out
Traceback (most recent call last):
  File "/app/valves_node.py", line 62, in connect_mqtt
    self.client.connect(self.broker_host, self.broker_port)
  File "/usr/local/lib/python3.9/site-packages/paho/mqtt/client.py", line 1435, in connect
    return self.reconnect()
  File "/usr/local/lib/python3.9/site-packages/paho/mqtt/client.py", line 1598, in reconnect
    self._sock = self._create_socket()
  File "/usr/local/lib/python3.9/site-packages/paho/mqtt/client.py", line 4609, in _create_socket
    sock = self._create_socket_connection()
  File "/usr/local/lib/python3.9/site-packages/paho/mqtt/client.py", line 4640, in _create_socket_connection
    return socket.create_connection(addr, timeout=self._connect_timeout, source_address=source)
  File "/usr/local/lib/python3.9/socket.py", line 856, in create_connection
    raise err
  File "/usr/local/lib/python3.9/socket.py", line 844, in create_connection
    sock.connect(sa)
socket.timeout: timed out
2024-12-06 14:09:03,067 - ValveController - ERROR - MQTT connection failed: timed out
Traceback (most recent call last):
  File "/app/valves_node.py", line 62, in connect_mqtt
    self.client.connect(self.broker_host, self.broker_port)
  File "/usr/local/lib/python3.9/site-packages/paho/mqtt/client.py", line 1435, in connect
    return self.reconnect()
  File "/usr/local/lib/python3.9/site-packages/paho/mqtt/client.py", line 1598, in reconnect
    self._sock = self._create_socket()
  File "/usr/local/lib/python3.9/site-packages/paho/mqtt/client.py", line 4609, in _create_socket
    sock = self._create_socket_connection()
  File "/usr/local/lib/python3.9/site-packages/paho/mqtt/client.py", line 4640, in _create_socket_connection
    return socket.create_connection(addr, timeout=self._connect_timeout, source_address=source)
  File "/usr/local/lib/python3.9/socket.py", line 856, in create_connection
    raise err
  File "/usr/local/lib/python3.9/socket.py", line 844, in create_connection
    sock.connect(sa)
socket.timeout: timed out
2024-12-06 14:09:13,075 - ValveController - ERROR - MQTT connection failed: timed out
Traceback (most recent call last):
  File "/app/valves_node.py", line 62, in connect_mqtt
    self.client.connect(self.broker_host, self.broker_port)
  File "/usr/local/lib/python3.9/site-packages/paho/mqtt/client.py", line 1435, in connect
    return self.reconnect()
  File "/usr/local/lib/python3.9/site-packages/paho/mqtt/client.py", line 1598, in reconnect
    self._sock = self._create_socket()
  File "/usr/local/lib/python3.9/site-packages/paho/mqtt/client.py", line 4609, in _create_socket
    sock = self._create_socket_connection()
  File "/usr/local/lib/python3.9/site-packages/paho/mqtt/client.py", line 4640, in _create_socket_connection
    return socket.create_connection(addr, timeout=self._connect_timeout, source_address=source)
  File "/usr/local/lib/python3.9/socket.py", line 856, in create_connection
    raise err
  File "/usr/local/lib/python3.9/socket.py", line 844, in create_connection
    sock.connect(sa)
socket.timeout: timed out
2024-12-06 14:09:23,087 - ValveController - ERROR - MQTT connection failed: timed out
Traceback (most recent call last):
  File "/app/valves_node.py", line 62, in connect_mqtt
    self.client.connect(self.broker_host, self.broker_port)
  File "/usr/local/lib/python3.9/site-packages/paho/mqtt/client.py", line 1435, in connect
    return self.reconnect()
  File "/usr/local/lib/python3.9/site-packages/paho/mqtt/client.py", line 1598, in reconnect
    self._sock = self._create_socket()
  File "/usr/local/lib/python3.9/site-packages/paho/mqtt/client.py", line 4609, in _create_socket
    sock = self._create_socket_connection()
  File "/usr/local/lib/python3.9/site-packages/paho/mqtt/client.py", line 4640, in _create_socket_connection
    return socket.create_connection(addr, timeout=self._connect_timeout, source_address=source)
  File "/usr/local/lib/python3.9/socket.py", line 856, in create_connection
    raise err
  File "/usr/local/lib/python3.9/socket.py", line 844, in create_connection
    sock.connect(sa)
socket.timeout: timed out
2024-12-06 14:09:33,098 - ValveController - ERROR - MQTT connection failed: timed out
Traceback (most recent call last):
  File "/app/valves_node.py", line 62, in connect_mqtt
    self.client.connect(self.broker_host, self.broker_port)
  File "/usr/local/lib/python3.9/site-packages/paho/mqtt/client.py", line 1435, in connect
    return self.reconnect()
  File "/usr/local/lib/python3.9/site-packages/paho/mqtt/client.py", line 1598, in reconnect
    self._sock = self._create_socket()
  File "/usr/local/lib/python3.9/site-packages/paho/mqtt/client.py", line 4609, in _create_socket
    sock = self._create_socket_connection()
  File "/usr/local/lib/python3.9/site-packages/paho/mqtt/client.py", line 4640, in _create_socket_connection
    return socket.create_connection(addr, timeout=self._connect_timeout, source_address=source)
  File "/usr/local/lib/python3.9/socket.py", line 856, in create_connection
    raise err
  File "/usr/local/lib/python3.9/socket.py", line 844, in create_connection
    sock.connect(sa)
socket.timeout: timed out
2024-12-06 14:09:43,107 - ValveController - ERROR - MQTT connection failed: timed out
Traceback (most recent call last):
  File "/app/valves_node.py", line 62, in connect_mqtt
    self.client.connect(self.broker_host, self.broker_port)
  File "/usr/local/lib/python3.9/site-packages/paho/mqtt/client.py", line 1435, in connect
    return self.reconnect()
  File "/usr/local/lib/python3.9/site-packages/paho/mqtt/client.py", line 1598, in reconnect
    self._sock = self._create_socket()
  File "/usr/local/lib/python3.9/site-packages/paho/mqtt/client.py", line 4609, in _create_socket
    sock = self._create_socket_connection()
  File "/usr/local/lib/python3.9/site-packages/paho/mqtt/client.py", line 4640, in _create_socket_connection
    return socket.create_connection(addr, timeout=self._connect_timeout, source_address=source)
  File "/usr/local/lib/python3.9/socket.py", line 856, in create_connection
    raise err
  File "/usr/local/lib/python3.9/socket.py", line 844, in create_connection
    sock.connect(sa)
socket.timeout: timed out
2024-12-06 14:09:53,120 - ValveController - ERROR - MQTT connection failed: timed out
Traceback (most recent call last):
  File "/app/valves_node.py", line 62, in connect_mqtt
    self.client.connect(self.broker_host, self.broker_port)
  File "/usr/local/lib/python3.9/site-packages/paho/mqtt/client.py", line 1435, in connect
    return self.reconnect()
  File "/usr/local/lib/python3.9/site-packages/paho/mqtt/client.py", line 1598, in reconnect
    self._sock = self._create_socket()
  File "/usr/local/lib/python3.9/site-packages/paho/mqtt/client.py", line 4609, in _create_socket
    sock = self._create_socket_connection()
  File "/usr/local/lib/python3.9/site-packages/paho/mqtt/client.py", line 4640, in _create_socket_connection
    return socket.create_connection(addr, timeout=self._connect_timeout, source_address=source)
  File "/usr/local/lib/python3.9/socket.py", line 856, in create_connection
    raise err
  File "/usr/local/lib/python3.9/socket.py", line 844, in create_connection
    sock.connect(sa)
socket.timeout: timed out
2024-12-06 14:10:03,133 - ValveController - ERROR - MQTT connection failed: timed out
Traceback (most recent call last):
  File "/app/valves_node.py", line 62, in connect_mqtt
    self.client.connect(self.broker_host, self.broker_port)
  File "/usr/local/lib/python3.9/site-packages/paho/mqtt/client.py", line 1435, in connect
    return self.reconnect()
  File "/usr/local/lib/python3.9/site-packages/paho/mqtt/client.py", line 1598, in reconnect
    self._sock = self._create_socket()
  File "/usr/local/lib/python3.9/site-packages/paho/mqtt/client.py", line 4609, in _create_socket
    sock = self._create_socket_connection()
  File "/usr/local/lib/python3.9/site-packages/paho/mqtt/client.py", line 4640, in _create_socket_connection
    return socket.create_connection(addr, timeout=self._connect_timeout, source_address=source)
  File "/usr/local/lib/python3.9/socket.py", line 856, in create_connection
    raise err
  File "/usr/local/lib/python3.9/socket.py", line 844, in create_connection
    sock.connect(sa)
socket.timeout: timed out
2024-12-06 14:10:13,146 - ValveController - ERROR - MQTT connection failed: timed out
Traceback (most recent call last):
  File "/app/valves_node.py", line 62, in connect_mqtt
    self.client.connect(self.broker_host, self.broker_port)
  File "/usr/local/lib/python3.9/site-packages/paho/mqtt/client.py", line 1435, in connect
    return self.reconnect()
  File "/usr/local/lib/python3.9/site-packages/paho/mqtt/client.py", line 1598, in reconnect
    self._sock = self._create_socket()
  File "/usr/local/lib/python3.9/site-packages/paho/mqtt/client.py", line 4609, in _create_socket
    sock = self._create_socket_connection()
  File "/usr/local/lib/python3.9/site-packages/paho/mqtt/client.py", line 4640, in _create_socket_connection
    return socket.create_connection(addr, timeout=self._connect_timeout, source_address=source)
  File "/usr/local/lib/python3.9/socket.py", line 856, in create_connection
    raise err
  File "/usr/local/lib/python3.9/socket.py", line 844, in create_connection
    sock.connect(sa)
socket.timeout: timed out
2024-12-06 14:10:23,158 - ValveController - ERROR - MQTT connection failed: timed out
Traceback (most recent call last):
  File "/app/valves_node.py", line 62, in connect_mqtt
    self.client.connect(self.broker_host, self.broker_port)
  File "/usr/local/lib/python3.9/site-packages/paho/mqtt/client.py", line 1435, in connect
    return self.reconnect()
  File "/usr/local/lib/python3.9/site-packages/paho/mqtt/client.py", line 1598, in reconnect
    self._sock = self._create_socket()
  File "/usr/local/lib/python3.9/site-packages/paho/mqtt/client.py", line 4609, in _create_socket
    sock = self._create_socket_connection()
  File "/usr/local/lib/python3.9/site-packages/paho/mqtt/client.py", line 4640, in _create_socket_connection
    return socket.create_connection(addr, timeout=self._connect_timeout, source_address=source)
  File "/usr/local/lib/python3.9/socket.py", line 856, in create_connection
    raise err
  File "/usr/local/lib/python3.9/socket.py", line 844, in create_connection
    sock.connect(sa)
socket.timeout: timed out
2024-12-06 14:10:33,171 - ValveController - ERROR - MQTT connection failed: timed out
Traceback (most recent call last):
  File "/app/valves_node.py", line 62, in connect_mqtt
    self.client.connect(self.broker_host, self.broker_port)
  File "/usr/local/lib/python3.9/site-packages/paho/mqtt/client.py", line 1435, in connect
    return self.reconnect()
  File "/usr/local/lib/python3.9/site-packages/paho/mqtt/client.py", line 1598, in reconnect
    self._sock = self._create_socket()
  File "/usr/local/lib/python3.9/site-packages/paho/mqtt/client.py", line 4609, in _create_socket
    sock = self._create_socket_connection()
  File "/usr/local/lib/python3.9/site-packages/paho/mqtt/client.py", line 4640, in _create_socket_connection
    return socket.create_connection(addr, timeout=self._connect_timeout, source_address=source)
  File "/usr/local/lib/python3.9/socket.py", line 856, in create_connection
    raise err
  File "/usr/local/lib/python3.9/socket.py", line 844, in create_connection
    sock.connect(sa)
socket.timeout: timed out
2024-12-06 14:10:43,179 - ValveController - ERROR - MQTT connection failed: timed out
Traceback (most recent call last):
  File "/app/valves_node.py", line 62, in connect_mqtt
    self.client.connect(self.broker_host, self.broker_port)
  File "/usr/local/lib/python3.9/site-packages/paho/mqtt/client.py", line 1435, in connect
    return self.reconnect()
  File "/usr/local/lib/python3.9/site-packages/paho/mqtt/client.py", line 1598, in reconnect
    self._sock = self._create_socket()
  File "/usr/local/lib/python3.9/site-packages/paho/mqtt/client.py", line 4609, in _create_socket
    sock = self._create_socket_connection()
  File "/usr/local/lib/python3.9/site-packages/paho/mqtt/client.py", line 4640, in _create_socket_connection
    return socket.create_connection(addr, timeout=self._connect_timeout, source_address=source)
  File "/usr/local/lib/python3.9/socket.py", line 856, in create_connection
    raise err
  File "/usr/local/lib/python3.9/socket.py", line 844, in create_connection
    sock.connect(sa)
socket.timeout: timed out
2024-12-06 14:10:53,190 - ValveController - ERROR - MQTT connection failed: timed out
Traceback (most recent call last):
  File "/app/valves_node.py", line 62, in connect_mqtt
    self.client.connect(self.broker_host, self.broker_port)
  File "/usr/local/lib/python3.9/site-packages/paho/mqtt/client.py", line 1435, in connect
    return self.reconnect()
  File "/usr/local/lib/python3.9/site-packages/paho/mqtt/client.py", line 1598, in reconnect
    self._sock = self._create_socket()
  File "/usr/local/lib/python3.9/site-packages/paho/mqtt/client.py", line 4609, in _create_socket
    sock = self._create_socket_connection()
  File "/usr/local/lib/python3.9/site-packages/paho/mqtt/client.py", line 4640, in _create_socket_connection
    return socket.create_connection(addr, timeout=self._connect_timeout, source_address=source)
  File "/usr/local/lib/python3.9/socket.py", line 856, in create_connection
    raise err
  File "/usr/local/lib/python3.9/socket.py", line 844, in create_connection
    sock.connect(sa)
socket.timeout: timed out
2024-12-06 14:11:03,202 - ValveController - ERROR - MQTT connection failed: timed out
Traceback (most recent call last):
  File "/app/valves_node.py", line 62, in connect_mqtt
    self.client.connect(self.broker_host, self.broker_port)
  File "/usr/local/lib/python3.9/site-packages/paho/mqtt/client.py", line 1435, in connect
    return self.reconnect()
  File "/usr/local/lib/python3.9/site-packages/paho/mqtt/client.py", line 1598, in reconnect
    self._sock = self._create_socket()
  File "/usr/local/lib/python3.9/site-packages/paho/mqtt/client.py", line 4609, in _create_socket
    sock = self._create_socket_connection()
  File "/usr/local/lib/python3.9/site-packages/paho/mqtt/client.py", line 4640, in _create_socket_connection
    return socket.create_connection(addr, timeout=self._connect_timeout, source_address=source)
  File "/usr/local/lib/python3.9/socket.py", line 856, in create_connection
    raise err
  File "/usr/local/lib/python3.9/socket.py", line 844, in create_connection
    sock.connect(sa)
socket.timeout: timed out
2024-12-06 14:11:13,210 - ValveController - ERROR - MQTT connection failed: timed out
Traceback (most recent call last):
  File "/app/valves_node.py", line 62, in connect_mqtt
    self.client.connect(self.broker_host, self.broker_port)
  File "/usr/local/lib/python3.9/site-packages/paho/mqtt/client.py", line 1435, in connect
    return self.reconnect()
  File "/usr/local/lib/python3.9/site-packages/paho/mqtt/client.py", line 1598, in reconnect
    self._sock = self._create_socket()
  File "/usr/local/lib/python3.9/site-packages/paho/mqtt/client.py", line 4609, in _create_socket
    sock = self._create_socket_connection()
  File "/usr/local/lib/python3.9/site-packages/paho/mqtt/client.py", line 4640, in _create_socket_connection
    return socket.create_connection(addr, timeout=self._connect_timeout, source_address=source)
  File "/usr/local/lib/python3.9/socket.py", line 856, in create_connection
    raise err
  File "/usr/local/lib/python3.9/socket.py", line 844, in create_connection
    sock.connect(sa)
socket.timeout: timed out
2024-12-06 14:11:23,223 - ValveController - ERROR - MQTT connection failed: timed out
Traceback (most recent call last):
  File "/app/valves_node.py", line 62, in connect_mqtt
    self.client.connect(self.broker_host, self.broker_port)
  File "/usr/local/lib/python3.9/site-packages/paho/mqtt/client.py", line 1435, in connect
    return self.reconnect()
  File "/usr/local/lib/python3.9/site-packages/paho/mqtt/client.py", line 1598, in reconnect
    self._sock = self._create_socket()
  File "/usr/local/lib/python3.9/site-packages/paho/mqtt/client.py", line 4609, in _create_socket
    sock = self._create_socket_connection()
  File "/usr/local/lib/python3.9/site-packages/paho/mqtt/client.py", line 4640, in _create_socket_connection
    return socket.create_connection(addr, timeout=self._connect_timeout, source_address=source)
  File "/usr/local/lib/python3.9/socket.py", line 856, in create_connection
    raise err
  File "/usr/local/lib/python3.9/socket.py", line 844, in create_connection
    sock.connect(sa)
socket.timeout: timed out
2024-12-06 14:11:33,235 - ValveController - ERROR - MQTT connection failed: timed out
Traceback (most recent call last):
  File "/app/valves_node.py", line 62, in connect_mqtt
    self.client.connect(self.broker_host, self.broker_port)
  File "/usr/local/lib/python3.9/site-packages/paho/mqtt/client.py", line 1435, in connect
    return self.reconnect()
  File "/usr/local/lib/python3.9/site-packages/paho/mqtt/client.py", line 1598, in reconnect
    self._sock = self._create_socket()
  File "/usr/local/lib/python3.9/site-packages/paho/mqtt/client.py", line 4609, in _create_socket
    sock = self._create_socket_connection()
  File "/usr/local/lib/python3.9/site-packages/paho/mqtt/client.py", line 4640, in _create_socket_connection
    return socket.create_connection(addr, timeout=self._connect_timeout, source_address=source)
  File "/usr/local/lib/python3.9/socket.py", line 856, in create_connection
    raise err
  File "/usr/local/lib/python3.9/socket.py", line 844, in create_connection
    sock.connect(sa)
socket.timeout: timed out
2024-12-06 14:11:43,248 - ValveController - ERROR - MQTT connection failed: timed out
Traceback (most recent call last):
  File "/app/valves_node.py", line 62, in connect_mqtt
    self.client.connect(self.broker_host, self.broker_port)
  File "/usr/local/lib/python3.9/site-packages/paho/mqtt/client.py", line 1435, in connect
    return self.reconnect()
  File "/usr/local/lib/python3.9/site-packages/paho/mqtt/client.py", line 1598, in reconnect
    self._sock = self._create_socket()
  File "/usr/local/lib/python3.9/site-packages/paho/mqtt/client.py", line 4609, in _create_socket
    sock = self._create_socket_connection()
  File "/usr/local/lib/python3.9/site-packages/paho/mqtt/client.py", line 4640, in _create_socket_connection
    return socket.create_connection(addr, timeout=self._connect_timeout, source_address=source)
  File "/usr/local/lib/python3.9/socket.py", line 856, in create_connection
    raise err
  File "/usr/local/lib/python3.9/socket.py", line 844, in create_connection
    sock.connect(sa)
socket.timeout: timed out
2024-12-06 14:11:53,260 - ValveController - ERROR - MQTT connection failed: timed out
Traceback (most recent call last):
  File "/app/valves_node.py", line 62, in connect_mqtt
    self.client.connect(self.broker_host, self.broker_port)
  File "/usr/local/lib/python3.9/site-packages/paho/mqtt/client.py", line 1435, in connect
    return self.reconnect()
  File "/usr/local/lib/python3.9/site-packages/paho/mqtt/client.py", line 1598, in reconnect
    self._sock = self._create_socket()
  File "/usr/local/lib/python3.9/site-packages/paho/mqtt/client.py", line 4609, in _create_socket
    sock = self._create_socket_connection()
  File "/usr/local/lib/python3.9/site-packages/paho/mqtt/client.py", line 4640, in _create_socket_connection
    return socket.create_connection(addr, timeout=self._connect_timeout, source_address=source)
  File "/usr/local/lib/python3.9/socket.py", line 856, in create_connection
    raise err
  File "/usr/local/lib/python3.9/socket.py", line 844, in create_connection
    sock.connect(sa)
socket.timeout: timed out
2024-12-06 14:12:03,273 - ValveController - ERROR - MQTT connection failed: timed out
Traceback (most recent call last):
  File "/app/valves_node.py", line 62, in connect_mqtt
    self.client.connect(self.broker_host, self.broker_port)
  File "/usr/local/lib/python3.9/site-packages/paho/mqtt/client.py", line 1435, in connect
    return self.reconnect()
  File "/usr/local/lib/python3.9/site-packages/paho/mqtt/client.py", line 1598, in reconnect
    self._sock = self._create_socket()
  File "/usr/local/lib/python3.9/site-packages/paho/mqtt/client.py", line 4609, in _create_socket
    sock = self._create_socket_connection()
  File "/usr/local/lib/python3.9/site-packages/paho/mqtt/client.py", line 4640, in _create_socket_connection
    return socket.create_connection(addr, timeout=self._connect_timeout, source_address=source)
  File "/usr/local/lib/python3.9/socket.py", line 856, in create_connection
    raise err
  File "/usr/local/lib/python3.9/socket.py", line 844, in create_connection
    sock.connect(sa)
socket.timeout: timed out
2024-12-06 14:12:13,284 - ValveController - ERROR - MQTT connection failed: timed out
Traceback (most recent call last):
  File "/app/valves_node.py", line 62, in connect_mqtt
    self.client.connect(self.broker_host, self.broker_port)
  File "/usr/local/lib/python3.9/site-packages/paho/mqtt/client.py", line 1435, in connect
    return self.reconnect()
  File "/usr/local/lib/python3.9/site-packages/paho/mqtt/client.py", line 1598, in reconnect
    self._sock = self._create_socket()
  File "/usr/local/lib/python3.9/site-packages/paho/mqtt/client.py", line 4609, in _create_socket
    sock = self._create_socket_connection()
  File "/usr/local/lib/python3.9/site-packages/paho/mqtt/client.py", line 4640, in _create_socket_connection
    return socket.create_connection(addr, timeout=self._connect_timeout, source_address=source)
  File "/usr/local/lib/python3.9/socket.py", line 856, in create_connection
    raise err
  File "/usr/local/lib/python3.9/socket.py", line 844, in create_connection
    sock.connect(sa)
socket.timeout: timed out
2024-12-06 14:12:23,297 - ValveController - ERROR - MQTT connection failed: timed out
Traceback (most recent call last):
  File "/app/valves_node.py", line 62, in connect_mqtt
    self.client.connect(self.broker_host, self.broker_port)
  File "/usr/local/lib/python3.9/site-packages/paho/mqtt/client.py", line 1435, in connect
    return self.reconnect()
  File "/usr/local/lib/python3.9/site-packages/paho/mqtt/client.py", line 1598, in reconnect
    self._sock = self._create_socket()
  File "/usr/local/lib/python3.9/site-packages/paho/mqtt/client.py", line 4609, in _create_socket
    sock = self._create_socket_connection()
  File "/usr/local/lib/python3.9/site-packages/paho/mqtt/client.py", line 4640, in _create_socket_connection
    return socket.create_connection(addr, timeout=self._connect_timeout, source_address=source)
  File "/usr/local/lib/python3.9/socket.py", line 856, in create_connection
    raise err
  File "/usr/local/lib/python3.9/socket.py", line 844, in create_connection
    sock.connect(sa)
socket.timeout: timed out
2024-12-06 14:12:33,309 - ValveController - ERROR - MQTT connection failed: timed out
Traceback (most recent call last):
  File "/app/valves_node.py", line 62, in connect_mqtt
    self.client.connect(self.broker_host, self.broker_port)
  File "/usr/local/lib/python3.9/site-packages/paho/mqtt/client.py", line 1435, in connect
    return self.reconnect()
  File "/usr/local/lib/python3.9/site-packages/paho/mqtt/client.py", line 1598, in reconnect
    self._sock = self._create_socket()
  File "/usr/local/lib/python3.9/site-packages/paho/mqtt/client.py", line 4609, in _create_socket
    sock = self._create_socket_connection()
  File "/usr/local/lib/python3.9/site-packages/paho/mqtt/client.py", line 4640, in _create_socket_connection
    return socket.create_connection(addr, timeout=self._connect_timeout, source_address=source)
  File "/usr/local/lib/python3.9/socket.py", line 856, in create_connection
    raise err
  File "/usr/local/lib/python3.9/socket.py", line 844, in create_connection
    sock.connect(sa)
socket.timeout: timed out
2024-12-06 14:12:43,319 - ValveController - ERROR - MQTT connection failed: timed out
Traceback (most recent call last):
  File "/app/valves_node.py", line 62, in connect_mqtt
    self.client.connect(self.broker_host, self.broker_port)
  File "/usr/local/lib/python3.9/site-packages/paho/mqtt/client.py", line 1435, in connect
    return self.reconnect()
  File "/usr/local/lib/python3.9/site-packages/paho/mqtt/client.py", line 1598, in reconnect
    self._sock = self._create_socket()
  File "/usr/local/lib/python3.9/site-packages/paho/mqtt/client.py", line 4609, in _create_socket
    sock = self._create_socket_connection()
  File "/usr/local/lib/python3.9/site-packages/paho/mqtt/client.py", line 4640, in _create_socket_connection
    return socket.create_connection(addr, timeout=self._connect_timeout, source_address=source)
  File "/usr/local/lib/python3.9/socket.py", line 856, in create_connection
    raise err
  File "/usr/local/lib/python3.9/socket.py", line 844, in create_connection
    sock.connect(sa)
socket.timeout: timed out
2024-12-06 14:12:53,332 - ValveController - ERROR - MQTT connection failed: timed out
Traceback (most recent call last):
  File "/app/valves_node.py", line 62, in connect_mqtt
    self.client.connect(self.broker_host, self.broker_port)
  File "/usr/local/lib/python3.9/site-packages/paho/mqtt/client.py", line 1435, in connect
    return self.reconnect()
  File "/usr/local/lib/python3.9/site-packages/paho/mqtt/client.py", line 1598, in reconnect
    self._sock = self._create_socket()
  File "/usr/local/lib/python3.9/site-packages/paho/mqtt/client.py", line 4609, in _create_socket
    sock = self._create_socket_connection()
  File "/usr/local/lib/python3.9/site-packages/paho/mqtt/client.py", line 4640, in _create_socket_connection
    return socket.create_connection(addr, timeout=self._connect_timeout, source_address=source)
  File "/usr/local/lib/python3.9/socket.py", line 856, in create_connection
    raise err
  File "/usr/local/lib/python3.9/socket.py", line 844, in create_connection
    sock.connect(sa)
socket.timeout: timed out
2024-12-06 14:13:03,342 - ValveController - ERROR - MQTT connection failed: timed out
Traceback (most recent call last):
  File "/app/valves_node.py", line 62, in connect_mqtt
    self.client.connect(self.broker_host, self.broker_port)
  File "/usr/local/lib/python3.9/site-packages/paho/mqtt/client.py", line 1435, in connect
    return self.reconnect()
  File "/usr/local/lib/python3.9/site-packages/paho/mqtt/client.py", line 1598, in reconnect
    self._sock = self._create_socket()
  File "/usr/local/lib/python3.9/site-packages/paho/mqtt/client.py", line 4609, in _create_socket
    sock = self._create_socket_connection()
  File "/usr/local/lib/python3.9/site-packages/paho/mqtt/client.py", line 4640, in _create_socket_connection
    return socket.create_connection(addr, timeout=self._connect_timeout, source_address=source)
  File "/usr/local/lib/python3.9/socket.py", line 856, in create_connection
    raise err
  File "/usr/local/lib/python3.9/socket.py", line 844, in create_connection
    sock.connect(sa)
socket.timeout: timed out
2024-12-06 14:13:13,354 - ValveController - ERROR - MQTT connection failed: timed out
Traceback (most recent call last):
  File "/app/valves_node.py", line 62, in connect_mqtt
    self.client.connect(self.broker_host, self.broker_port)
  File "/usr/local/lib/python3.9/site-packages/paho/mqtt/client.py", line 1435, in connect
    return self.reconnect()
  File "/usr/local/lib/python3.9/site-packages/paho/mqtt/client.py", line 1598, in reconnect
    self._sock = self._create_socket()
  File "/usr/local/lib/python3.9/site-packages/paho/mqtt/client.py", line 4609, in _create_socket
    sock = self._create_socket_connection()
  File "/usr/local/lib/python3.9/site-packages/paho/mqtt/client.py", line 4640, in _create_socket_connection
    return socket.create_connection(addr, timeout=self._connect_timeout, source_address=source)
  File "/usr/local/lib/python3.9/socket.py", line 856, in create_connection
    raise err
  File "/usr/local/lib/python3.9/socket.py", line 844, in create_connection
    sock.connect(sa)
socket.timeout: timed out
2024-12-06 14:13:23,365 - ValveController - ERROR - MQTT connection failed: timed out
Traceback (most recent call last):
  File "/app/valves_node.py", line 62, in connect_mqtt
    self.client.connect(self.broker_host, self.broker_port)
  File "/usr/local/lib/python3.9/site-packages/paho/mqtt/client.py", line 1435, in connect
    return self.reconnect()
  File "/usr/local/lib/python3.9/site-packages/paho/mqtt/client.py", line 1598, in reconnect
    self._sock = self._create_socket()
  File "/usr/local/lib/python3.9/site-packages/paho/mqtt/client.py", line 4609, in _create_socket
    sock = self._create_socket_connection()
  File "/usr/local/lib/python3.9/site-packages/paho/mqtt/client.py", line 4640, in _create_socket_connection
    return socket.create_connection(addr, timeout=self._connect_timeout, source_address=source)
  File "/usr/local/lib/python3.9/socket.py", line 856, in create_connection
    raise err
  File "/usr/local/lib/python3.9/socket.py", line 844, in create_connection
    sock.connect(sa)
socket.timeout: timed out
2024-12-06 14:13:33,377 - ValveController - ERROR - MQTT connection failed: timed out
Traceback (most recent call last):
  File "/app/valves_node.py", line 62, in connect_mqtt
    self.client.connect(self.broker_host, self.broker_port)
  File "/usr/local/lib/python3.9/site-packages/paho/mqtt/client.py", line 1435, in connect
    return self.reconnect()
  File "/usr/local/lib/python3.9/site-packages/paho/mqtt/client.py", line 1598, in reconnect
    self._sock = self._create_socket()
  File "/usr/local/lib/python3.9/site-packages/paho/mqtt/client.py", line 4609, in _create_socket
    sock = self._create_socket_connection()
  File "/usr/local/lib/python3.9/site-packages/paho/mqtt/client.py", line 4640, in _create_socket_connection
    return socket.create_connection(addr, timeout=self._connect_timeout, source_address=source)
  File "/usr/local/lib/python3.9/socket.py", line 856, in create_connection
    raise err
  File "/usr/local/lib/python3.9/socket.py", line 844, in create_connection
    sock.connect(sa)
socket.timeout: timed out
2024-12-06 14:13:43,390 - ValveController - ERROR - MQTT connection failed: timed out
Traceback (most recent call last):
  File "/app/valves_node.py", line 62, in connect_mqtt
    self.client.connect(self.broker_host, self.broker_port)
  File "/usr/local/lib/python3.9/site-packages/paho/mqtt/client.py", line 1435, in connect
    return self.reconnect()
  File "/usr/local/lib/python3.9/site-packages/paho/mqtt/client.py", line 1598, in reconnect
    self._sock = self._create_socket()
  File "/usr/local/lib/python3.9/site-packages/paho/mqtt/client.py", line 4609, in _create_socket
    sock = self._create_socket_connection()
  File "/usr/local/lib/python3.9/site-packages/paho/mqtt/client.py", line 4640, in _create_socket_connection
    return socket.create_connection(addr, timeout=self._connect_timeout, source_address=source)
  File "/usr/local/lib/python3.9/socket.py", line 856, in create_connection
    raise err
  File "/usr/local/lib/python3.9/socket.py", line 844, in create_connection
    sock.connect(sa)
socket.timeout: timed out
2024-12-06 14:13:53,402 - ValveController - ERROR - MQTT connection failed: timed out
Traceback (most recent call last):
  File "/app/valves_node.py", line 62, in connect_mqtt
    self.client.connect(self.broker_host, self.broker_port)
  File "/usr/local/lib/python3.9/site-packages/paho/mqtt/client.py", line 1435, in connect
    return self.reconnect()
  File "/usr/local/lib/python3.9/site-packages/paho/mqtt/client.py", line 1598, in reconnect
    self._sock = self._create_socket()
  File "/usr/local/lib/python3.9/site-packages/paho/mqtt/client.py", line 4609, in _create_socket
    sock = self._create_socket_connection()
  File "/usr/local/lib/python3.9/site-packages/paho/mqtt/client.py", line 4640, in _create_socket_connection
    return socket.create_connection(addr, timeout=self._connect_timeout, source_address=source)
  File "/usr/local/lib/python3.9/socket.py", line 856, in create_connection
    raise err
  File "/usr/local/lib/python3.9/socket.py", line 844, in create_connection
    sock.connect(sa)
socket.timeout: timed out
2024-12-06 14:14:03,415 - ValveController - ERROR - MQTT connection failed: timed out
Traceback (most recent call last):
  File "/app/valves_node.py", line 62, in connect_mqtt
    self.client.connect(self.broker_host, self.broker_port)
  File "/usr/local/lib/python3.9/site-packages/paho/mqtt/client.py", line 1435, in connect
    return self.reconnect()
  File "/usr/local/lib/python3.9/site-packages/paho/mqtt/client.py", line 1598, in reconnect
    self._sock = self._create_socket()
  File "/usr/local/lib/python3.9/site-packages/paho/mqtt/client.py", line 4609, in _create_socket
    sock = self._create_socket_connection()
  File "/usr/local/lib/python3.9/site-packages/paho/mqtt/client.py", line 4640, in _create_socket_connection
    return socket.create_connection(addr, timeout=self._connect_timeout, source_address=source)
  File "/usr/local/lib/python3.9/socket.py", line 856, in create_connection
    raise err
  File "/usr/local/lib/python3.9/socket.py", line 844, in create_connection
    sock.connect(sa)
socket.timeout: timed out
2024-12-06 14:14:13,427 - ValveController - ERROR - MQTT connection failed: timed out
Traceback (most recent call last):
  File "/app/valves_node.py", line 62, in connect_mqtt
    self.client.connect(self.broker_host, self.broker_port)
  File "/usr/local/lib/python3.9/site-packages/paho/mqtt/client.py", line 1435, in connect
    return self.reconnect()
  File "/usr/local/lib/python3.9/site-packages/paho/mqtt/client.py", line 1598, in reconnect
    self._sock = self._create_socket()
  File "/usr/local/lib/python3.9/site-packages/paho/mqtt/client.py", line 4609, in _create_socket
    sock = self._create_socket_connection()
  File "/usr/local/lib/python3.9/site-packages/paho/mqtt/client.py", line 4640, in _create_socket_connection
    return socket.create_connection(addr, timeout=self._connect_timeout, source_address=source)
  File "/usr/local/lib/python3.9/socket.py", line 856, in create_connection
    raise err
  File "/usr/local/lib/python3.9/socket.py", line 844, in create_connection
    sock.connect(sa)
socket.timeout: timed out
2024-12-06 14:14:23,438 - ValveController - ERROR - MQTT connection failed: timed out
Traceback (most recent call last):
  File "/app/valves_node.py", line 62, in connect_mqtt
    self.client.connect(self.broker_host, self.broker_port)
  File "/usr/local/lib/python3.9/site-packages/paho/mqtt/client.py", line 1435, in connect
    return self.reconnect()
  File "/usr/local/lib/python3.9/site-packages/paho/mqtt/client.py", line 1598, in reconnect
    self._sock = self._create_socket()
  File "/usr/local/lib/python3.9/site-packages/paho/mqtt/client.py", line 4609, in _create_socket
    sock = self._create_socket_connection()
  File "/usr/local/lib/python3.9/site-packages/paho/mqtt/client.py", line 4640, in _create_socket_connection
    return socket.create_connection(addr, timeout=self._connect_timeout, source_address=source)
  File "/usr/local/lib/python3.9/socket.py", line 856, in create_connection
    raise err
  File "/usr/local/lib/python3.9/socket.py", line 844, in create_connection
    sock.connect(sa)
socket.timeout: timed out
2024-12-06 14:14:33,445 - ValveController - ERROR - MQTT connection failed: timed out
Traceback (most recent call last):
  File "/app/valves_node.py", line 62, in connect_mqtt
    self.client.connect(self.broker_host, self.broker_port)
  File "/usr/local/lib/python3.9/site-packages/paho/mqtt/client.py", line 1435, in connect
    return self.reconnect()
  File "/usr/local/lib/python3.9/site-packages/paho/mqtt/client.py", line 1598, in reconnect
    self._sock = self._create_socket()
  File "/usr/local/lib/python3.9/site-packages/paho/mqtt/client.py", line 4609, in _create_socket
    sock = self._create_socket_connection()
  File "/usr/local/lib/python3.9/site-packages/paho/mqtt/client.py", line 4640, in _create_socket_connection
    return socket.create_connection(addr, timeout=self._connect_timeout, source_address=source)
  File "/usr/local/lib/python3.9/socket.py", line 856, in create_connection
    raise err
  File "/usr/local/lib/python3.9/socket.py", line 844, in create_connection
    sock.connect(sa)
socket.timeout: timed out
2024-12-06 14:14:43,454 - ValveController - ERROR - MQTT connection failed: timed out
Traceback (most recent call last):
  File "/app/valves_node.py", line 62, in connect_mqtt
    self.client.connect(self.broker_host, self.broker_port)
  File "/usr/local/lib/python3.9/site-packages/paho/mqtt/client.py", line 1435, in connect
    return self.reconnect()
  File "/usr/local/lib/python3.9/site-packages/paho/mqtt/client.py", line 1598, in reconnect
    self._sock = self._create_socket()
  File "/usr/local/lib/python3.9/site-packages/paho/mqtt/client.py", line 4609, in _create_socket
    sock = self._create_socket_connection()
  File "/usr/local/lib/python3.9/site-packages/paho/mqtt/client.py", line 4640, in _create_socket_connection
    return socket.create_connection(addr, timeout=self._connect_timeout, source_address=source)
  File "/usr/local/lib/python3.9/socket.py", line 856, in create_connection
    raise err
  File "/usr/local/lib/python3.9/socket.py", line 844, in create_connection
    sock.connect(sa)
socket.timeout: timed out
2024-12-06 14:14:53,467 - ValveController - ERROR - MQTT connection failed: timed out
Traceback (most recent call last):
  File "/app/valves_node.py", line 62, in connect_mqtt
    self.client.connect(self.broker_host, self.broker_port)
  File "/usr/local/lib/python3.9/site-packages/paho/mqtt/client.py", line 1435, in connect
    return self.reconnect()
  File "/usr/local/lib/python3.9/site-packages/paho/mqtt/client.py", line 1598, in reconnect
    self._sock = self._create_socket()
  File "/usr/local/lib/python3.9/site-packages/paho/mqtt/client.py", line 4609, in _create_socket
    sock = self._create_socket_connection()
  File "/usr/local/lib/python3.9/site-packages/paho/mqtt/client.py", line 4640, in _create_socket_connection
    return socket.create_connection(addr, timeout=self._connect_timeout, source_address=source)
  File "/usr/local/lib/python3.9/socket.py", line 856, in create_connection
    raise err
  File "/usr/local/lib/python3.9/socket.py", line 844, in create_connection
    sock.connect(sa)
socket.timeout: timed out
2024-12-06 14:15:03,480 - ValveController - ERROR - MQTT connection failed: timed out
Traceback (most recent call last):
  File "/app/valves_node.py", line 62, in connect_mqtt
    self.client.connect(self.broker_host, self.broker_port)
  File "/usr/local/lib/python3.9/site-packages/paho/mqtt/client.py", line 1435, in connect
    return self.reconnect()
  File "/usr/local/lib/python3.9/site-packages/paho/mqtt/client.py", line 1598, in reconnect
    self._sock = self._create_socket()
  File "/usr/local/lib/python3.9/site-packages/paho/mqtt/client.py", line 4609, in _create_socket
    sock = self._create_socket_connection()
  File "/usr/local/lib/python3.9/site-packages/paho/mqtt/client.py", line 4640, in _create_socket_connection
    return socket.create_connection(addr, timeout=self._connect_timeout, source_address=source)
  File "/usr/local/lib/python3.9/socket.py", line 856, in create_connection
    raise err
  File "/usr/local/lib/python3.9/socket.py", line 844, in create_connection
    sock.connect(sa)
socket.timeout: timed out
2024-12-06 14:15:13,492 - ValveController - ERROR - MQTT connection failed: timed out
Traceback (most recent call last):
  File "/app/valves_node.py", line 62, in connect_mqtt
    self.client.connect(self.broker_host, self.broker_port)
  File "/usr/local/lib/python3.9/site-packages/paho/mqtt/client.py", line 1435, in connect
    return self.reconnect()
  File "/usr/local/lib/python3.9/site-packages/paho/mqtt/client.py", line 1598, in reconnect
    self._sock = self._create_socket()
  File "/usr/local/lib/python3.9/site-packages/paho/mqtt/client.py", line 4609, in _create_socket
    sock = self._create_socket_connection()
  File "/usr/local/lib/python3.9/site-packages/paho/mqtt/client.py", line 4640, in _create_socket_connection
    return socket.create_connection(addr, timeout=self._connect_timeout, source_address=source)
  File "/usr/local/lib/python3.9/socket.py", line 856, in create_connection
    raise err
  File "/usr/local/lib/python3.9/socket.py", line 844, in create_connection
    sock.connect(sa)
socket.timeout: timed out
2024-12-06 14:15:23,503 - ValveController - ERROR - MQTT connection failed: timed out
Traceback (most recent call last):
  File "/app/valves_node.py", line 62, in connect_mqtt
    self.client.connect(self.broker_host, self.broker_port)
  File "/usr/local/lib/python3.9/site-packages/paho/mqtt/client.py", line 1435, in connect
    return self.reconnect()
  File "/usr/local/lib/python3.9/site-packages/paho/mqtt/client.py", line 1598, in reconnect
    self._sock = self._create_socket()
  File "/usr/local/lib/python3.9/site-packages/paho/mqtt/client.py", line 4609, in _create_socket
    sock = self._create_socket_connection()
  File "/usr/local/lib/python3.9/site-packages/paho/mqtt/client.py", line 4640, in _create_socket_connection
    return socket.create_connection(addr, timeout=self._connect_timeout, source_address=source)
  File "/usr/local/lib/python3.9/socket.py", line 856, in create_connection
    raise err
  File "/usr/local/lib/python3.9/socket.py", line 844, in create_connection
    sock.connect(sa)
socket.timeout: timed out
2024-12-06 14:15:33,516 - ValveController - ERROR - MQTT connection failed: timed out
Traceback (most recent call last):
  File "/app/valves_node.py", line 62, in connect_mqtt
    self.client.connect(self.broker_host, self.broker_port)
  File "/usr/local/lib/python3.9/site-packages/paho/mqtt/client.py", line 1435, in connect
    return self.reconnect()
  File "/usr/local/lib/python3.9/site-packages/paho/mqtt/client.py", line 1598, in reconnect
    self._sock = self._create_socket()
  File "/usr/local/lib/python3.9/site-packages/paho/mqtt/client.py", line 4609, in _create_socket
    sock = self._create_socket_connection()
  File "/usr/local/lib/python3.9/site-packages/paho/mqtt/client.py", line 4640, in _create_socket_connection
    return socket.create_connection(addr, timeout=self._connect_timeout, source_address=source)
  File "/usr/local/lib/python3.9/socket.py", line 856, in create_connection
    raise err
  File "/usr/local/lib/python3.9/socket.py", line 844, in create_connection
    sock.connect(sa)
socket.timeout: timed out
2024-12-06 14:15:43,529 - ValveController - ERROR - MQTT connection failed: timed out
Traceback (most recent call last):
  File "/app/valves_node.py", line 62, in connect_mqtt
    self.client.connect(self.broker_host, self.broker_port)
  File "/usr/local/lib/python3.9/site-packages/paho/mqtt/client.py", line 1435, in connect
    return self.reconnect()
  File "/usr/local/lib/python3.9/site-packages/paho/mqtt/client.py", line 1598, in reconnect
    self._sock = self._create_socket()
  File "/usr/local/lib/python3.9/site-packages/paho/mqtt/client.py", line 4609, in _create_socket
    sock = self._create_socket_connection()
  File "/usr/local/lib/python3.9/site-packages/paho/mqtt/client.py", line 4640, in _create_socket_connection
    return socket.create_connection(addr, timeout=self._connect_timeout, source_address=source)
  File "/usr/local/lib/python3.9/socket.py", line 856, in create_connection
    raise err
  File "/usr/local/lib/python3.9/socket.py", line 844, in create_connection
    sock.connect(sa)
socket.timeout: timed out
2024-12-06 14:15:53,541 - ValveController - ERROR - MQTT connection failed: timed out
Traceback (most recent call last):
  File "/app/valves_node.py", line 62, in connect_mqtt
    self.client.connect(self.broker_host, self.broker_port)
  File "/usr/local/lib/python3.9/site-packages/paho/mqtt/client.py", line 1435, in connect
    return self.reconnect()
  File "/usr/local/lib/python3.9/site-packages/paho/mqtt/client.py", line 1598, in reconnect
    self._sock = self._create_socket()
  File "/usr/local/lib/python3.9/site-packages/paho/mqtt/client.py", line 4609, in _create_socket
    sock = self._create_socket_connection()
  File "/usr/local/lib/python3.9/site-packages/paho/mqtt/client.py", line 4640, in _create_socket_connection
    return socket.create_connection(addr, timeout=self._connect_timeout, source_address=source)
  File "/usr/local/lib/python3.9/socket.py", line 856, in create_connection
    raise err
  File "/usr/local/lib/python3.9/socket.py", line 844, in create_connection
    sock.connect(sa)
socket.timeout: timed out
2024-12-06 14:16:03,549 - ValveController - ERROR - MQTT connection failed: timed out
Traceback (most recent call last):
  File "/app/valves_node.py", line 62, in connect_mqtt
    self.client.connect(self.broker_host, self.broker_port)
  File "/usr/local/lib/python3.9/site-packages/paho/mqtt/client.py", line 1435, in connect
    return self.reconnect()
  File "/usr/local/lib/python3.9/site-packages/paho/mqtt/client.py", line 1598, in reconnect
    self._sock = self._create_socket()
  File "/usr/local/lib/python3.9/site-packages/paho/mqtt/client.py", line 4609, in _create_socket
    sock = self._create_socket_connection()
  File "/usr/local/lib/python3.9/site-packages/paho/mqtt/client.py", line 4640, in _create_socket_connection
    return socket.create_connection(addr, timeout=self._connect_timeout, source_address=source)
  File "/usr/local/lib/python3.9/socket.py", line 856, in create_connection
    raise err
  File "/usr/local/lib/python3.9/socket.py", line 844, in create_connection
    sock.connect(sa)
socket.timeout: timed out
2024-12-06 14:16:13,557 - ValveController - ERROR - MQTT connection failed: timed out
Traceback (most recent call last):
  File "/app/valves_node.py", line 62, in connect_mqtt
    self.client.connect(self.broker_host, self.broker_port)
  File "/usr/local/lib/python3.9/site-packages/paho/mqtt/client.py", line 1435, in connect
    return self.reconnect()
  File "/usr/local/lib/python3.9/site-packages/paho/mqtt/client.py", line 1598, in reconnect
    self._sock = self._create_socket()
  File "/usr/local/lib/python3.9/site-packages/paho/mqtt/client.py", line 4609, in _create_socket
    sock = self._create_socket_connection()
  File "/usr/local/lib/python3.9/site-packages/paho/mqtt/client.py", line 4640, in _create_socket_connection
    return socket.create_connection(addr, timeout=self._connect_timeout, source_address=source)
  File "/usr/local/lib/python3.9/socket.py", line 856, in create_connection
    raise err
  File "/usr/local/lib/python3.9/socket.py", line 844, in create_connection
    sock.connect(sa)
socket.timeout: timed out
2024-12-06 14:16:23,570 - ValveController - ERROR - MQTT connection failed: timed out
Traceback (most recent call last):
  File "/app/valves_node.py", line 62, in connect_mqtt
    self.client.connect(self.broker_host, self.broker_port)
  File "/usr/local/lib/python3.9/site-packages/paho/mqtt/client.py", line 1435, in connect
    return self.reconnect()
  File "/usr/local/lib/python3.9/site-packages/paho/mqtt/client.py", line 1598, in reconnect
    self._sock = self._create_socket()
  File "/usr/local/lib/python3.9/site-packages/paho/mqtt/client.py", line 4609, in _create_socket
    sock = self._create_socket_connection()
  File "/usr/local/lib/python3.9/site-packages/paho/mqtt/client.py", line 4640, in _create_socket_connection
    return socket.create_connection(addr, timeout=self._connect_timeout, source_address=source)
  File "/usr/local/lib/python3.9/socket.py", line 856, in create_connection
    raise err
  File "/usr/local/lib/python3.9/socket.py", line 844, in create_connection
    sock.connect(sa)
socket.timeout: timed out
2024-12-06 14:16:33,580 - ValveController - ERROR - MQTT connection failed: timed out
Traceback (most recent call last):
  File "/app/valves_node.py", line 62, in connect_mqtt
    self.client.connect(self.broker_host, self.broker_port)
  File "/usr/local/lib/python3.9/site-packages/paho/mqtt/client.py", line 1435, in connect
    return self.reconnect()
  File "/usr/local/lib/python3.9/site-packages/paho/mqtt/client.py", line 1598, in reconnect
    self._sock = self._create_socket()
  File "/usr/local/lib/python3.9/site-packages/paho/mqtt/client.py", line 4609, in _create_socket
    sock = self._create_socket_connection()
  File "/usr/local/lib/python3.9/site-packages/paho/mqtt/client.py", line 4640, in _create_socket_connection
    return socket.create_connection(addr, timeout=self._connect_timeout, source_address=source)
  File "/usr/local/lib/python3.9/socket.py", line 856, in create_connection
    raise err
  File "/usr/local/lib/python3.9/socket.py", line 844, in create_connection
    sock.connect(sa)
socket.timeout: timed out
2024-12-06 14:16:43,589 - ValveController - ERROR - MQTT connection failed: timed out
Traceback (most recent call last):
  File "/app/valves_node.py", line 62, in connect_mqtt
    self.client.connect(self.broker_host, self.broker_port)
  File "/usr/local/lib/python3.9/site-packages/paho/mqtt/client.py", line 1435, in connect
    return self.reconnect()
  File "/usr/local/lib/python3.9/site-packages/paho/mqtt/client.py", line 1598, in reconnect
    self._sock = self._create_socket()
  File "/usr/local/lib/python3.9/site-packages/paho/mqtt/client.py", line 4609, in _create_socket
    sock = self._create_socket_connection()
  File "/usr/local/lib/python3.9/site-packages/paho/mqtt/client.py", line 4640, in _create_socket_connection
    return socket.create_connection(addr, timeout=self._connect_timeout, source_address=source)
  File "/usr/local/lib/python3.9/socket.py", line 856, in create_connection
    raise err
  File "/usr/local/lib/python3.9/socket.py", line 844, in create_connection
    sock.connect(sa)
socket.timeout: timed out
2024-12-06 14:16:53,600 - ValveController - ERROR - MQTT connection failed: timed out
Traceback (most recent call last):
  File "/app/valves_node.py", line 62, in connect_mqtt
    self.client.connect(self.broker_host, self.broker_port)
  File "/usr/local/lib/python3.9/site-packages/paho/mqtt/client.py", line 1435, in connect
    return self.reconnect()
  File "/usr/local/lib/python3.9/site-packages/paho/mqtt/client.py", line 1598, in reconnect
    self._sock = self._create_socket()
  File "/usr/local/lib/python3.9/site-packages/paho/mqtt/client.py", line 4609, in _create_socket
    sock = self._create_socket_connection()
  File "/usr/local/lib/python3.9/site-packages/paho/mqtt/client.py", line 4640, in _create_socket_connection
    return socket.create_connection(addr, timeout=self._connect_timeout, source_address=source)
  File "/usr/local/lib/python3.9/socket.py", line 856, in create_connection
    raise err
  File "/usr/local/lib/python3.9/socket.py", line 844, in create_connection
    sock.connect(sa)
socket.timeout: timed out
2024-12-06 14:17:03,612 - ValveController - ERROR - MQTT connection failed: timed out
Traceback (most recent call last):
  File "/app/valves_node.py", line 62, in connect_mqtt
    self.client.connect(self.broker_host, self.broker_port)
  File "/usr/local/lib/python3.9/site-packages/paho/mqtt/client.py", line 1435, in connect
    return self.reconnect()
  File "/usr/local/lib/python3.9/site-packages/paho/mqtt/client.py", line 1598, in reconnect
    self._sock = self._create_socket()
  File "/usr/local/lib/python3.9/site-packages/paho/mqtt/client.py", line 4609, in _create_socket
    sock = self._create_socket_connection()
  File "/usr/local/lib/python3.9/site-packages/paho/mqtt/client.py", line 4640, in _create_socket_connection
    return socket.create_connection(addr, timeout=self._connect_timeout, source_address=source)
  File "/usr/local/lib/python3.9/socket.py", line 856, in create_connection
    raise err
  File "/usr/local/lib/python3.9/socket.py", line 844, in create_connection
    sock.connect(sa)
socket.timeout: timed out
2024-12-06 14:17:13,621 - ValveController - ERROR - MQTT connection failed: timed out
Traceback (most recent call last):
  File "/app/valves_node.py", line 62, in connect_mqtt
    self.client.connect(self.broker_host, self.broker_port)
  File "/usr/local/lib/python3.9/site-packages/paho/mqtt/client.py", line 1435, in connect
    return self.reconnect()
  File "/usr/local/lib/python3.9/site-packages/paho/mqtt/client.py", line 1598, in reconnect
    self._sock = self._create_socket()
  File "/usr/local/lib/python3.9/site-packages/paho/mqtt/client.py", line 4609, in _create_socket
    sock = self._create_socket_connection()
  File "/usr/local/lib/python3.9/site-packages/paho/mqtt/client.py", line 4640, in _create_socket_connection
    return socket.create_connection(addr, timeout=self._connect_timeout, source_address=source)
  File "/usr/local/lib/python3.9/socket.py", line 856, in create_connection
    raise err
  File "/usr/local/lib/python3.9/socket.py", line 844, in create_connection
    sock.connect(sa)
socket.timeout: timed out
2024-12-06 14:17:23,634 - ValveController - ERROR - MQTT connection failed: timed out
Traceback (most recent call last):
  File "/app/valves_node.py", line 62, in connect_mqtt
    self.client.connect(self.broker_host, self.broker_port)
  File "/usr/local/lib/python3.9/site-packages/paho/mqtt/client.py", line 1435, in connect
    return self.reconnect()
  File "/usr/local/lib/python3.9/site-packages/paho/mqtt/client.py", line 1598, in reconnect
    self._sock = self._create_socket()
  File "/usr/local/lib/python3.9/site-packages/paho/mqtt/client.py", line 4609, in _create_socket
    sock = self._create_socket_connection()
  File "/usr/local/lib/python3.9/site-packages/paho/mqtt/client.py", line 4640, in _create_socket_connection
    return socket.create_connection(addr, timeout=self._connect_timeout, source_address=source)
  File "/usr/local/lib/python3.9/socket.py", line 856, in create_connection
    raise err
  File "/usr/local/lib/python3.9/socket.py", line 844, in create_connection
    sock.connect(sa)
socket.timeout: timed out
2024-12-06 14:17:33,642 - ValveController - ERROR - MQTT connection failed: timed out
Traceback (most recent call last):
  File "/app/valves_node.py", line 62, in connect_mqtt
    self.client.connect(self.broker_host, self.broker_port)
  File "/usr/local/lib/python3.9/site-packages/paho/mqtt/client.py", line 1435, in connect
    return self.reconnect()
  File "/usr/local/lib/python3.9/site-packages/paho/mqtt/client.py", line 1598, in reconnect
    self._sock = self._create_socket()
  File "/usr/local/lib/python3.9/site-packages/paho/mqtt/client.py", line 4609, in _create_socket
    sock = self._create_socket_connection()
  File "/usr/local/lib/python3.9/site-packages/paho/mqtt/client.py", line 4640, in _create_socket_connection
    return socket.create_connection(addr, timeout=self._connect_timeout, source_address=source)
  File "/usr/local/lib/python3.9/socket.py", line 856, in create_connection
    raise err
  File "/usr/local/lib/python3.9/socket.py", line 844, in create_connection
    sock.connect(sa)
socket.timeout: timed out
2024-12-06 14:17:43,654 - ValveController - ERROR - MQTT connection failed: timed out
Traceback (most recent call last):
  File "/app/valves_node.py", line 62, in connect_mqtt
    self.client.connect(self.broker_host, self.broker_port)
  File "/usr/local/lib/python3.9/site-packages/paho/mqtt/client.py", line 1435, in connect
    return self.reconnect()
  File "/usr/local/lib/python3.9/site-packages/paho/mqtt/client.py", line 1598, in reconnect
    self._sock = self._create_socket()
  File "/usr/local/lib/python3.9/site-packages/paho/mqtt/client.py", line 4609, in _create_socket
    sock = self._create_socket_connection()
  File "/usr/local/lib/python3.9/site-packages/paho/mqtt/client.py", line 4640, in _create_socket_connection
    return socket.create_connection(addr, timeout=self._connect_timeout, source_address=source)
  File "/usr/local/lib/python3.9/socket.py", line 856, in create_connection
    raise err
  File "/usr/local/lib/python3.9/socket.py", line 844, in create_connection
    sock.connect(sa)
socket.timeout: timed out
2024-12-06 14:17:53,666 - ValveController - ERROR - MQTT connection failed: timed out
Traceback (most recent call last):
  File "/app/valves_node.py", line 62, in connect_mqtt
    self.client.connect(self.broker_host, self.broker_port)
  File "/usr/local/lib/python3.9/site-packages/paho/mqtt/client.py", line 1435, in connect
    return self.reconnect()
  File "/usr/local/lib/python3.9/site-packages/paho/mqtt/client.py", line 1598, in reconnect
    self._sock = self._create_socket()
  File "/usr/local/lib/python3.9/site-packages/paho/mqtt/client.py", line 4609, in _create_socket
    sock = self._create_socket_connection()
  File "/usr/local/lib/python3.9/site-packages/paho/mqtt/client.py", line 4640, in _create_socket_connection
    return socket.create_connection(addr, timeout=self._connect_timeout, source_address=source)
  File "/usr/local/lib/python3.9/socket.py", line 856, in create_connection
    raise err
  File "/usr/local/lib/python3.9/socket.py", line 844, in create_connection
    sock.connect(sa)
socket.timeout: timed out
2024-12-06 14:18:03,677 - ValveController - ERROR - MQTT connection failed: timed out
Traceback (most recent call last):
  File "/app/valves_node.py", line 62, in connect_mqtt
    self.client.connect(self.broker_host, self.broker_port)
  File "/usr/local/lib/python3.9/site-packages/paho/mqtt/client.py", line 1435, in connect
    return self.reconnect()
  File "/usr/local/lib/python3.9/site-packages/paho/mqtt/client.py", line 1598, in reconnect
    self._sock = self._create_socket()
  File "/usr/local/lib/python3.9/site-packages/paho/mqtt/client.py", line 4609, in _create_socket
    sock = self._create_socket_connection()
  File "/usr/local/lib/python3.9/site-packages/paho/mqtt/client.py", line 4640, in _create_socket_connection
    return socket.create_connection(addr, timeout=self._connect_timeout, source_address=source)
  File "/usr/local/lib/python3.9/socket.py", line 856, in create_connection
    raise err
  File "/usr/local/lib/python3.9/socket.py", line 844, in create_connection
    sock.connect(sa)
socket.timeout: timed out
2024-12-06 14:18:13,689 - ValveController - ERROR - MQTT connection failed: timed out
Traceback (most recent call last):
  File "/app/valves_node.py", line 62, in connect_mqtt
    self.client.connect(self.broker_host, self.broker_port)
  File "/usr/local/lib/python3.9/site-packages/paho/mqtt/client.py", line 1435, in connect
    return self.reconnect()
  File "/usr/local/lib/python3.9/site-packages/paho/mqtt/client.py", line 1598, in reconnect
    self._sock = self._create_socket()
  File "/usr/local/lib/python3.9/site-packages/paho/mqtt/client.py", line 4609, in _create_socket
    sock = self._create_socket_connection()
  File "/usr/local/lib/python3.9/site-packages/paho/mqtt/client.py", line 4640, in _create_socket_connection
    return socket.create_connection(addr, timeout=self._connect_timeout, source_address=source)
  File "/usr/local/lib/python3.9/socket.py", line 856, in create_connection
    raise err
  File "/usr/local/lib/python3.9/socket.py", line 844, in create_connection
    sock.connect(sa)
socket.timeout: timed out
2024-12-06 14:18:23,702 - ValveController - ERROR - MQTT connection failed: timed out
Traceback (most recent call last):
  File "/app/valves_node.py", line 62, in connect_mqtt
    self.client.connect(self.broker_host, self.broker_port)
  File "/usr/local/lib/python3.9/site-packages/paho/mqtt/client.py", line 1435, in connect
    return self.reconnect()
  File "/usr/local/lib/python3.9/site-packages/paho/mqtt/client.py", line 1598, in reconnect
    self._sock = self._create_socket()
  File "/usr/local/lib/python3.9/site-packages/paho/mqtt/client.py", line 4609, in _create_socket
    sock = self._create_socket_connection()
  File "/usr/local/lib/python3.9/site-packages/paho/mqtt/client.py", line 4640, in _create_socket_connection
    return socket.create_connection(addr, timeout=self._connect_timeout, source_address=source)
  File "/usr/local/lib/python3.9/socket.py", line 856, in create_connection
    raise err
  File "/usr/local/lib/python3.9/socket.py", line 844, in create_connection
    sock.connect(sa)
socket.timeout: timed out
2024-12-06 14:18:33,711 - ValveController - ERROR - MQTT connection failed: timed out
Traceback (most recent call last):
  File "/app/valves_node.py", line 62, in connect_mqtt
    self.client.connect(self.broker_host, self.broker_port)
  File "/usr/local/lib/python3.9/site-packages/paho/mqtt/client.py", line 1435, in connect
    return self.reconnect()
  File "/usr/local/lib/python3.9/site-packages/paho/mqtt/client.py", line 1598, in reconnect
    self._sock = self._create_socket()
  File "/usr/local/lib/python3.9/site-packages/paho/mqtt/client.py", line 4609, in _create_socket
    sock = self._create_socket_connection()
  File "/usr/local/lib/python3.9/site-packages/paho/mqtt/client.py", line 4640, in _create_socket_connection
    return socket.create_connection(addr, timeout=self._connect_timeout, source_address=source)
  File "/usr/local/lib/python3.9/socket.py", line 856, in create_connection
    raise err
  File "/usr/local/lib/python3.9/socket.py", line 844, in create_connection
    sock.connect(sa)
socket.timeout: timed out
2024-12-06 14:18:43,722 - ValveController - ERROR - MQTT connection failed: timed out
Traceback (most recent call last):
  File "/app/valves_node.py", line 62, in connect_mqtt
    self.client.connect(self.broker_host, self.broker_port)
  File "/usr/local/lib/python3.9/site-packages/paho/mqtt/client.py", line 1435, in connect
    return self.reconnect()
  File "/usr/local/lib/python3.9/site-packages/paho/mqtt/client.py", line 1598, in reconnect
    self._sock = self._create_socket()
  File "/usr/local/lib/python3.9/site-packages/paho/mqtt/client.py", line 4609, in _create_socket
    sock = self._create_socket_connection()
  File "/usr/local/lib/python3.9/site-packages/paho/mqtt/client.py", line 4640, in _create_socket_connection
    return socket.create_connection(addr, timeout=self._connect_timeout, source_address=source)
  File "/usr/local/lib/python3.9/socket.py", line 856, in create_connection
    raise err
  File "/usr/local/lib/python3.9/socket.py", line 844, in create_connection
    sock.connect(sa)
socket.timeout: timed out
2024-12-06 14:18:53,734 - ValveController - ERROR - MQTT connection failed: timed out
Traceback (most recent call last):
  File "/app/valves_node.py", line 62, in connect_mqtt
    self.client.connect(self.broker_host, self.broker_port)
  File "/usr/local/lib/python3.9/site-packages/paho/mqtt/client.py", line 1435, in connect
    return self.reconnect()
  File "/usr/local/lib/python3.9/site-packages/paho/mqtt/client.py", line 1598, in reconnect
    self._sock = self._create_socket()
  File "/usr/local/lib/python3.9/site-packages/paho/mqtt/client.py", line 4609, in _create_socket
    sock = self._create_socket_connection()
  File "/usr/local/lib/python3.9/site-packages/paho/mqtt/client.py", line 4640, in _create_socket_connection
    return socket.create_connection(addr, timeout=self._connect_timeout, source_address=source)
  File "/usr/local/lib/python3.9/socket.py", line 856, in create_connection
    raise err
  File "/usr/local/lib/python3.9/socket.py", line 844, in create_connection
    sock.connect(sa)
socket.timeout: timed out
2024-12-06 14:19:03,747 - ValveController - ERROR - MQTT connection failed: timed out
Traceback (most recent call last):
  File "/app/valves_node.py", line 62, in connect_mqtt
    self.client.connect(self.broker_host, self.broker_port)
  File "/usr/local/lib/python3.9/site-packages/paho/mqtt/client.py", line 1435, in connect
    return self.reconnect()
  File "/usr/local/lib/python3.9/site-packages/paho/mqtt/client.py", line 1598, in reconnect
    self._sock = self._create_socket()
  File "/usr/local/lib/python3.9/site-packages/paho/mqtt/client.py", line 4609, in _create_socket
    sock = self._create_socket_connection()
  File "/usr/local/lib/python3.9/site-packages/paho/mqtt/client.py", line 4640, in _create_socket_connection
    return socket.create_connection(addr, timeout=self._connect_timeout, source_address=source)
  File "/usr/local/lib/python3.9/socket.py", line 856, in create_connection
    raise err
  File "/usr/local/lib/python3.9/socket.py", line 844, in create_connection
    sock.connect(sa)
socket.timeout: timed out
2024-12-06 14:19:13,760 - ValveController - ERROR - MQTT connection failed: timed out
Traceback (most recent call last):
  File "/app/valves_node.py", line 62, in connect_mqtt
    self.client.connect(self.broker_host, self.broker_port)
  File "/usr/local/lib/python3.9/site-packages/paho/mqtt/client.py", line 1435, in connect
    return self.reconnect()
  File "/usr/local/lib/python3.9/site-packages/paho/mqtt/client.py", line 1598, in reconnect
    self._sock = self._create_socket()
  File "/usr/local/lib/python3.9/site-packages/paho/mqtt/client.py", line 4609, in _create_socket
    sock = self._create_socket_connection()
  File "/usr/local/lib/python3.9/site-packages/paho/mqtt/client.py", line 4640, in _create_socket_connection
    return socket.create_connection(addr, timeout=self._connect_timeout, source_address=source)
  File "/usr/local/lib/python3.9/socket.py", line 856, in create_connection
    raise err
  File "/usr/local/lib/python3.9/socket.py", line 844, in create_connection
    sock.connect(sa)
socket.timeout: timed out
2024-12-06 14:19:23,771 - ValveController - ERROR - MQTT connection failed: timed out
Traceback (most recent call last):
  File "/app/valves_node.py", line 62, in connect_mqtt
    self.client.connect(self.broker_host, self.broker_port)
  File "/usr/local/lib/python3.9/site-packages/paho/mqtt/client.py", line 1435, in connect
    return self.reconnect()
  File "/usr/local/lib/python3.9/site-packages/paho/mqtt/client.py", line 1598, in reconnect
    self._sock = self._create_socket()
  File "/usr/local/lib/python3.9/site-packages/paho/mqtt/client.py", line 4609, in _create_socket
    sock = self._create_socket_connection()
  File "/usr/local/lib/python3.9/site-packages/paho/mqtt/client.py", line 4640, in _create_socket_connection
    return socket.create_connection(addr, timeout=self._connect_timeout, source_address=source)
  File "/usr/local/lib/python3.9/socket.py", line 856, in create_connection
    raise err
  File "/usr/local/lib/python3.9/socket.py", line 844, in create_connection
    sock.connect(sa)
socket.timeout: timed out
2024-12-06 14:19:33,776 - ValveController - ERROR - MQTT connection failed: timed out
Traceback (most recent call last):
  File "/app/valves_node.py", line 62, in connect_mqtt
    self.client.connect(self.broker_host, self.broker_port)
  File "/usr/local/lib/python3.9/site-packages/paho/mqtt/client.py", line 1435, in connect
    return self.reconnect()
  File "/usr/local/lib/python3.9/site-packages/paho/mqtt/client.py", line 1598, in reconnect
    self._sock = self._create_socket()
  File "/usr/local/lib/python3.9/site-packages/paho/mqtt/client.py", line 4609, in _create_socket
    sock = self._create_socket_connection()
  File "/usr/local/lib/python3.9/site-packages/paho/mqtt/client.py", line 4640, in _create_socket_connection
    return socket.create_connection(addr, timeout=self._connect_timeout, source_address=source)
  File "/usr/local/lib/python3.9/socket.py", line 856, in create_connection
    raise err
  File "/usr/local/lib/python3.9/socket.py", line 844, in create_connection
    sock.connect(sa)
socket.timeout: timed out
2024-12-06 14:19:43,782 - ValveController - ERROR - MQTT connection failed: timed out
Traceback (most recent call last):
  File "/app/valves_node.py", line 62, in connect_mqtt
    self.client.connect(self.broker_host, self.broker_port)
  File "/usr/local/lib/python3.9/site-packages/paho/mqtt/client.py", line 1435, in connect
    return self.reconnect()
  File "/usr/local/lib/python3.9/site-packages/paho/mqtt/client.py", line 1598, in reconnect
    self._sock = self._create_socket()
  File "/usr/local/lib/python3.9/site-packages/paho/mqtt/client.py", line 4609, in _create_socket
    sock = self._create_socket_connection()
  File "/usr/local/lib/python3.9/site-packages/paho/mqtt/client.py", line 4640, in _create_socket_connection
    return socket.create_connection(addr, timeout=self._connect_timeout, source_address=source)
  File "/usr/local/lib/python3.9/socket.py", line 856, in create_connection
    raise err
  File "/usr/local/lib/python3.9/socket.py", line 844, in create_connection
    sock.connect(sa)
socket.timeout: timed out
2024-12-06 14:19:53,794 - ValveController - ERROR - MQTT connection failed: timed out
Traceback (most recent call last):
  File "/app/valves_node.py", line 62, in connect_mqtt
    self.client.connect(self.broker_host, self.broker_port)
  File "/usr/local/lib/python3.9/site-packages/paho/mqtt/client.py", line 1435, in connect
    return self.reconnect()
  File "/usr/local/lib/python3.9/site-packages/paho/mqtt/client.py", line 1598, in reconnect
    self._sock = self._create_socket()
  File "/usr/local/lib/python3.9/site-packages/paho/mqtt/client.py", line 4609, in _create_socket
    sock = self._create_socket_connection()
  File "/usr/local/lib/python3.9/site-packages/paho/mqtt/client.py", line 4640, in _create_socket_connection
    return socket.create_connection(addr, timeout=self._connect_timeout, source_address=source)
  File "/usr/local/lib/python3.9/socket.py", line 856, in create_connection
    raise err
  File "/usr/local/lib/python3.9/socket.py", line 844, in create_connection
    sock.connect(sa)
socket.timeout: timed out
2024-12-06 14:20:03,806 - ValveController - ERROR - MQTT connection failed: timed out
Traceback (most recent call last):
  File "/app/valves_node.py", line 62, in connect_mqtt
    self.client.connect(self.broker_host, self.broker_port)
  File "/usr/local/lib/python3.9/site-packages/paho/mqtt/client.py", line 1435, in connect
    return self.reconnect()
  File "/usr/local/lib/python3.9/site-packages/paho/mqtt/client.py", line 1598, in reconnect
    self._sock = self._create_socket()
  File "/usr/local/lib/python3.9/site-packages/paho/mqtt/client.py", line 4609, in _create_socket
    sock = self._create_socket_connection()
  File "/usr/local/lib/python3.9/site-packages/paho/mqtt/client.py", line 4640, in _create_socket_connection
    return socket.create_connection(addr, timeout=self._connect_timeout, source_address=source)
  File "/usr/local/lib/python3.9/socket.py", line 856, in create_connection
    raise err
  File "/usr/local/lib/python3.9/socket.py", line 844, in create_connection
    sock.connect(sa)
socket.timeout: timed out
2024-12-06 14:20:13,820 - ValveController - ERROR - MQTT connection failed: timed out
Traceback (most recent call last):
  File "/app/valves_node.py", line 62, in connect_mqtt
    self.client.connect(self.broker_host, self.broker_port)
  File "/usr/local/lib/python3.9/site-packages/paho/mqtt/client.py", line 1435, in connect
    return self.reconnect()
  File "/usr/local/lib/python3.9/site-packages/paho/mqtt/client.py", line 1598, in reconnect
    self._sock = self._create_socket()
  File "/usr/local/lib/python3.9/site-packages/paho/mqtt/client.py", line 4609, in _create_socket
    sock = self._create_socket_connection()
  File "/usr/local/lib/python3.9/site-packages/paho/mqtt/client.py", line 4640, in _create_socket_connection
    return socket.create_connection(addr, timeout=self._connect_timeout, source_address=source)
  File "/usr/local/lib/python3.9/socket.py", line 856, in create_connection
    raise err
  File "/usr/local/lib/python3.9/socket.py", line 844, in create_connection
    sock.connect(sa)
socket.timeout: timed out
2024-12-06 14:20:23,833 - ValveController - ERROR - MQTT connection failed: timed out
Traceback (most recent call last):
  File "/app/valves_node.py", line 62, in connect_mqtt
    self.client.connect(self.broker_host, self.broker_port)
  File "/usr/local/lib/python3.9/site-packages/paho/mqtt/client.py", line 1435, in connect
    return self.reconnect()
  File "/usr/local/lib/python3.9/site-packages/paho/mqtt/client.py", line 1598, in reconnect
    self._sock = self._create_socket()
  File "/usr/local/lib/python3.9/site-packages/paho/mqtt/client.py", line 4609, in _create_socket
    sock = self._create_socket_connection()
  File "/usr/local/lib/python3.9/site-packages/paho/mqtt/client.py", line 4640, in _create_socket_connection
    return socket.create_connection(addr, timeout=self._connect_timeout, source_address=source)
  File "/usr/local/lib/python3.9/socket.py", line 856, in create_connection
    raise err
  File "/usr/local/lib/python3.9/socket.py", line 844, in create_connection
    sock.connect(sa)
socket.timeout: timed out
2024-12-06 14:20:33,846 - ValveController - ERROR - MQTT connection failed: timed out
Traceback (most recent call last):
  File "/app/valves_node.py", line 62, in connect_mqtt
    self.client.connect(self.broker_host, self.broker_port)
  File "/usr/local/lib/python3.9/site-packages/paho/mqtt/client.py", line 1435, in connect
    return self.reconnect()
  File "/usr/local/lib/python3.9/site-packages/paho/mqtt/client.py", line 1598, in reconnect
    self._sock = self._create_socket()
  File "/usr/local/lib/python3.9/site-packages/paho/mqtt/client.py", line 4609, in _create_socket
    sock = self._create_socket_connection()
  File "/usr/local/lib/python3.9/site-packages/paho/mqtt/client.py", line 4640, in _create_socket_connection
    return socket.create_connection(addr, timeout=self._connect_timeout, source_address=source)
  File "/usr/local/lib/python3.9/socket.py", line 856, in create_connection
    raise err
  File "/usr/local/lib/python3.9/socket.py", line 844, in create_connection
    sock.connect(sa)
socket.timeout: timed out
2024-12-06 14:20:43,851 - ValveController - ERROR - MQTT connection failed: timed out
Traceback (most recent call last):
  File "/app/valves_node.py", line 62, in connect_mqtt
    self.client.connect(self.broker_host, self.broker_port)
  File "/usr/local/lib/python3.9/site-packages/paho/mqtt/client.py", line 1435, in connect
    return self.reconnect()
  File "/usr/local/lib/python3.9/site-packages/paho/mqtt/client.py", line 1598, in reconnect
    self._sock = self._create_socket()
  File "/usr/local/lib/python3.9/site-packages/paho/mqtt/client.py", line 4609, in _create_socket
    sock = self._create_socket_connection()
  File "/usr/local/lib/python3.9/site-packages/paho/mqtt/client.py", line 4640, in _create_socket_connection
    return socket.create_connection(addr, timeout=self._connect_timeout, source_address=source)
  File "/usr/local/lib/python3.9/socket.py", line 856, in create_connection
    raise err
  File "/usr/local/lib/python3.9/socket.py", line 844, in create_connection
    sock.connect(sa)
socket.timeout: timed out
2024-12-06 14:20:53,862 - ValveController - ERROR - MQTT connection failed: timed out
Traceback (most recent call last):
  File "/app/valves_node.py", line 62, in connect_mqtt
    self.client.connect(self.broker_host, self.broker_port)
  File "/usr/local/lib/python3.9/site-packages/paho/mqtt/client.py", line 1435, in connect
    return self.reconnect()
  File "/usr/local/lib/python3.9/site-packages/paho/mqtt/client.py", line 1598, in reconnect
    self._sock = self._create_socket()
  File "/usr/local/lib/python3.9/site-packages/paho/mqtt/client.py", line 4609, in _create_socket
    sock = self._create_socket_connection()
  File "/usr/local/lib/python3.9/site-packages/paho/mqtt/client.py", line 4640, in _create_socket_connection
    return socket.create_connection(addr, timeout=self._connect_timeout, source_address=source)
  File "/usr/local/lib/python3.9/socket.py", line 856, in create_connection
    raise err
  File "/usr/local/lib/python3.9/socket.py", line 844, in create_connection
    sock.connect(sa)
socket.timeout: timed out
2024-12-06 14:21:03,874 - ValveController - ERROR - MQTT connection failed: timed out
Traceback (most recent call last):
  File "/app/valves_node.py", line 62, in connect_mqtt
    self.client.connect(self.broker_host, self.broker_port)
  File "/usr/local/lib/python3.9/site-packages/paho/mqtt/client.py", line 1435, in connect
    return self.reconnect()
  File "/usr/local/lib/python3.9/site-packages/paho/mqtt/client.py", line 1598, in reconnect
    self._sock = self._create_socket()
  File "/usr/local/lib/python3.9/site-packages/paho/mqtt/client.py", line 4609, in _create_socket
    sock = self._create_socket_connection()
  File "/usr/local/lib/python3.9/site-packages/paho/mqtt/client.py", line 4640, in _create_socket_connection
    return socket.create_connection(addr, timeout=self._connect_timeout, source_address=source)
  File "/usr/local/lib/python3.9/socket.py", line 856, in create_connection
    raise err
  File "/usr/local/lib/python3.9/socket.py", line 844, in create_connection
    sock.connect(sa)
socket.timeout: timed out
2024-12-06 14:21:13,884 - ValveController - ERROR - MQTT connection failed: timed out
Traceback (most recent call last):
  File "/app/valves_node.py", line 62, in connect_mqtt
    self.client.connect(self.broker_host, self.broker_port)
  File "/usr/local/lib/python3.9/site-packages/paho/mqtt/client.py", line 1435, in connect
    return self.reconnect()
  File "/usr/local/lib/python3.9/site-packages/paho/mqtt/client.py", line 1598, in reconnect
    self._sock = self._create_socket()
  File "/usr/local/lib/python3.9/site-packages/paho/mqtt/client.py", line 4609, in _create_socket
    sock = self._create_socket_connection()
  File "/usr/local/lib/python3.9/site-packages/paho/mqtt/client.py", line 4640, in _create_socket_connection
    return socket.create_connection(addr, timeout=self._connect_timeout, source_address=source)
  File "/usr/local/lib/python3.9/socket.py", line 856, in create_connection
    raise err
  File "/usr/local/lib/python3.9/socket.py", line 844, in create_connection
    sock.connect(sa)
socket.timeout: timed out
2024-12-06 14:21:23,897 - ValveController - ERROR - MQTT connection failed: timed out
Traceback (most recent call last):
  File "/app/valves_node.py", line 62, in connect_mqtt
    self.client.connect(self.broker_host, self.broker_port)
  File "/usr/local/lib/python3.9/site-packages/paho/mqtt/client.py", line 1435, in connect
    return self.reconnect()
  File "/usr/local/lib/python3.9/site-packages/paho/mqtt/client.py", line 1598, in reconnect
    self._sock = self._create_socket()
  File "/usr/local/lib/python3.9/site-packages/paho/mqtt/client.py", line 4609, in _create_socket
    sock = self._create_socket_connection()
  File "/usr/local/lib/python3.9/site-packages/paho/mqtt/client.py", line 4640, in _create_socket_connection
    return socket.create_connection(addr, timeout=self._connect_timeout, source_address=source)
  File "/usr/local/lib/python3.9/socket.py", line 856, in create_connection
    raise err
  File "/usr/local/lib/python3.9/socket.py", line 844, in create_connection
    sock.connect(sa)
socket.timeout: timed out
2024-12-06 14:21:33,905 - ValveController - ERROR - MQTT connection failed: timed out
Traceback (most recent call last):
  File "/app/valves_node.py", line 62, in connect_mqtt
    self.client.connect(self.broker_host, self.broker_port)
  File "/usr/local/lib/python3.9/site-packages/paho/mqtt/client.py", line 1435, in connect
    return self.reconnect()
  File "/usr/local/lib/python3.9/site-packages/paho/mqtt/client.py", line 1598, in reconnect
    self._sock = self._create_socket()
  File "/usr/local/lib/python3.9/site-packages/paho/mqtt/client.py", line 4609, in _create_socket
    sock = self._create_socket_connection()
  File "/usr/local/lib/python3.9/site-packages/paho/mqtt/client.py", line 4640, in _create_socket_connection
    return socket.create_connection(addr, timeout=self._connect_timeout, source_address=source)
  File "/usr/local/lib/python3.9/socket.py", line 856, in create_connection
    raise err
  File "/usr/local/lib/python3.9/socket.py", line 844, in create_connection
    sock.connect(sa)
socket.timeout: timed out
2024-12-06 14:21:43,914 - ValveController - ERROR - MQTT connection failed: timed out
Traceback (most recent call last):
  File "/app/valves_node.py", line 62, in connect_mqtt
    self.client.connect(self.broker_host, self.broker_port)
  File "/usr/local/lib/python3.9/site-packages/paho/mqtt/client.py", line 1435, in connect
    return self.reconnect()
  File "/usr/local/lib/python3.9/site-packages/paho/mqtt/client.py", line 1598, in reconnect
    self._sock = self._create_socket()
  File "/usr/local/lib/python3.9/site-packages/paho/mqtt/client.py", line 4609, in _create_socket
    sock = self._create_socket_connection()
  File "/usr/local/lib/python3.9/site-packages/paho/mqtt/client.py", line 4640, in _create_socket_connection
    return socket.create_connection(addr, timeout=self._connect_timeout, source_address=source)
  File "/usr/local/lib/python3.9/socket.py", line 856, in create_connection
    raise err
  File "/usr/local/lib/python3.9/socket.py", line 844, in create_connection
    sock.connect(sa)
socket.timeout: timed out
2024-12-06 14:21:53,922 - ValveController - ERROR - MQTT connection failed: timed out
Traceback (most recent call last):
  File "/app/valves_node.py", line 62, in connect_mqtt
    self.client.connect(self.broker_host, self.broker_port)
  File "/usr/local/lib/python3.9/site-packages/paho/mqtt/client.py", line 1435, in connect
    return self.reconnect()
  File "/usr/local/lib/python3.9/site-packages/paho/mqtt/client.py", line 1598, in reconnect
    self._sock = self._create_socket()
  File "/usr/local/lib/python3.9/site-packages/paho/mqtt/client.py", line 4609, in _create_socket
    sock = self._create_socket_connection()
  File "/usr/local/lib/python3.9/site-packages/paho/mqtt/client.py", line 4640, in _create_socket_connection
    return socket.create_connection(addr, timeout=self._connect_timeout, source_address=source)
  File "/usr/local/lib/python3.9/socket.py", line 856, in create_connection
    raise err
  File "/usr/local/lib/python3.9/socket.py", line 844, in create_connection
    sock.connect(sa)
socket.timeout: timed out
2024-12-06 14:22:03,933 - ValveController - ERROR - MQTT connection failed: timed out
Traceback (most recent call last):
  File "/app/valves_node.py", line 62, in connect_mqtt
    self.client.connect(self.broker_host, self.broker_port)
  File "/usr/local/lib/python3.9/site-packages/paho/mqtt/client.py", line 1435, in connect
    return self.reconnect()
  File "/usr/local/lib/python3.9/site-packages/paho/mqtt/client.py", line 1598, in reconnect
    self._sock = self._create_socket()
  File "/usr/local/lib/python3.9/site-packages/paho/mqtt/client.py", line 4609, in _create_socket
    sock = self._create_socket_connection()
  File "/usr/local/lib/python3.9/site-packages/paho/mqtt/client.py", line 4640, in _create_socket_connection
    return socket.create_connection(addr, timeout=self._connect_timeout, source_address=source)
  File "/usr/local/lib/python3.9/socket.py", line 856, in create_connection
    raise err
  File "/usr/local/lib/python3.9/socket.py", line 844, in create_connection
    sock.connect(sa)
socket.timeout: timed out
2024-12-06 14:22:13,946 - ValveController - ERROR - MQTT connection failed: timed out
Traceback (most recent call last):
  File "/app/valves_node.py", line 62, in connect_mqtt
    self.client.connect(self.broker_host, self.broker_port)
  File "/usr/local/lib/python3.9/site-packages/paho/mqtt/client.py", line 1435, in connect
    return self.reconnect()
  File "/usr/local/lib/python3.9/site-packages/paho/mqtt/client.py", line 1598, in reconnect
    self._sock = self._create_socket()
  File "/usr/local/lib/python3.9/site-packages/paho/mqtt/client.py", line 4609, in _create_socket
    sock = self._create_socket_connection()
  File "/usr/local/lib/python3.9/site-packages/paho/mqtt/client.py", line 4640, in _create_socket_connection
    return socket.create_connection(addr, timeout=self._connect_timeout, source_address=source)
  File "/usr/local/lib/python3.9/socket.py", line 856, in create_connection
    raise err
  File "/usr/local/lib/python3.9/socket.py", line 844, in create_connection
    sock.connect(sa)
socket.timeout: timed out
2024-12-06 14:22:23,958 - ValveController - ERROR - MQTT connection failed: timed out
Traceback (most recent call last):
  File "/app/valves_node.py", line 62, in connect_mqtt
    self.client.connect(self.broker_host, self.broker_port)
  File "/usr/local/lib/python3.9/site-packages/paho/mqtt/client.py", line 1435, in connect
    return self.reconnect()
  File "/usr/local/lib/python3.9/site-packages/paho/mqtt/client.py", line 1598, in reconnect
    self._sock = self._create_socket()
  File "/usr/local/lib/python3.9/site-packages/paho/mqtt/client.py", line 4609, in _create_socket
    sock = self._create_socket_connection()
  File "/usr/local/lib/python3.9/site-packages/paho/mqtt/client.py", line 4640, in _create_socket_connection
    return socket.create_connection(addr, timeout=self._connect_timeout, source_address=source)
  File "/usr/local/lib/python3.9/socket.py", line 856, in create_connection
    raise err
  File "/usr/local/lib/python3.9/socket.py", line 844, in create_connection
    sock.connect(sa)
socket.timeout: timed out
2024-12-06 14:22:33,969 - ValveController - ERROR - MQTT connection failed: timed out
Traceback (most recent call last):
  File "/app/valves_node.py", line 62, in connect_mqtt
    self.client.connect(self.broker_host, self.broker_port)
  File "/usr/local/lib/python3.9/site-packages/paho/mqtt/client.py", line 1435, in connect
    return self.reconnect()
  File "/usr/local/lib/python3.9/site-packages/paho/mqtt/client.py", line 1598, in reconnect
    self._sock = self._create_socket()
  File "/usr/local/lib/python3.9/site-packages/paho/mqtt/client.py", line 4609, in _create_socket
    sock = self._create_socket_connection()
  File "/usr/local/lib/python3.9/site-packages/paho/mqtt/client.py", line 4640, in _create_socket_connection
    return socket.create_connection(addr, timeout=self._connect_timeout, source_address=source)
  File "/usr/local/lib/python3.9/socket.py", line 856, in create_connection
    raise err
  File "/usr/local/lib/python3.9/socket.py", line 844, in create_connection
    sock.connect(sa)
socket.timeout: timed out
2024-12-06 14:22:43,982 - ValveController - ERROR - MQTT connection failed: timed out
Traceback (most recent call last):
  File "/app/valves_node.py", line 62, in connect_mqtt
    self.client.connect(self.broker_host, self.broker_port)
  File "/usr/local/lib/python3.9/site-packages/paho/mqtt/client.py", line 1435, in connect
    return self.reconnect()
  File "/usr/local/lib/python3.9/site-packages/paho/mqtt/client.py", line 1598, in reconnect
    self._sock = self._create_socket()
  File "/usr/local/lib/python3.9/site-packages/paho/mqtt/client.py", line 4609, in _create_socket
    sock = self._create_socket_connection()
  File "/usr/local/lib/python3.9/site-packages/paho/mqtt/client.py", line 4640, in _create_socket_connection
    return socket.create_connection(addr, timeout=self._connect_timeout, source_address=source)
  File "/usr/local/lib/python3.9/socket.py", line 856, in create_connection
    raise err
  File "/usr/local/lib/python3.9/socket.py", line 844, in create_connection
    sock.connect(sa)
socket.timeout: timed out
2024-12-06 14:22:53,994 - ValveController - ERROR - MQTT connection failed: timed out
Traceback (most recent call last):
  File "/app/valves_node.py", line 62, in connect_mqtt
    self.client.connect(self.broker_host, self.broker_port)
  File "/usr/local/lib/python3.9/site-packages/paho/mqtt/client.py", line 1435, in connect
    return self.reconnect()
  File "/usr/local/lib/python3.9/site-packages/paho/mqtt/client.py", line 1598, in reconnect
    self._sock = self._create_socket()
  File "/usr/local/lib/python3.9/site-packages/paho/mqtt/client.py", line 4609, in _create_socket
    sock = self._create_socket_connection()
  File "/usr/local/lib/python3.9/site-packages/paho/mqtt/client.py", line 4640, in _create_socket_connection
    return socket.create_connection(addr, timeout=self._connect_timeout, source_address=source)
  File "/usr/local/lib/python3.9/socket.py", line 856, in create_connection
    raise err
  File "/usr/local/lib/python3.9/socket.py", line 844, in create_connection
    sock.connect(sa)
socket.timeout: timed out
2024-12-06 14:23:04,007 - ValveController - ERROR - MQTT connection failed: timed out
Traceback (most recent call last):
  File "/app/valves_node.py", line 62, in connect_mqtt
    self.client.connect(self.broker_host, self.broker_port)
  File "/usr/local/lib/python3.9/site-packages/paho/mqtt/client.py", line 1435, in connect
    return self.reconnect()
  File "/usr/local/lib/python3.9/site-packages/paho/mqtt/client.py", line 1598, in reconnect
    self._sock = self._create_socket()
  File "/usr/local/lib/python3.9/site-packages/paho/mqtt/client.py", line 4609, in _create_socket
    sock = self._create_socket_connection()
  File "/usr/local/lib/python3.9/site-packages/paho/mqtt/client.py", line 4640, in _create_socket_connection
    return socket.create_connection(addr, timeout=self._connect_timeout, source_address=source)
  File "/usr/local/lib/python3.9/socket.py", line 856, in create_connection
    raise err
  File "/usr/local/lib/python3.9/socket.py", line 844, in create_connection
    sock.connect(sa)
socket.timeout: timed out
2024-12-06 14:23:14,015 - ValveController - ERROR - MQTT connection failed: timed out
Traceback (most recent call last):
  File "/app/valves_node.py", line 62, in connect_mqtt
    self.client.connect(self.broker_host, self.broker_port)
  File "/usr/local/lib/python3.9/site-packages/paho/mqtt/client.py", line 1435, in connect
    return self.reconnect()
  File "/usr/local/lib/python3.9/site-packages/paho/mqtt/client.py", line 1598, in reconnect
    self._sock = self._create_socket()
  File "/usr/local/lib/python3.9/site-packages/paho/mqtt/client.py", line 4609, in _create_socket
    sock = self._create_socket_connection()
  File "/usr/local/lib/python3.9/site-packages/paho/mqtt/client.py", line 4640, in _create_socket_connection
    return socket.create_connection(addr, timeout=self._connect_timeout, source_address=source)
  File "/usr/local/lib/python3.9/socket.py", line 856, in create_connection
    raise err
  File "/usr/local/lib/python3.9/socket.py", line 844, in create_connection
    sock.connect(sa)
socket.timeout: timed out
2024-12-06 14:23:24,028 - ValveController - ERROR - MQTT connection failed: timed out
Traceback (most recent call last):
  File "/app/valves_node.py", line 62, in connect_mqtt
    self.client.connect(self.broker_host, self.broker_port)
  File "/usr/local/lib/python3.9/site-packages/paho/mqtt/client.py", line 1435, in connect
    return self.reconnect()
  File "/usr/local/lib/python3.9/site-packages/paho/mqtt/client.py", line 1598, in reconnect
    self._sock = self._create_socket()
  File "/usr/local/lib/python3.9/site-packages/paho/mqtt/client.py", line 4609, in _create_socket
    sock = self._create_socket_connection()
  File "/usr/local/lib/python3.9/site-packages/paho/mqtt/client.py", line 4640, in _create_socket_connection
    return socket.create_connection(addr, timeout=self._connect_timeout, source_address=source)
  File "/usr/local/lib/python3.9/socket.py", line 856, in create_connection
    raise err
  File "/usr/local/lib/python3.9/socket.py", line 844, in create_connection
    sock.connect(sa)
socket.timeout: timed out
2024-12-06 14:23:34,041 - ValveController - ERROR - MQTT connection failed: timed out
Traceback (most recent call last):
  File "/app/valves_node.py", line 62, in connect_mqtt
    self.client.connect(self.broker_host, self.broker_port)
  File "/usr/local/lib/python3.9/site-packages/paho/mqtt/client.py", line 1435, in connect
    return self.reconnect()
  File "/usr/local/lib/python3.9/site-packages/paho/mqtt/client.py", line 1598, in reconnect
    self._sock = self._create_socket()
  File "/usr/local/lib/python3.9/site-packages/paho/mqtt/client.py", line 4609, in _create_socket
    sock = self._create_socket_connection()
  File "/usr/local/lib/python3.9/site-packages/paho/mqtt/client.py", line 4640, in _create_socket_connection
    return socket.create_connection(addr, timeout=self._connect_timeout, source_address=source)
  File "/usr/local/lib/python3.9/socket.py", line 856, in create_connection
    raise err
  File "/usr/local/lib/python3.9/socket.py", line 844, in create_connection
    sock.connect(sa)
socket.timeout: timed out
2024-12-06 14:23:44,054 - ValveController - ERROR - MQTT connection failed: timed out
Traceback (most recent call last):
  File "/app/valves_node.py", line 62, in connect_mqtt
    self.client.connect(self.broker_host, self.broker_port)
  File "/usr/local/lib/python3.9/site-packages/paho/mqtt/client.py", line 1435, in connect
    return self.reconnect()
  File "/usr/local/lib/python3.9/site-packages/paho/mqtt/client.py", line 1598, in reconnect
    self._sock = self._create_socket()
  File "/usr/local/lib/python3.9/site-packages/paho/mqtt/client.py", line 4609, in _create_socket
    sock = self._create_socket_connection()
  File "/usr/local/lib/python3.9/site-packages/paho/mqtt/client.py", line 4640, in _create_socket_connection
    return socket.create_connection(addr, timeout=self._connect_timeout, source_address=source)
  File "/usr/local/lib/python3.9/socket.py", line 856, in create_connection
    raise err
  File "/usr/local/lib/python3.9/socket.py", line 844, in create_connection
    sock.connect(sa)
socket.timeout: timed out
2024-12-06 14:23:54,066 - ValveController - ERROR - MQTT connection failed: timed out
Traceback (most recent call last):
  File "/app/valves_node.py", line 62, in connect_mqtt
    self.client.connect(self.broker_host, self.broker_port)
  File "/usr/local/lib/python3.9/site-packages/paho/mqtt/client.py", line 1435, in connect
    return self.reconnect()
  File "/usr/local/lib/python3.9/site-packages/paho/mqtt/client.py", line 1598, in reconnect
    self._sock = self._create_socket()
  File "/usr/local/lib/python3.9/site-packages/paho/mqtt/client.py", line 4609, in _create_socket
    sock = self._create_socket_connection()
  File "/usr/local/lib/python3.9/site-packages/paho/mqtt/client.py", line 4640, in _create_socket_connection
    return socket.create_connection(addr, timeout=self._connect_timeout, source_address=source)
  File "/usr/local/lib/python3.9/socket.py", line 856, in create_connection
    raise err
  File "/usr/local/lib/python3.9/socket.py", line 844, in create_connection
    sock.connect(sa)
socket.timeout: timed out
2024-12-06 14:24:04,074 - ValveController - ERROR - MQTT connection failed: timed out
Traceback (most recent call last):
  File "/app/valves_node.py", line 62, in connect_mqtt
    self.client.connect(self.broker_host, self.broker_port)
  File "/usr/local/lib/python3.9/site-packages/paho/mqtt/client.py", line 1435, in connect
    return self.reconnect()
  File "/usr/local/lib/python3.9/site-packages/paho/mqtt/client.py", line 1598, in reconnect
    self._sock = self._create_socket()
  File "/usr/local/lib/python3.9/site-packages/paho/mqtt/client.py", line 4609, in _create_socket
    sock = self._create_socket_connection()
  File "/usr/local/lib/python3.9/site-packages/paho/mqtt/client.py", line 4640, in _create_socket_connection
    return socket.create_connection(addr, timeout=self._connect_timeout, source_address=source)
  File "/usr/local/lib/python3.9/socket.py", line 856, in create_connection
    raise err
  File "/usr/local/lib/python3.9/socket.py", line 844, in create_connection
    sock.connect(sa)
socket.timeout: timed out
2024-12-06 14:24:14,087 - ValveController - ERROR - MQTT connection failed: timed out
Traceback (most recent call last):
  File "/app/valves_node.py", line 62, in connect_mqtt
    self.client.connect(self.broker_host, self.broker_port)
  File "/usr/local/lib/python3.9/site-packages/paho/mqtt/client.py", line 1435, in connect
    return self.reconnect()
  File "/usr/local/lib/python3.9/site-packages/paho/mqtt/client.py", line 1598, in reconnect
    self._sock = self._create_socket()
  File "/usr/local/lib/python3.9/site-packages/paho/mqtt/client.py", line 4609, in _create_socket
    sock = self._create_socket_connection()
  File "/usr/local/lib/python3.9/site-packages/paho/mqtt/client.py", line 4640, in _create_socket_connection
    return socket.create_connection(addr, timeout=self._connect_timeout, source_address=source)
  File "/usr/local/lib/python3.9/socket.py", line 856, in create_connection
    raise err
  File "/usr/local/lib/python3.9/socket.py", line 844, in create_connection
    sock.connect(sa)
socket.timeout: timed out
2024-12-06 14:24:24,100 - ValveController - ERROR - MQTT connection failed: timed out
Traceback (most recent call last):
  File "/app/valves_node.py", line 62, in connect_mqtt
    self.client.connect(self.broker_host, self.broker_port)
  File "/usr/local/lib/python3.9/site-packages/paho/mqtt/client.py", line 1435, in connect
    return self.reconnect()
  File "/usr/local/lib/python3.9/site-packages/paho/mqtt/client.py", line 1598, in reconnect
    self._sock = self._create_socket()
  File "/usr/local/lib/python3.9/site-packages/paho/mqtt/client.py", line 4609, in _create_socket
    sock = self._create_socket_connection()
  File "/usr/local/lib/python3.9/site-packages/paho/mqtt/client.py", line 4640, in _create_socket_connection
    return socket.create_connection(addr, timeout=self._connect_timeout, source_address=source)
  File "/usr/local/lib/python3.9/socket.py", line 856, in create_connection
    raise err
  File "/usr/local/lib/python3.9/socket.py", line 844, in create_connection
    sock.connect(sa)
socket.timeout: timed out
2024-12-06 14:24:34,111 - ValveController - ERROR - MQTT connection failed: timed out
Traceback (most recent call last):
  File "/app/valves_node.py", line 62, in connect_mqtt
    self.client.connect(self.broker_host, self.broker_port)
  File "/usr/local/lib/python3.9/site-packages/paho/mqtt/client.py", line 1435, in connect
    return self.reconnect()
  File "/usr/local/lib/python3.9/site-packages/paho/mqtt/client.py", line 1598, in reconnect
    self._sock = self._create_socket()
  File "/usr/local/lib/python3.9/site-packages/paho/mqtt/client.py", line 4609, in _create_socket
    sock = self._create_socket_connection()
  File "/usr/local/lib/python3.9/site-packages/paho/mqtt/client.py", line 4640, in _create_socket_connection
    return socket.create_connection(addr, timeout=self._connect_timeout, source_address=source)
  File "/usr/local/lib/python3.9/socket.py", line 856, in create_connection
    raise err
  File "/usr/local/lib/python3.9/socket.py", line 844, in create_connection
    sock.connect(sa)
socket.timeout: timed out
2024-12-06 14:24:44,124 - ValveController - ERROR - MQTT connection failed: timed out
Traceback (most recent call last):
  File "/app/valves_node.py", line 62, in connect_mqtt
    self.client.connect(self.broker_host, self.broker_port)
  File "/usr/local/lib/python3.9/site-packages/paho/mqtt/client.py", line 1435, in connect
    return self.reconnect()
  File "/usr/local/lib/python3.9/site-packages/paho/mqtt/client.py", line 1598, in reconnect
    self._sock = self._create_socket()
  File "/usr/local/lib/python3.9/site-packages/paho/mqtt/client.py", line 4609, in _create_socket
    sock = self._create_socket_connection()
  File "/usr/local/lib/python3.9/site-packages/paho/mqtt/client.py", line 4640, in _create_socket_connection
    return socket.create_connection(addr, timeout=self._connect_timeout, source_address=source)
  File "/usr/local/lib/python3.9/socket.py", line 856, in create_connection
    raise err
  File "/usr/local/lib/python3.9/socket.py", line 844, in create_connection
    sock.connect(sa)
socket.timeout: timed out
2024-12-06 14:24:54,138 - ValveController - ERROR - MQTT connection failed: timed out
Traceback (most recent call last):
  File "/app/valves_node.py", line 62, in connect_mqtt
    self.client.connect(self.broker_host, self.broker_port)
  File "/usr/local/lib/python3.9/site-packages/paho/mqtt/client.py", line 1435, in connect
    return self.reconnect()
  File "/usr/local/lib/python3.9/site-packages/paho/mqtt/client.py", line 1598, in reconnect
    self._sock = self._create_socket()
  File "/usr/local/lib/python3.9/site-packages/paho/mqtt/client.py", line 4609, in _create_socket
    sock = self._create_socket_connection()
  File "/usr/local/lib/python3.9/site-packages/paho/mqtt/client.py", line 4640, in _create_socket_connection
    return socket.create_connection(addr, timeout=self._connect_timeout, source_address=source)
  File "/usr/local/lib/python3.9/socket.py", line 856, in create_connection
    raise err
  File "/usr/local/lib/python3.9/socket.py", line 844, in create_connection
    sock.connect(sa)
socket.timeout: timed out
2024-12-06 14:25:04,150 - ValveController - ERROR - MQTT connection failed: timed out
Traceback (most recent call last):
  File "/app/valves_node.py", line 62, in connect_mqtt
    self.client.connect(self.broker_host, self.broker_port)
  File "/usr/local/lib/python3.9/site-packages/paho/mqtt/client.py", line 1435, in connect
    return self.reconnect()
  File "/usr/local/lib/python3.9/site-packages/paho/mqtt/client.py", line 1598, in reconnect
    self._sock = self._create_socket()
  File "/usr/local/lib/python3.9/site-packages/paho/mqtt/client.py", line 4609, in _create_socket
    sock = self._create_socket_connection()
  File "/usr/local/lib/python3.9/site-packages/paho/mqtt/client.py", line 4640, in _create_socket_connection
    return socket.create_connection(addr, timeout=self._connect_timeout, source_address=source)
  File "/usr/local/lib/python3.9/socket.py", line 856, in create_connection
    raise err
  File "/usr/local/lib/python3.9/socket.py", line 844, in create_connection
    sock.connect(sa)
socket.timeout: timed out
2024-12-06 14:25:14,159 - ValveController - ERROR - MQTT connection failed: timed out
Traceback (most recent call last):
  File "/app/valves_node.py", line 62, in connect_mqtt
    self.client.connect(self.broker_host, self.broker_port)
  File "/usr/local/lib/python3.9/site-packages/paho/mqtt/client.py", line 1435, in connect
    return self.reconnect()
  File "/usr/local/lib/python3.9/site-packages/paho/mqtt/client.py", line 1598, in reconnect
    self._sock = self._create_socket()
  File "/usr/local/lib/python3.9/site-packages/paho/mqtt/client.py", line 4609, in _create_socket
    sock = self._create_socket_connection()
  File "/usr/local/lib/python3.9/site-packages/paho/mqtt/client.py", line 4640, in _create_socket_connection
    return socket.create_connection(addr, timeout=self._connect_timeout, source_address=source)
  File "/usr/local/lib/python3.9/socket.py", line 856, in create_connection
    raise err
  File "/usr/local/lib/python3.9/socket.py", line 844, in create_connection
    sock.connect(sa)
socket.timeout: timed out
2024-12-06 14:25:24,172 - ValveController - ERROR - MQTT connection failed: timed out
Traceback (most recent call last):
  File "/app/valves_node.py", line 62, in connect_mqtt
    self.client.connect(self.broker_host, self.broker_port)
  File "/usr/local/lib/python3.9/site-packages/paho/mqtt/client.py", line 1435, in connect
    return self.reconnect()
  File "/usr/local/lib/python3.9/site-packages/paho/mqtt/client.py", line 1598, in reconnect
    self._sock = self._create_socket()
  File "/usr/local/lib/python3.9/site-packages/paho/mqtt/client.py", line 4609, in _create_socket
    sock = self._create_socket_connection()
  File "/usr/local/lib/python3.9/site-packages/paho/mqtt/client.py", line 4640, in _create_socket_connection
    return socket.create_connection(addr, timeout=self._connect_timeout, source_address=source)
  File "/usr/local/lib/python3.9/socket.py", line 856, in create_connection
    raise err
  File "/usr/local/lib/python3.9/socket.py", line 844, in create_connection
    sock.connect(sa)
socket.timeout: timed out
2024-12-06 14:25:34,181 - ValveController - ERROR - MQTT connection failed: timed out
Traceback (most recent call last):
  File "/app/valves_node.py", line 62, in connect_mqtt
    self.client.connect(self.broker_host, self.broker_port)
  File "/usr/local/lib/python3.9/site-packages/paho/mqtt/client.py", line 1435, in connect
    return self.reconnect()
  File "/usr/local/lib/python3.9/site-packages/paho/mqtt/client.py", line 1598, in reconnect
    self._sock = self._create_socket()
  File "/usr/local/lib/python3.9/site-packages/paho/mqtt/client.py", line 4609, in _create_socket
    sock = self._create_socket_connection()
  File "/usr/local/lib/python3.9/site-packages/paho/mqtt/client.py", line 4640, in _create_socket_connection
    return socket.create_connection(addr, timeout=self._connect_timeout, source_address=source)
  File "/usr/local/lib/python3.9/socket.py", line 856, in create_connection
    raise err
  File "/usr/local/lib/python3.9/socket.py", line 844, in create_connection
    sock.connect(sa)
socket.timeout: timed out
2024-12-06 14:25:44,192 - ValveController - ERROR - MQTT connection failed: timed out
Traceback (most recent call last):
  File "/app/valves_node.py", line 62, in connect_mqtt
    self.client.connect(self.broker_host, self.broker_port)
  File "/usr/local/lib/python3.9/site-packages/paho/mqtt/client.py", line 1435, in connect
    return self.reconnect()
  File "/usr/local/lib/python3.9/site-packages/paho/mqtt/client.py", line 1598, in reconnect
    self._sock = self._create_socket()
  File "/usr/local/lib/python3.9/site-packages/paho/mqtt/client.py", line 4609, in _create_socket
    sock = self._create_socket_connection()
  File "/usr/local/lib/python3.9/site-packages/paho/mqtt/client.py", line 4640, in _create_socket_connection
    return socket.create_connection(addr, timeout=self._connect_timeout, source_address=source)
  File "/usr/local/lib/python3.9/socket.py", line 856, in create_connection
    raise err
  File "/usr/local/lib/python3.9/socket.py", line 844, in create_connection
    sock.connect(sa)
socket.timeout: timed out
2024-12-06 14:25:54,203 - ValveController - ERROR - MQTT connection failed: timed out
Traceback (most recent call last):
  File "/app/valves_node.py", line 62, in connect_mqtt
    self.client.connect(self.broker_host, self.broker_port)
  File "/usr/local/lib/python3.9/site-packages/paho/mqtt/client.py", line 1435, in connect
    return self.reconnect()
  File "/usr/local/lib/python3.9/site-packages/paho/mqtt/client.py", line 1598, in reconnect
    self._sock = self._create_socket()
  File "/usr/local/lib/python3.9/site-packages/paho/mqtt/client.py", line 4609, in _create_socket
    sock = self._create_socket_connection()
  File "/usr/local/lib/python3.9/site-packages/paho/mqtt/client.py", line 4640, in _create_socket_connection
    return socket.create_connection(addr, timeout=self._connect_timeout, source_address=source)
  File "/usr/local/lib/python3.9/socket.py", line 856, in create_connection
    raise err
  File "/usr/local/lib/python3.9/socket.py", line 844, in create_connection
    sock.connect(sa)
socket.timeout: timed out
2024-12-06 14:26:04,215 - ValveController - ERROR - MQTT connection failed: timed out
Traceback (most recent call last):
  File "/app/valves_node.py", line 62, in connect_mqtt
    self.client.connect(self.broker_host, self.broker_port)
  File "/usr/local/lib/python3.9/site-packages/paho/mqtt/client.py", line 1435, in connect
    return self.reconnect()
  File "/usr/local/lib/python3.9/site-packages/paho/mqtt/client.py", line 1598, in reconnect
    self._sock = self._create_socket()
  File "/usr/local/lib/python3.9/site-packages/paho/mqtt/client.py", line 4609, in _create_socket
    sock = self._create_socket_connection()
  File "/usr/local/lib/python3.9/site-packages/paho/mqtt/client.py", line 4640, in _create_socket_connection
    return socket.create_connection(addr, timeout=self._connect_timeout, source_address=source)
  File "/usr/local/lib/python3.9/socket.py", line 856, in create_connection
    raise err
  File "/usr/local/lib/python3.9/socket.py", line 844, in create_connection
    sock.connect(sa)
socket.timeout: timed out
2024-12-06 14:26:14,228 - ValveController - ERROR - MQTT connection failed: timed out
Traceback (most recent call last):
  File "/app/valves_node.py", line 62, in connect_mqtt
    self.client.connect(self.broker_host, self.broker_port)
  File "/usr/local/lib/python3.9/site-packages/paho/mqtt/client.py", line 1435, in connect
    return self.reconnect()
  File "/usr/local/lib/python3.9/site-packages/paho/mqtt/client.py", line 1598, in reconnect
    self._sock = self._create_socket()
  File "/usr/local/lib/python3.9/site-packages/paho/mqtt/client.py", line 4609, in _create_socket
    sock = self._create_socket_connection()
  File "/usr/local/lib/python3.9/site-packages/paho/mqtt/client.py", line 4640, in _create_socket_connection
    return socket.create_connection(addr, timeout=self._connect_timeout, source_address=source)
  File "/usr/local/lib/python3.9/socket.py", line 856, in create_connection
    raise err
  File "/usr/local/lib/python3.9/socket.py", line 844, in create_connection
    sock.connect(sa)
socket.timeout: timed out
2024-12-06 14:26:24,241 - ValveController - ERROR - MQTT connection failed: timed out
Traceback (most recent call last):
  File "/app/valves_node.py", line 62, in connect_mqtt
    self.client.connect(self.broker_host, self.broker_port)
  File "/usr/local/lib/python3.9/site-packages/paho/mqtt/client.py", line 1435, in connect
    return self.reconnect()
  File "/usr/local/lib/python3.9/site-packages/paho/mqtt/client.py", line 1598, in reconnect
    self._sock = self._create_socket()
  File "/usr/local/lib/python3.9/site-packages/paho/mqtt/client.py", line 4609, in _create_socket
    sock = self._create_socket_connection()
  File "/usr/local/lib/python3.9/site-packages/paho/mqtt/client.py", line 4640, in _create_socket_connection
    return socket.create_connection(addr, timeout=self._connect_timeout, source_address=source)
  File "/usr/local/lib/python3.9/socket.py", line 856, in create_connection
    raise err
  File "/usr/local/lib/python3.9/socket.py", line 844, in create_connection
    sock.connect(sa)
socket.timeout: timed out
2024-12-06 14:26:34,253 - ValveController - ERROR - MQTT connection failed: timed out
Traceback (most recent call last):
  File "/app/valves_node.py", line 62, in connect_mqtt
    self.client.connect(self.broker_host, self.broker_port)
  File "/usr/local/lib/python3.9/site-packages/paho/mqtt/client.py", line 1435, in connect
    return self.reconnect()
  File "/usr/local/lib/python3.9/site-packages/paho/mqtt/client.py", line 1598, in reconnect
    self._sock = self._create_socket()
  File "/usr/local/lib/python3.9/site-packages/paho/mqtt/client.py", line 4609, in _create_socket
    sock = self._create_socket_connection()
  File "/usr/local/lib/python3.9/site-packages/paho/mqtt/client.py", line 4640, in _create_socket_connection
    return socket.create_connection(addr, timeout=self._connect_timeout, source_address=source)
  File "/usr/local/lib/python3.9/socket.py", line 856, in create_connection
    raise err
  File "/usr/local/lib/python3.9/socket.py", line 844, in create_connection
    sock.connect(sa)
socket.timeout: timed out
2024-12-06 14:26:44,267 - ValveController - ERROR - MQTT connection failed: timed out
Traceback (most recent call last):
  File "/app/valves_node.py", line 62, in connect_mqtt
    self.client.connect(self.broker_host, self.broker_port)
  File "/usr/local/lib/python3.9/site-packages/paho/mqtt/client.py", line 1435, in connect
    return self.reconnect()
  File "/usr/local/lib/python3.9/site-packages/paho/mqtt/client.py", line 1598, in reconnect
    self._sock = self._create_socket()
  File "/usr/local/lib/python3.9/site-packages/paho/mqtt/client.py", line 4609, in _create_socket
    sock = self._create_socket_connection()
  File "/usr/local/lib/python3.9/site-packages/paho/mqtt/client.py", line 4640, in _create_socket_connection
    return socket.create_connection(addr, timeout=self._connect_timeout, source_address=source)
  File "/usr/local/lib/python3.9/socket.py", line 856, in create_connection
    raise err
  File "/usr/local/lib/python3.9/socket.py", line 844, in create_connection
    sock.connect(sa)
socket.timeout: timed out
2024-12-06 14:26:54,276 - ValveController - ERROR - MQTT connection failed: timed out
Traceback (most recent call last):
  File "/app/valves_node.py", line 62, in connect_mqtt
    self.client.connect(self.broker_host, self.broker_port)
  File "/usr/local/lib/python3.9/site-packages/paho/mqtt/client.py", line 1435, in connect
    return self.reconnect()
  File "/usr/local/lib/python3.9/site-packages/paho/mqtt/client.py", line 1598, in reconnect
    self._sock = self._create_socket()
  File "/usr/local/lib/python3.9/site-packages/paho/mqtt/client.py", line 4609, in _create_socket
    sock = self._create_socket_connection()
  File "/usr/local/lib/python3.9/site-packages/paho/mqtt/client.py", line 4640, in _create_socket_connection
    return socket.create_connection(addr, timeout=self._connect_timeout, source_address=source)
  File "/usr/local/lib/python3.9/socket.py", line 856, in create_connection
    raise err
  File "/usr/local/lib/python3.9/socket.py", line 844, in create_connection
    sock.connect(sa)
socket.timeout: timed out
2024-12-06 14:27:04,289 - ValveController - ERROR - MQTT connection failed: timed out
Traceback (most recent call last):
  File "/app/valves_node.py", line 62, in connect_mqtt
    self.client.connect(self.broker_host, self.broker_port)
  File "/usr/local/lib/python3.9/site-packages/paho/mqtt/client.py", line 1435, in connect
    return self.reconnect()
  File "/usr/local/lib/python3.9/site-packages/paho/mqtt/client.py", line 1598, in reconnect
    self._sock = self._create_socket()
  File "/usr/local/lib/python3.9/site-packages/paho/mqtt/client.py", line 4609, in _create_socket
    sock = self._create_socket_connection()
  File "/usr/local/lib/python3.9/site-packages/paho/mqtt/client.py", line 4640, in _create_socket_connection
    return socket.create_connection(addr, timeout=self._connect_timeout, source_address=source)
  File "/usr/local/lib/python3.9/socket.py", line 856, in create_connection
    raise err
  File "/usr/local/lib/python3.9/socket.py", line 844, in create_connection
    sock.connect(sa)
socket.timeout: timed out
2024-12-06 14:27:14,302 - ValveController - ERROR - MQTT connection failed: timed out
Traceback (most recent call last):
  File "/app/valves_node.py", line 62, in connect_mqtt
    self.client.connect(self.broker_host, self.broker_port)
  File "/usr/local/lib/python3.9/site-packages/paho/mqtt/client.py", line 1435, in connect
    return self.reconnect()
  File "/usr/local/lib/python3.9/site-packages/paho/mqtt/client.py", line 1598, in reconnect
    self._sock = self._create_socket()
  File "/usr/local/lib/python3.9/site-packages/paho/mqtt/client.py", line 4609, in _create_socket
    sock = self._create_socket_connection()
  File "/usr/local/lib/python3.9/site-packages/paho/mqtt/client.py", line 4640, in _create_socket_connection
    return socket.create_connection(addr, timeout=self._connect_timeout, source_address=source)
  File "/usr/local/lib/python3.9/socket.py", line 856, in create_connection
    raise err
  File "/usr/local/lib/python3.9/socket.py", line 844, in create_connection
    sock.connect(sa)
socket.timeout: timed out
2024-12-06 14:27:24,311 - ValveController - ERROR - MQTT connection failed: timed out
Traceback (most recent call last):
  File "/app/valves_node.py", line 62, in connect_mqtt
    self.client.connect(self.broker_host, self.broker_port)
  File "/usr/local/lib/python3.9/site-packages/paho/mqtt/client.py", line 1435, in connect
    return self.reconnect()
  File "/usr/local/lib/python3.9/site-packages/paho/mqtt/client.py", line 1598, in reconnect
    self._sock = self._create_socket()
  File "/usr/local/lib/python3.9/site-packages/paho/mqtt/client.py", line 4609, in _create_socket
    sock = self._create_socket_connection()
  File "/usr/local/lib/python3.9/site-packages/paho/mqtt/client.py", line 4640, in _create_socket_connection
    return socket.create_connection(addr, timeout=self._connect_timeout, source_address=source)
  File "/usr/local/lib/python3.9/socket.py", line 856, in create_connection
    raise err
  File "/usr/local/lib/python3.9/socket.py", line 844, in create_connection
    sock.connect(sa)
socket.timeout: timed out
2024-12-06 14:27:34,324 - ValveController - ERROR - MQTT connection failed: timed out
Traceback (most recent call last):
  File "/app/valves_node.py", line 62, in connect_mqtt
    self.client.connect(self.broker_host, self.broker_port)
  File "/usr/local/lib/python3.9/site-packages/paho/mqtt/client.py", line 1435, in connect
    return self.reconnect()
  File "/usr/local/lib/python3.9/site-packages/paho/mqtt/client.py", line 1598, in reconnect
    self._sock = self._create_socket()
  File "/usr/local/lib/python3.9/site-packages/paho/mqtt/client.py", line 4609, in _create_socket
    sock = self._create_socket_connection()
  File "/usr/local/lib/python3.9/site-packages/paho/mqtt/client.py", line 4640, in _create_socket_connection
    return socket.create_connection(addr, timeout=self._connect_timeout, source_address=source)
  File "/usr/local/lib/python3.9/socket.py", line 856, in create_connection
    raise err
  File "/usr/local/lib/python3.9/socket.py", line 844, in create_connection
    sock.connect(sa)
socket.timeout: timed out
2024-12-06 14:27:44,333 - ValveController - ERROR - MQTT connection failed: timed out
Traceback (most recent call last):
  File "/app/valves_node.py", line 62, in connect_mqtt
    self.client.connect(self.broker_host, self.broker_port)
  File "/usr/local/lib/python3.9/site-packages/paho/mqtt/client.py", line 1435, in connect
    return self.reconnect()
  File "/usr/local/lib/python3.9/site-packages/paho/mqtt/client.py", line 1598, in reconnect
    self._sock = self._create_socket()
  File "/usr/local/lib/python3.9/site-packages/paho/mqtt/client.py", line 4609, in _create_socket
    sock = self._create_socket_connection()
  File "/usr/local/lib/python3.9/site-packages/paho/mqtt/client.py", line 4640, in _create_socket_connection
    return socket.create_connection(addr, timeout=self._connect_timeout, source_address=source)
  File "/usr/local/lib/python3.9/socket.py", line 856, in create_connection
    raise err
  File "/usr/local/lib/python3.9/socket.py", line 844, in create_connection
    sock.connect(sa)
socket.timeout: timed out
2024-12-06 14:27:54,345 - ValveController - ERROR - MQTT connection failed: timed out
Traceback (most recent call last):
  File "/app/valves_node.py", line 62, in connect_mqtt
    self.client.connect(self.broker_host, self.broker_port)
  File "/usr/local/lib/python3.9/site-packages/paho/mqtt/client.py", line 1435, in connect
    return self.reconnect()
  File "/usr/local/lib/python3.9/site-packages/paho/mqtt/client.py", line 1598, in reconnect
    self._sock = self._create_socket()
  File "/usr/local/lib/python3.9/site-packages/paho/mqtt/client.py", line 4609, in _create_socket
    sock = self._create_socket_connection()
  File "/usr/local/lib/python3.9/site-packages/paho/mqtt/client.py", line 4640, in _create_socket_connection
    return socket.create_connection(addr, timeout=self._connect_timeout, source_address=source)
  File "/usr/local/lib/python3.9/socket.py", line 856, in create_connection
    raise err
  File "/usr/local/lib/python3.9/socket.py", line 844, in create_connection
    sock.connect(sa)
socket.timeout: timed out
2024-12-06 14:28:04,356 - ValveController - ERROR - MQTT connection failed: timed out
Traceback (most recent call last):
  File "/app/valves_node.py", line 62, in connect_mqtt
    self.client.connect(self.broker_host, self.broker_port)
  File "/usr/local/lib/python3.9/site-packages/paho/mqtt/client.py", line 1435, in connect
    return self.reconnect()
  File "/usr/local/lib/python3.9/site-packages/paho/mqtt/client.py", line 1598, in reconnect
    self._sock = self._create_socket()
  File "/usr/local/lib/python3.9/site-packages/paho/mqtt/client.py", line 4609, in _create_socket
    sock = self._create_socket_connection()
  File "/usr/local/lib/python3.9/site-packages/paho/mqtt/client.py", line 4640, in _create_socket_connection
    return socket.create_connection(addr, timeout=self._connect_timeout, source_address=source)
  File "/usr/local/lib/python3.9/socket.py", line 856, in create_connection
    raise err
  File "/usr/local/lib/python3.9/socket.py", line 844, in create_connection
    sock.connect(sa)
socket.timeout: timed out
2024-12-06 14:28:14,369 - ValveController - ERROR - MQTT connection failed: timed out
Traceback (most recent call last):
  File "/app/valves_node.py", line 62, in connect_mqtt
    self.client.connect(self.broker_host, self.broker_port)
  File "/usr/local/lib/python3.9/site-packages/paho/mqtt/client.py", line 1435, in connect
    return self.reconnect()
  File "/usr/local/lib/python3.9/site-packages/paho/mqtt/client.py", line 1598, in reconnect
    self._sock = self._create_socket()
  File "/usr/local/lib/python3.9/site-packages/paho/mqtt/client.py", line 4609, in _create_socket
    sock = self._create_socket_connection()
  File "/usr/local/lib/python3.9/site-packages/paho/mqtt/client.py", line 4640, in _create_socket_connection
    return socket.create_connection(addr, timeout=self._connect_timeout, source_address=source)
  File "/usr/local/lib/python3.9/socket.py", line 856, in create_connection
    raise err
  File "/usr/local/lib/python3.9/socket.py", line 844, in create_connection
    sock.connect(sa)
socket.timeout: timed out
2024-12-06 14:28:24,378 - ValveController - ERROR - MQTT connection failed: timed out
Traceback (most recent call last):
  File "/app/valves_node.py", line 62, in connect_mqtt
    self.client.connect(self.broker_host, self.broker_port)
  File "/usr/local/lib/python3.9/site-packages/paho/mqtt/client.py", line 1435, in connect
    return self.reconnect()
  File "/usr/local/lib/python3.9/site-packages/paho/mqtt/client.py", line 1598, in reconnect
    self._sock = self._create_socket()
  File "/usr/local/lib/python3.9/site-packages/paho/mqtt/client.py", line 4609, in _create_socket
    sock = self._create_socket_connection()
  File "/usr/local/lib/python3.9/site-packages/paho/mqtt/client.py", line 4640, in _create_socket_connection
    return socket.create_connection(addr, timeout=self._connect_timeout, source_address=source)
  File "/usr/local/lib/python3.9/socket.py", line 856, in create_connection
    raise err
  File "/usr/local/lib/python3.9/socket.py", line 844, in create_connection
    sock.connect(sa)
socket.timeout: timed out
2024-12-06 14:28:34,385 - ValveController - ERROR - MQTT connection failed: timed out
Traceback (most recent call last):
  File "/app/valves_node.py", line 62, in connect_mqtt
    self.client.connect(self.broker_host, self.broker_port)
  File "/usr/local/lib/python3.9/site-packages/paho/mqtt/client.py", line 1435, in connect
    return self.reconnect()
  File "/usr/local/lib/python3.9/site-packages/paho/mqtt/client.py", line 1598, in reconnect
    self._sock = self._create_socket()
  File "/usr/local/lib/python3.9/site-packages/paho/mqtt/client.py", line 4609, in _create_socket
    sock = self._create_socket_connection()
  File "/usr/local/lib/python3.9/site-packages/paho/mqtt/client.py", line 4640, in _create_socket_connection
    return socket.create_connection(addr, timeout=self._connect_timeout, source_address=source)
  File "/usr/local/lib/python3.9/socket.py", line 856, in create_connection
    raise err
  File "/usr/local/lib/python3.9/socket.py", line 844, in create_connection
    sock.connect(sa)
socket.timeout: timed out
2024-12-06 14:28:44,398 - ValveController - ERROR - MQTT connection failed: timed out
Traceback (most recent call last):
  File "/app/valves_node.py", line 62, in connect_mqtt
    self.client.connect(self.broker_host, self.broker_port)
  File "/usr/local/lib/python3.9/site-packages/paho/mqtt/client.py", line 1435, in connect
    return self.reconnect()
  File "/usr/local/lib/python3.9/site-packages/paho/mqtt/client.py", line 1598, in reconnect
    self._sock = self._create_socket()
  File "/usr/local/lib/python3.9/site-packages/paho/mqtt/client.py", line 4609, in _create_socket
    sock = self._create_socket_connection()
  File "/usr/local/lib/python3.9/site-packages/paho/mqtt/client.py", line 4640, in _create_socket_connection
    return socket.create_connection(addr, timeout=self._connect_timeout, source_address=source)
  File "/usr/local/lib/python3.9/socket.py", line 856, in create_connection
    raise err
  File "/usr/local/lib/python3.9/socket.py", line 844, in create_connection
    sock.connect(sa)
socket.timeout: timed out
2024-12-06 14:28:54,408 - ValveController - ERROR - MQTT connection failed: timed out
Traceback (most recent call last):
  File "/app/valves_node.py", line 62, in connect_mqtt
    self.client.connect(self.broker_host, self.broker_port)
  File "/usr/local/lib/python3.9/site-packages/paho/mqtt/client.py", line 1435, in connect
    return self.reconnect()
  File "/usr/local/lib/python3.9/site-packages/paho/mqtt/client.py", line 1598, in reconnect
    self._sock = self._create_socket()
  File "/usr/local/lib/python3.9/site-packages/paho/mqtt/client.py", line 4609, in _create_socket
    sock = self._create_socket_connection()
  File "/usr/local/lib/python3.9/site-packages/paho/mqtt/client.py", line 4640, in _create_socket_connection
    return socket.create_connection(addr, timeout=self._connect_timeout, source_address=source)
  File "/usr/local/lib/python3.9/socket.py", line 856, in create_connection
    raise err
  File "/usr/local/lib/python3.9/socket.py", line 844, in create_connection
    sock.connect(sa)
socket.timeout: timed out
2024-12-06 14:29:04,421 - ValveController - ERROR - MQTT connection failed: timed out
Traceback (most recent call last):
  File "/app/valves_node.py", line 62, in connect_mqtt
    self.client.connect(self.broker_host, self.broker_port)
  File "/usr/local/lib/python3.9/site-packages/paho/mqtt/client.py", line 1435, in connect
    return self.reconnect()
  File "/usr/local/lib/python3.9/site-packages/paho/mqtt/client.py", line 1598, in reconnect
    self._sock = self._create_socket()
  File "/usr/local/lib/python3.9/site-packages/paho/mqtt/client.py", line 4609, in _create_socket
    sock = self._create_socket_connection()
  File "/usr/local/lib/python3.9/site-packages/paho/mqtt/client.py", line 4640, in _create_socket_connection
    return socket.create_connection(addr, timeout=self._connect_timeout, source_address=source)
  File "/usr/local/lib/python3.9/socket.py", line 856, in create_connection
    raise err
  File "/usr/local/lib/python3.9/socket.py", line 844, in create_connection
    sock.connect(sa)
socket.timeout: timed out
2024-12-06 14:29:14,434 - ValveController - ERROR - MQTT connection failed: timed out
Traceback (most recent call last):
  File "/app/valves_node.py", line 62, in connect_mqtt
    self.client.connect(self.broker_host, self.broker_port)
  File "/usr/local/lib/python3.9/site-packages/paho/mqtt/client.py", line 1435, in connect
    return self.reconnect()
  File "/usr/local/lib/python3.9/site-packages/paho/mqtt/client.py", line 1598, in reconnect
    self._sock = self._create_socket()
  File "/usr/local/lib/python3.9/site-packages/paho/mqtt/client.py", line 4609, in _create_socket
    sock = self._create_socket_connection()
  File "/usr/local/lib/python3.9/site-packages/paho/mqtt/client.py", line 4640, in _create_socket_connection
    return socket.create_connection(addr, timeout=self._connect_timeout, source_address=source)
  File "/usr/local/lib/python3.9/socket.py", line 856, in create_connection
    raise err
  File "/usr/local/lib/python3.9/socket.py", line 844, in create_connection
    sock.connect(sa)
socket.timeout: timed out
2024-12-06 14:29:24,447 - ValveController - ERROR - MQTT connection failed: timed out
Traceback (most recent call last):
  File "/app/valves_node.py", line 62, in connect_mqtt
    self.client.connect(self.broker_host, self.broker_port)
  File "/usr/local/lib/python3.9/site-packages/paho/mqtt/client.py", line 1435, in connect
    return self.reconnect()
  File "/usr/local/lib/python3.9/site-packages/paho/mqtt/client.py", line 1598, in reconnect
    self._sock = self._create_socket()
  File "/usr/local/lib/python3.9/site-packages/paho/mqtt/client.py", line 4609, in _create_socket
    sock = self._create_socket_connection()
  File "/usr/local/lib/python3.9/site-packages/paho/mqtt/client.py", line 4640, in _create_socket_connection
    return socket.create_connection(addr, timeout=self._connect_timeout, source_address=source)
  File "/usr/local/lib/python3.9/socket.py", line 856, in create_connection
    raise err
  File "/usr/local/lib/python3.9/socket.py", line 844, in create_connection
    sock.connect(sa)
socket.timeout: timed out
2024-12-06 14:29:34,456 - ValveController - ERROR - MQTT connection failed: timed out
Traceback (most recent call last):
  File "/app/valves_node.py", line 62, in connect_mqtt
    self.client.connect(self.broker_host, self.broker_port)
  File "/usr/local/lib/python3.9/site-packages/paho/mqtt/client.py", line 1435, in connect
    return self.reconnect()
  File "/usr/local/lib/python3.9/site-packages/paho/mqtt/client.py", line 1598, in reconnect
    self._sock = self._create_socket()
  File "/usr/local/lib/python3.9/site-packages/paho/mqtt/client.py", line 4609, in _create_socket
    sock = self._create_socket_connection()
  File "/usr/local/lib/python3.9/site-packages/paho/mqtt/client.py", line 4640, in _create_socket_connection
    return socket.create_connection(addr, timeout=self._connect_timeout, source_address=source)
  File "/usr/local/lib/python3.9/socket.py", line 856, in create_connection
    raise err
  File "/usr/local/lib/python3.9/socket.py", line 844, in create_connection
    sock.connect(sa)
socket.timeout: timed out
2024-12-06 14:29:44,469 - ValveController - ERROR - MQTT connection failed: timed out
Traceback (most recent call last):
  File "/app/valves_node.py", line 62, in connect_mqtt
    self.client.connect(self.broker_host, self.broker_port)
  File "/usr/local/lib/python3.9/site-packages/paho/mqtt/client.py", line 1435, in connect
    return self.reconnect()
  File "/usr/local/lib/python3.9/site-packages/paho/mqtt/client.py", line 1598, in reconnect
    self._sock = self._create_socket()
  File "/usr/local/lib/python3.9/site-packages/paho/mqtt/client.py", line 4609, in _create_socket
    sock = self._create_socket_connection()
  File "/usr/local/lib/python3.9/site-packages/paho/mqtt/client.py", line 4640, in _create_socket_connection
    return socket.create_connection(addr, timeout=self._connect_timeout, source_address=source)
  File "/usr/local/lib/python3.9/socket.py", line 856, in create_connection
    raise err
  File "/usr/local/lib/python3.9/socket.py", line 844, in create_connection
    sock.connect(sa)
socket.timeout: timed out
2024-12-06 14:29:54,481 - ValveController - ERROR - MQTT connection failed: timed out
Traceback (most recent call last):
  File "/app/valves_node.py", line 62, in connect_mqtt
    self.client.connect(self.broker_host, self.broker_port)
  File "/usr/local/lib/python3.9/site-packages/paho/mqtt/client.py", line 1435, in connect
    return self.reconnect()
  File "/usr/local/lib/python3.9/site-packages/paho/mqtt/client.py", line 1598, in reconnect
    self._sock = self._create_socket()
  File "/usr/local/lib/python3.9/site-packages/paho/mqtt/client.py", line 4609, in _create_socket
    sock = self._create_socket_connection()
  File "/usr/local/lib/python3.9/site-packages/paho/mqtt/client.py", line 4640, in _create_socket_connection
    return socket.create_connection(addr, timeout=self._connect_timeout, source_address=source)
  File "/usr/local/lib/python3.9/socket.py", line 856, in create_connection
    raise err
  File "/usr/local/lib/python3.9/socket.py", line 844, in create_connection
    sock.connect(sa)
socket.timeout: timed out
2024-12-06 14:30:04,494 - ValveController - ERROR - MQTT connection failed: timed out
Traceback (most recent call last):
  File "/app/valves_node.py", line 62, in connect_mqtt
    self.client.connect(self.broker_host, self.broker_port)
  File "/usr/local/lib/python3.9/site-packages/paho/mqtt/client.py", line 1435, in connect
    return self.reconnect()
  File "/usr/local/lib/python3.9/site-packages/paho/mqtt/client.py", line 1598, in reconnect
    self._sock = self._create_socket()
  File "/usr/local/lib/python3.9/site-packages/paho/mqtt/client.py", line 4609, in _create_socket
    sock = self._create_socket_connection()
  File "/usr/local/lib/python3.9/site-packages/paho/mqtt/client.py", line 4640, in _create_socket_connection
    return socket.create_connection(addr, timeout=self._connect_timeout, source_address=source)
  File "/usr/local/lib/python3.9/socket.py", line 856, in create_connection
    raise err
  File "/usr/local/lib/python3.9/socket.py", line 844, in create_connection
    sock.connect(sa)
socket.timeout: timed out
2024-12-06 14:30:14,507 - ValveController - ERROR - MQTT connection failed: timed out
Traceback (most recent call last):
  File "/app/valves_node.py", line 62, in connect_mqtt
    self.client.connect(self.broker_host, self.broker_port)
  File "/usr/local/lib/python3.9/site-packages/paho/mqtt/client.py", line 1435, in connect
    return self.reconnect()
  File "/usr/local/lib/python3.9/site-packages/paho/mqtt/client.py", line 1598, in reconnect
    self._sock = self._create_socket()
  File "/usr/local/lib/python3.9/site-packages/paho/mqtt/client.py", line 4609, in _create_socket
    sock = self._create_socket_connection()
  File "/usr/local/lib/python3.9/site-packages/paho/mqtt/client.py", line 4640, in _create_socket_connection
    return socket.create_connection(addr, timeout=self._connect_timeout, source_address=source)
  File "/usr/local/lib/python3.9/socket.py", line 856, in create_connection
    raise err
  File "/usr/local/lib/python3.9/socket.py", line 844, in create_connection
    sock.connect(sa)
socket.timeout: timed out
2024-12-16 18:36:01,357 - ValveController - ERROR - MQTT connection failed: [Errno 113] No route to host
Traceback (most recent call last):
  File "/app/valves_node.py", line 62, in connect_mqtt
    self.client.connect(self.broker_host, self.broker_port)
  File "/usr/local/lib/python3.9/site-packages/paho/mqtt/client.py", line 1435, in connect
    return self.reconnect()
  File "/usr/local/lib/python3.9/site-packages/paho/mqtt/client.py", line 1598, in reconnect
    self._sock = self._create_socket()
  File "/usr/local/lib/python3.9/site-packages/paho/mqtt/client.py", line 4609, in _create_socket
    sock = self._create_socket_connection()
  File "/usr/local/lib/python3.9/site-packages/paho/mqtt/client.py", line 4640, in _create_socket_connection
    return socket.create_connection(addr, timeout=self._connect_timeout, source_address=source)
  File "/usr/local/lib/python3.9/socket.py", line 856, in create_connection
    raise err
  File "/usr/local/lib/python3.9/socket.py", line 844, in create_connection
    sock.connect(sa)
OSError: [Errno 113] No route to host
2024-12-16 18:43:58,628 - ValveController - ERROR - MQTT connection failed: [Errno 113] No route to host
Traceback (most recent call last):
  File "/app/valves_node.py", line 62, in connect_mqtt
    self.client.connect(self.broker_host, self.broker_port)
  File "/usr/local/lib/python3.9/site-packages/paho/mqtt/client.py", line 1435, in connect
    return self.reconnect()
  File "/usr/local/lib/python3.9/site-packages/paho/mqtt/client.py", line 1598, in reconnect
    self._sock = self._create_socket()
  File "/usr/local/lib/python3.9/site-packages/paho/mqtt/client.py", line 4609, in _create_socket
    sock = self._create_socket_connection()
  File "/usr/local/lib/python3.9/site-packages/paho/mqtt/client.py", line 4640, in _create_socket_connection
    return socket.create_connection(addr, timeout=self._connect_timeout, source_address=source)
  File "/usr/local/lib/python3.9/socket.py", line 856, in create_connection
    raise err
  File "/usr/local/lib/python3.9/socket.py", line 844, in create_connection
    sock.connect(sa)
OSError: [Errno 113] No route to host
2024-12-16 18:44:05,604 - ValveController - ERROR - MQTT connection failed: [Errno 113] No route to host
Traceback (most recent call last):
  File "/app/valves_node.py", line 62, in connect_mqtt
    self.client.connect(self.broker_host, self.broker_port)
  File "/usr/local/lib/python3.9/site-packages/paho/mqtt/client.py", line 1435, in connect
    return self.reconnect()
  File "/usr/local/lib/python3.9/site-packages/paho/mqtt/client.py", line 1598, in reconnect
    self._sock = self._create_socket()
  File "/usr/local/lib/python3.9/site-packages/paho/mqtt/client.py", line 4609, in _create_socket
    sock = self._create_socket_connection()
  File "/usr/local/lib/python3.9/site-packages/paho/mqtt/client.py", line 4640, in _create_socket_connection
    return socket.create_connection(addr, timeout=self._connect_timeout, source_address=source)
  File "/usr/local/lib/python3.9/socket.py", line 856, in create_connection
    raise err
  File "/usr/local/lib/python3.9/socket.py", line 844, in create_connection
    sock.connect(sa)
OSError: [Errno 113] No route to host
2024-12-16 18:44:13,667 - ValveController - ERROR - MQTT connection failed: [Errno 113] No route to host
Traceback (most recent call last):
  File "/app/valves_node.py", line 62, in connect_mqtt
    self.client.connect(self.broker_host, self.broker_port)
  File "/usr/local/lib/python3.9/site-packages/paho/mqtt/client.py", line 1435, in connect
    return self.reconnect()
  File "/usr/local/lib/python3.9/site-packages/paho/mqtt/client.py", line 1598, in reconnect
    self._sock = self._create_socket()
  File "/usr/local/lib/python3.9/site-packages/paho/mqtt/client.py", line 4609, in _create_socket
    sock = self._create_socket_connection()
  File "/usr/local/lib/python3.9/site-packages/paho/mqtt/client.py", line 4640, in _create_socket_connection
    return socket.create_connection(addr, timeout=self._connect_timeout, source_address=source)
  File "/usr/local/lib/python3.9/socket.py", line 856, in create_connection
    raise err
  File "/usr/local/lib/python3.9/socket.py", line 844, in create_connection
    sock.connect(sa)
OSError: [Errno 113] No route to host
2024-12-16 18:44:21,732 - ValveController - ERROR - MQTT connection failed: [Errno 113] No route to host
Traceback (most recent call last):
  File "/app/valves_node.py", line 62, in connect_mqtt
    self.client.connect(self.broker_host, self.broker_port)
  File "/usr/local/lib/python3.9/site-packages/paho/mqtt/client.py", line 1435, in connect
    return self.reconnect()
  File "/usr/local/lib/python3.9/site-packages/paho/mqtt/client.py", line 1598, in reconnect
    self._sock = self._create_socket()
  File "/usr/local/lib/python3.9/site-packages/paho/mqtt/client.py", line 4609, in _create_socket
    sock = self._create_socket_connection()
  File "/usr/local/lib/python3.9/site-packages/paho/mqtt/client.py", line 4640, in _create_socket_connection
    return socket.create_connection(addr, timeout=self._connect_timeout, source_address=source)
  File "/usr/local/lib/python3.9/socket.py", line 856, in create_connection
    raise err
  File "/usr/local/lib/python3.9/socket.py", line 844, in create_connection
    sock.connect(sa)
OSError: [Errno 113] No route to host
2024-12-16 18:44:29,796 - ValveController - ERROR - MQTT connection failed: [Errno 113] No route to host
Traceback (most recent call last):
  File "/app/valves_node.py", line 62, in connect_mqtt
    self.client.connect(self.broker_host, self.broker_port)
  File "/usr/local/lib/python3.9/site-packages/paho/mqtt/client.py", line 1435, in connect
    return self.reconnect()
  File "/usr/local/lib/python3.9/site-packages/paho/mqtt/client.py", line 1598, in reconnect
    self._sock = self._create_socket()
  File "/usr/local/lib/python3.9/site-packages/paho/mqtt/client.py", line 4609, in _create_socket
    sock = self._create_socket_connection()
  File "/usr/local/lib/python3.9/site-packages/paho/mqtt/client.py", line 4640, in _create_socket_connection
    return socket.create_connection(addr, timeout=self._connect_timeout, source_address=source)
  File "/usr/local/lib/python3.9/socket.py", line 856, in create_connection
    raise err
  File "/usr/local/lib/python3.9/socket.py", line 844, in create_connection
    sock.connect(sa)
OSError: [Errno 113] No route to host
2024-12-16 18:44:37,924 - ValveController - ERROR - MQTT connection failed: [Errno 113] No route to host
Traceback (most recent call last):
  File "/app/valves_node.py", line 62, in connect_mqtt
    self.client.connect(self.broker_host, self.broker_port)
  File "/usr/local/lib/python3.9/site-packages/paho/mqtt/client.py", line 1435, in connect
    return self.reconnect()
  File "/usr/local/lib/python3.9/site-packages/paho/mqtt/client.py", line 1598, in reconnect
    self._sock = self._create_socket()
  File "/usr/local/lib/python3.9/site-packages/paho/mqtt/client.py", line 4609, in _create_socket
    sock = self._create_socket_connection()
  File "/usr/local/lib/python3.9/site-packages/paho/mqtt/client.py", line 4640, in _create_socket_connection
    return socket.create_connection(addr, timeout=self._connect_timeout, source_address=source)
  File "/usr/local/lib/python3.9/socket.py", line 856, in create_connection
    raise err
  File "/usr/local/lib/python3.9/socket.py", line 844, in create_connection
    sock.connect(sa)
OSError: [Errno 113] No route to host
2024-12-16 18:45:07,140 - ValveController - ERROR - MQTT connection failed: [Errno 113] No route to host
Traceback (most recent call last):
  File "/app/valves_node.py", line 62, in connect_mqtt
    self.client.connect(self.broker_host, self.broker_port)
  File "/usr/local/lib/python3.9/site-packages/paho/mqtt/client.py", line 1435, in connect
    return self.reconnect()
  File "/usr/local/lib/python3.9/site-packages/paho/mqtt/client.py", line 1598, in reconnect
    self._sock = self._create_socket()
  File "/usr/local/lib/python3.9/site-packages/paho/mqtt/client.py", line 4609, in _create_socket
    sock = self._create_socket_connection()
  File "/usr/local/lib/python3.9/site-packages/paho/mqtt/client.py", line 4640, in _create_socket_connection
    return socket.create_connection(addr, timeout=self._connect_timeout, source_address=source)
  File "/usr/local/lib/python3.9/socket.py", line 856, in create_connection
    raise err
  File "/usr/local/lib/python3.9/socket.py", line 844, in create_connection
    sock.connect(sa)
OSError: [Errno 113] No route to host
2024-12-16 18:45:15,140 - ValveController - ERROR - MQTT connection failed: [Errno 113] No route to host
Traceback (most recent call last):
  File "/app/valves_node.py", line 62, in connect_mqtt
    self.client.connect(self.broker_host, self.broker_port)
  File "/usr/local/lib/python3.9/site-packages/paho/mqtt/client.py", line 1435, in connect
    return self.reconnect()
  File "/usr/local/lib/python3.9/site-packages/paho/mqtt/client.py", line 1598, in reconnect
    self._sock = self._create_socket()
  File "/usr/local/lib/python3.9/site-packages/paho/mqtt/client.py", line 4609, in _create_socket
    sock = self._create_socket_connection()
  File "/usr/local/lib/python3.9/site-packages/paho/mqtt/client.py", line 4640, in _create_socket_connection
    return socket.create_connection(addr, timeout=self._connect_timeout, source_address=source)
  File "/usr/local/lib/python3.9/socket.py", line 856, in create_connection
    raise err
  File "/usr/local/lib/python3.9/socket.py", line 844, in create_connection
    sock.connect(sa)
OSError: [Errno 113] No route to host
2024-12-16 18:45:21,220 - ValveController - ERROR - MQTT connection failed: [Errno 113] No route to host
Traceback (most recent call last):
  File "/app/valves_node.py", line 62, in connect_mqtt
    self.client.connect(self.broker_host, self.broker_port)
  File "/usr/local/lib/python3.9/site-packages/paho/mqtt/client.py", line 1435, in connect
    return self.reconnect()
  File "/usr/local/lib/python3.9/site-packages/paho/mqtt/client.py", line 1598, in reconnect
    self._sock = self._create_socket()
  File "/usr/local/lib/python3.9/site-packages/paho/mqtt/client.py", line 4609, in _create_socket
    sock = self._create_socket_connection()
  File "/usr/local/lib/python3.9/site-packages/paho/mqtt/client.py", line 4640, in _create_socket_connection
    return socket.create_connection(addr, timeout=self._connect_timeout, source_address=source)
  File "/usr/local/lib/python3.9/socket.py", line 856, in create_connection
    raise err
  File "/usr/local/lib/python3.9/socket.py", line 844, in create_connection
    sock.connect(sa)
OSError: [Errno 113] No route to host
2024-12-16 18:45:28,228 - ValveController - ERROR - MQTT connection failed: [Errno 113] No route to host
Traceback (most recent call last):
  File "/app/valves_node.py", line 62, in connect_mqtt
    self.client.connect(self.broker_host, self.broker_port)
  File "/usr/local/lib/python3.9/site-packages/paho/mqtt/client.py", line 1435, in connect
    return self.reconnect()
  File "/usr/local/lib/python3.9/site-packages/paho/mqtt/client.py", line 1598, in reconnect
    self._sock = self._create_socket()
  File "/usr/local/lib/python3.9/site-packages/paho/mqtt/client.py", line 4609, in _create_socket
    sock = self._create_socket_connection()
  File "/usr/local/lib/python3.9/site-packages/paho/mqtt/client.py", line 4640, in _create_socket_connection
    return socket.create_connection(addr, timeout=self._connect_timeout, source_address=source)
  File "/usr/local/lib/python3.9/socket.py", line 856, in create_connection
    raise err
  File "/usr/local/lib/python3.9/socket.py", line 844, in create_connection
    sock.connect(sa)
OSError: [Errno 113] No route to host
2024-12-16 18:45:36,292 - ValveController - ERROR - MQTT connection failed: [Errno 113] No route to host
Traceback (most recent call last):
  File "/app/valves_node.py", line 62, in connect_mqtt
    self.client.connect(self.broker_host, self.broker_port)
  File "/usr/local/lib/python3.9/site-packages/paho/mqtt/client.py", line 1435, in connect
    return self.reconnect()
  File "/usr/local/lib/python3.9/site-packages/paho/mqtt/client.py", line 1598, in reconnect
    self._sock = self._create_socket()
  File "/usr/local/lib/python3.9/site-packages/paho/mqtt/client.py", line 4609, in _create_socket
    sock = self._create_socket_connection()
  File "/usr/local/lib/python3.9/site-packages/paho/mqtt/client.py", line 4640, in _create_socket_connection
    return socket.create_connection(addr, timeout=self._connect_timeout, source_address=source)
  File "/usr/local/lib/python3.9/socket.py", line 856, in create_connection
    raise err
  File "/usr/local/lib/python3.9/socket.py", line 844, in create_connection
    sock.connect(sa)
OSError: [Errno 113] No route to host
2024-12-16 18:45:44,356 - ValveController - ERROR - MQTT connection failed: [Errno 113] No route to host
Traceback (most recent call last):
  File "/app/valves_node.py", line 62, in connect_mqtt
    self.client.connect(self.broker_host, self.broker_port)
  File "/usr/local/lib/python3.9/site-packages/paho/mqtt/client.py", line 1435, in connect
    return self.reconnect()
  File "/usr/local/lib/python3.9/site-packages/paho/mqtt/client.py", line 1598, in reconnect
    self._sock = self._create_socket()
  File "/usr/local/lib/python3.9/site-packages/paho/mqtt/client.py", line 4609, in _create_socket
    sock = self._create_socket_connection()
  File "/usr/local/lib/python3.9/site-packages/paho/mqtt/client.py", line 4640, in _create_socket_connection
    return socket.create_connection(addr, timeout=self._connect_timeout, source_address=source)
  File "/usr/local/lib/python3.9/socket.py", line 856, in create_connection
    raise err
  File "/usr/local/lib/python3.9/socket.py", line 844, in create_connection
    sock.connect(sa)
OSError: [Errno 113] No route to host
2024-12-16 18:45:52,420 - ValveController - ERROR - MQTT connection failed: [Errno 113] No route to host
Traceback (most recent call last):
  File "/app/valves_node.py", line 62, in connect_mqtt
    self.client.connect(self.broker_host, self.broker_port)
  File "/usr/local/lib/python3.9/site-packages/paho/mqtt/client.py", line 1435, in connect
    return self.reconnect()
  File "/usr/local/lib/python3.9/site-packages/paho/mqtt/client.py", line 1598, in reconnect
    self._sock = self._create_socket()
  File "/usr/local/lib/python3.9/site-packages/paho/mqtt/client.py", line 4609, in _create_socket
    sock = self._create_socket_connection()
  File "/usr/local/lib/python3.9/site-packages/paho/mqtt/client.py", line 4640, in _create_socket_connection
    return socket.create_connection(addr, timeout=self._connect_timeout, source_address=source)
  File "/usr/local/lib/python3.9/socket.py", line 856, in create_connection
    raise err
  File "/usr/local/lib/python3.9/socket.py", line 844, in create_connection
    sock.connect(sa)
OSError: [Errno 113] No route to host
2024-12-16 18:46:00,419 - ValveController - ERROR - MQTT connection failed: [Errno 113] No route to host
Traceback (most recent call last):
  File "/app/valves_node.py", line 62, in connect_mqtt
    self.client.connect(self.broker_host, self.broker_port)
  File "/usr/local/lib/python3.9/site-packages/paho/mqtt/client.py", line 1435, in connect
    return self.reconnect()
  File "/usr/local/lib/python3.9/site-packages/paho/mqtt/client.py", line 1598, in reconnect
    self._sock = self._create_socket()
  File "/usr/local/lib/python3.9/site-packages/paho/mqtt/client.py", line 4609, in _create_socket
    sock = self._create_socket_connection()
  File "/usr/local/lib/python3.9/site-packages/paho/mqtt/client.py", line 4640, in _create_socket_connection
    return socket.create_connection(addr, timeout=self._connect_timeout, source_address=source)
  File "/usr/local/lib/python3.9/socket.py", line 856, in create_connection
    raise err
  File "/usr/local/lib/python3.9/socket.py", line 844, in create_connection
    sock.connect(sa)
OSError: [Errno 113] No route to host
2024-12-16 18:46:54,687 - ValveController - ERROR - MQTT connection failed: [Errno 113] No route to host
Traceback (most recent call last):
  File "/app/valves_node.py", line 62, in connect_mqtt
    self.client.connect(self.broker_host, self.broker_port)
  File "/usr/local/lib/python3.9/site-packages/paho/mqtt/client.py", line 1435, in connect
    return self.reconnect()
  File "/usr/local/lib/python3.9/site-packages/paho/mqtt/client.py", line 1598, in reconnect
    self._sock = self._create_socket()
  File "/usr/local/lib/python3.9/site-packages/paho/mqtt/client.py", line 4609, in _create_socket
    sock = self._create_socket_connection()
  File "/usr/local/lib/python3.9/site-packages/paho/mqtt/client.py", line 4640, in _create_socket_connection
    return socket.create_connection(addr, timeout=self._connect_timeout, source_address=source)
  File "/usr/local/lib/python3.9/socket.py", line 856, in create_connection
    raise err
  File "/usr/local/lib/python3.9/socket.py", line 844, in create_connection
    sock.connect(sa)
OSError: [Errno 113] No route to host
2024-12-16 18:47:02,751 - ValveController - ERROR - MQTT connection failed: [Errno 113] No route to host
Traceback (most recent call last):
  File "/app/valves_node.py", line 62, in connect_mqtt
    self.client.connect(self.broker_host, self.broker_port)
  File "/usr/local/lib/python3.9/site-packages/paho/mqtt/client.py", line 1435, in connect
    return self.reconnect()
  File "/usr/local/lib/python3.9/site-packages/paho/mqtt/client.py", line 1598, in reconnect
    self._sock = self._create_socket()
  File "/usr/local/lib/python3.9/site-packages/paho/mqtt/client.py", line 4609, in _create_socket
    sock = self._create_socket_connection()
  File "/usr/local/lib/python3.9/site-packages/paho/mqtt/client.py", line 4640, in _create_socket_connection
    return socket.create_connection(addr, timeout=self._connect_timeout, source_address=source)
  File "/usr/local/lib/python3.9/socket.py", line 856, in create_connection
    raise err
  File "/usr/local/lib/python3.9/socket.py", line 844, in create_connection
    sock.connect(sa)
OSError: [Errno 113] No route to host
2024-12-16 18:47:10,815 - ValveController - ERROR - MQTT connection failed: [Errno 113] No route to host
Traceback (most recent call last):
  File "/app/valves_node.py", line 62, in connect_mqtt
    self.client.connect(self.broker_host, self.broker_port)
  File "/usr/local/lib/python3.9/site-packages/paho/mqtt/client.py", line 1435, in connect
    return self.reconnect()
  File "/usr/local/lib/python3.9/site-packages/paho/mqtt/client.py", line 1598, in reconnect
    self._sock = self._create_socket()
  File "/usr/local/lib/python3.9/site-packages/paho/mqtt/client.py", line 4609, in _create_socket
    sock = self._create_socket_connection()
  File "/usr/local/lib/python3.9/site-packages/paho/mqtt/client.py", line 4640, in _create_socket_connection
    return socket.create_connection(addr, timeout=self._connect_timeout, source_address=source)
  File "/usr/local/lib/python3.9/socket.py", line 856, in create_connection
    raise err
  File "/usr/local/lib/python3.9/socket.py", line 844, in create_connection
    sock.connect(sa)
OSError: [Errno 113] No route to host
                                                                                                                                                                                                                                                                                                                                                                                                                                                                                                                                                                                                                                                                                                                                                                                                                                                                                                                                                                                                                                                                                                                                                                                                                                                                                                                                                                                                                                                                                                                                                                                                                                                                                                                                                                                                                                                                                                                                                                                                                                                                                                                                                                                                                                            2024-12-16 18:47:49,458 - ValveController - ERROR - MQTT connection failed: [Errno 113] No route to host
Traceback (most recent call last):
  File "/app/valves_node.py", line 62, in connect_mqtt
    self.client.connect(self.broker_host, self.broker_port)
  File "/usr/local/lib/python3.9/site-packages/paho/mqtt/client.py", line 1435, in connect
    return self.reconnect()
  File "/usr/local/lib/python3.9/site-packages/paho/mqtt/client.py", line 1598, in reconnect
    self._sock = self._create_socket()
  File "/usr/local/lib/python3.9/site-packages/paho/mqtt/client.py", line 4609, in _create_socket
    sock = self._create_socket_connection()
  File "/usr/local/lib/python3.9/site-packages/paho/mqtt/client.py", line 4640, in _create_socket_connection
    return socket.create_connection(addr, timeout=self._connect_timeout, source_address=source)
  File "/usr/local/lib/python3.9/socket.py", line 856, in create_connection
    raise err
  File "/usr/local/lib/python3.9/socket.py", line 844, in create_connection
    sock.connect(sa)
OSError: [Errno 113] No route to host
2024-12-16 18:48:37,768 - ValveController - ERROR - MQTT connection failed: [Errno 113] No route to host
Traceback (most recent call last):
  File "/app/valves_node.py", line 62, in connect_mqtt
    self.client.connect(self.broker_host, self.broker_port)
  File "/usr/local/lib/python3.9/site-packages/paho/mqtt/client.py", line 1435, in connect
    return self.reconnect()
  File "/usr/local/lib/python3.9/site-packages/paho/mqtt/client.py", line 1598, in reconnect
    self._sock = self._create_socket()
  File "/usr/local/lib/python3.9/site-packages/paho/mqtt/client.py", line 4609, in _create_socket
    sock = self._create_socket_connection()
  File "/usr/local/lib/python3.9/site-packages/paho/mqtt/client.py", line 4640, in _create_socket_connection
    return socket.create_connection(addr, timeout=self._connect_timeout, source_address=source)
  File "/usr/local/lib/python3.9/socket.py", line 856, in create_connection
    raise err
  File "/usr/local/lib/python3.9/socket.py", line 844, in create_connection
    sock.connect(sa)
OSError: [Errno 113] No route to host
2024-12-16 18:48:44,708 - ValveController - ERROR - MQTT connection failed: [Errno 113] No route to host
Traceback (most recent call last):
  File "/app/valves_node.py", line 62, in connect_mqtt
    self.client.connect(self.broker_host, self.broker_port)
  File "/usr/local/lib/python3.9/site-packages/paho/mqtt/client.py", line 1435, in connect
    return self.reconnect()
  File "/usr/local/lib/python3.9/site-packages/paho/mqtt/client.py", line 1598, in reconnect
    self._sock = self._create_socket()
  File "/usr/local/lib/python3.9/site-packages/paho/mqtt/client.py", line 4609, in _create_socket
    sock = self._create_socket_connection()
  File "/usr/local/lib/python3.9/site-packages/paho/mqtt/client.py", line 4640, in _create_socket_connection
    return socket.create_connection(addr, timeout=self._connect_timeout, source_address=source)
  File "/usr/local/lib/python3.9/socket.py", line 856, in create_connection
    raise err
  File "/usr/local/lib/python3.9/socket.py", line 844, in create_connection
    sock.connect(sa)
OSError: [Errno 113] No route to host
2024-12-16 18:48:52,772 - ValveController - ERROR - MQTT connection failed: [Errno 113] No route to host
Traceback (most recent call last):
  File "/app/valves_node.py", line 62, in connect_mqtt
    self.client.connect(self.broker_host, self.broker_port)
  File "/usr/local/lib/python3.9/site-packages/paho/mqtt/client.py", line 1435, in connect
    return self.reconnect()
  File "/usr/local/lib/python3.9/site-packages/paho/mqtt/client.py", line 1598, in reconnect
    self._sock = self._create_socket()
  File "/usr/local/lib/python3.9/site-packages/paho/mqtt/client.py", line 4609, in _create_socket
    sock = self._create_socket_connection()
  File "/usr/local/lib/python3.9/site-packages/paho/mqtt/client.py", line 4640, in _create_socket_connection
    return socket.create_connection(addr, timeout=self._connect_timeout, source_address=source)
  File "/usr/local/lib/python3.9/socket.py", line 856, in create_connection
    raise err
  File "/usr/local/lib/python3.9/socket.py", line 844, in create_connection
    sock.connect(sa)
OSError: [Errno 113] No route to host
2024-12-16 18:49:00,836 - ValveController - ERROR - MQTT connection failed: [Errno 113] No route to host
Traceback (most recent call last):
  File "/app/valves_node.py", line 62, in connect_mqtt
    self.client.connect(self.broker_host, self.broker_port)
  File "/usr/local/lib/python3.9/site-packages/paho/mqtt/client.py", line 1435, in connect
    return self.reconnect()
  File "/usr/local/lib/python3.9/site-packages/paho/mqtt/client.py", line 1598, in reconnect
    self._sock = self._create_socket()
  File "/usr/local/lib/python3.9/site-packages/paho/mqtt/client.py", line 4609, in _create_socket
    sock = self._create_socket_connection()
  File "/usr/local/lib/python3.9/site-packages/paho/mqtt/client.py", line 4640, in _create_socket_connection
    return socket.create_connection(addr, timeout=self._connect_timeout, source_address=source)
  File "/usr/local/lib/python3.9/socket.py", line 856, in create_connection
    raise err
  File "/usr/local/lib/python3.9/socket.py", line 844, in create_connection
    sock.connect(sa)
OSError: [Errno 113] No route to host
                                                                                                                                                                                                                                                                                                                                                                                                                                                                                                                                                                                                                                     2024-12-16 19:16:12,756 - ValveController - ERROR - MQTT connection failed: [Errno 113] No route to host
Traceback (most recent call last):
  File "/app/valves_node.py", line 62, in connect_mqtt
    self.client.connect(self.broker_host, self.broker_port)
  File "/usr/local/lib/python3.9/site-packages/paho/mqtt/client.py", line 1435, in connect
    return self.reconnect()
  File "/usr/local/lib/python3.9/site-packages/paho/mqtt/client.py", line 1598, in reconnect
    self._sock = self._create_socket()
  File "/usr/local/lib/python3.9/site-packages/paho/mqtt/client.py", line 4609, in _create_socket
    sock = self._create_socket_connection()
  File "/usr/local/lib/python3.9/site-packages/paho/mqtt/client.py", line 4640, in _create_socket_connection
    return socket.create_connection(addr, timeout=self._connect_timeout, source_address=source)
  File "/usr/local/lib/python3.9/socket.py", line 856, in create_connection
    raise err
  File "/usr/local/lib/python3.9/socket.py", line 844, in create_connection
    sock.connect(sa)
OSError: [Errno 113] No route to host
2024-12-16 19:17:03,831 - ValveController - ERROR - MQTT connection failed: [Errno 113] No route to host
Traceback (most recent call last):
  File "/app/valves_node.py", line 62, in connect_mqtt
    self.client.connect(self.broker_host, self.broker_port)
  File "/usr/local/lib/python3.9/site-packages/paho/mqtt/client.py", line 1435, in connect
    return self.reconnect()
  File "/usr/local/lib/python3.9/site-packages/paho/mqtt/client.py", line 1598, in reconnect
    self._sock = self._create_socket()
  File "/usr/local/lib/python3.9/site-packages/paho/mqtt/client.py", line 4609, in _create_socket
    sock = self._create_socket_connection()
  File "/usr/local/lib/python3.9/site-packages/paho/mqtt/client.py", line 4640, in _create_socket_connection
    return socket.create_connection(addr, timeout=self._connect_timeout, source_address=source)
  File "/usr/local/lib/python3.9/socket.py", line 856, in create_connection
    raise err
  File "/usr/local/lib/python3.9/socket.py", line 844, in create_connection
    sock.connect(sa)
OSError: [Errno 113] No route to host
2024-12-16 19:17:11,895 - ValveController - ERROR - MQTT connection failed: [Errno 113] No route to host
Traceback (most recent call last):
  File "/app/valves_node.py", line 62, in connect_mqtt
    self.client.connect(self.broker_host, self.broker_port)
  File "/usr/local/lib/python3.9/site-packages/paho/mqtt/client.py", line 1435, in connect
    return self.reconnect()
  File "/usr/local/lib/python3.9/site-packages/paho/mqtt/client.py", line 1598, in reconnect
    self._sock = self._create_socket()
  File "/usr/local/lib/python3.9/site-packages/paho/mqtt/client.py", line 4609, in _create_socket
    sock = self._create_socket_connection()
  File "/usr/local/lib/python3.9/site-packages/paho/mqtt/client.py", line 4640, in _create_socket_connection
    return socket.create_connection(addr, timeout=self._connect_timeout, source_address=source)
  File "/usr/local/lib/python3.9/socket.py", line 856, in create_connection
    raise err
  File "/usr/local/lib/python3.9/socket.py", line 844, in create_connection
    sock.connect(sa)
OSError: [Errno 113] No route to host
2024-12-16 19:17:19,959 - ValveController - ERROR - MQTT connection failed: [Errno 113] No route to host
Traceback (most recent call last):
  File "/app/valves_node.py", line 62, in connect_mqtt
    self.client.connect(self.broker_host, self.broker_port)
  File "/usr/local/lib/python3.9/site-packages/paho/mqtt/client.py", line 1435, in connect
    return self.reconnect()
  File "/usr/local/lib/python3.9/site-packages/paho/mqtt/client.py", line 1598, in reconnect
    self._sock = self._create_socket()
  File "/usr/local/lib/python3.9/site-packages/paho/mqtt/client.py", line 4609, in _create_socket
    sock = self._create_socket_connection()
  File "/usr/local/lib/python3.9/site-packages/paho/mqtt/client.py", line 4640, in _create_socket_connection
    return socket.create_connection(addr, timeout=self._connect_timeout, source_address=source)
  File "/usr/local/lib/python3.9/socket.py", line 856, in create_connection
    raise err
  File "/usr/local/lib/python3.9/socket.py", line 844, in create_connection
    sock.connect(sa)
OSError: [Errno 113] No route to host
2024-12-16 19:17:28,023 - ValveController - ERROR - MQTT connection failed: [Errno 113] No route to host
Traceback (most recent call last):
  File "/app/valves_node.py", line 62, in connect_mqtt
    self.client.connect(self.broker_host, self.broker_port)
  File "/usr/local/lib/python3.9/site-packages/paho/mqtt/client.py", line 1435, in connect
    return self.reconnect()
  File "/usr/local/lib/python3.9/site-packages/paho/mqtt/client.py", line 1598, in reconnect
    self._sock = self._create_socket()
  File "/usr/local/lib/python3.9/site-packages/paho/mqtt/client.py", line 4609, in _create_socket
    sock = self._create_socket_connection()
  File "/usr/local/lib/python3.9/site-packages/paho/mqtt/client.py", line 4640, in _create_socket_connection
    return socket.create_connection(addr, timeout=self._connect_timeout, source_address=source)
  File "/usr/local/lib/python3.9/socket.py", line 856, in create_connection
    raise err
  File "/usr/local/lib/python3.9/socket.py", line 844, in create_connection
    sock.connect(sa)
OSError: [Errno 113] No route to host
2024-12-16 19:17:36,087 - ValveController - ERROR - MQTT connection failed: [Errno 113] No route to host
Traceback (most recent call last):
  File "/app/valves_node.py", line 62, in connect_mqtt
    self.client.connect(self.broker_host, self.broker_port)
  File "/usr/local/lib/python3.9/site-packages/paho/mqtt/client.py", line 1435, in connect
    return self.reconnect()
  File "/usr/local/lib/python3.9/site-packages/paho/mqtt/client.py", line 1598, in reconnect
    self._sock = self._create_socket()
  File "/usr/local/lib/python3.9/site-packages/paho/mqtt/client.py", line 4609, in _create_socket
    sock = self._create_socket_connection()
  File "/usr/local/lib/python3.9/site-packages/paho/mqtt/client.py", line 4640, in _create_socket_connection
    return socket.create_connection(addr, timeout=self._connect_timeout, source_address=source)
  File "/usr/local/lib/python3.9/socket.py", line 856, in create_connection
    raise err
  File "/usr/local/lib/python3.9/socket.py", line 844, in create_connection
    sock.connect(sa)
OSError: [Errno 113] No route to host
2024-12-16 19:17:44,151 - ValveController - ERROR - MQTT connection failed: [Errno 113] No route to host
Traceback (most recent call last):
  File "/app/valves_node.py", line 62, in connect_mqtt
    self.client.connect(self.broker_host, self.broker_port)
  File "/usr/local/lib/python3.9/site-packages/paho/mqtt/client.py", line 1435, in connect
    return self.reconnect()
  File "/usr/local/lib/python3.9/site-packages/paho/mqtt/client.py", line 1598, in reconnect
    self._sock = self._create_socket()
  File "/usr/local/lib/python3.9/site-packages/paho/mqtt/client.py", line 4609, in _create_socket
    sock = self._create_socket_connection()
  File "/usr/local/lib/python3.9/site-packages/paho/mqtt/client.py", line 4640, in _create_socket_connection
    return socket.create_connection(addr, timeout=self._connect_timeout, source_address=source)
  File "/usr/local/lib/python3.9/socket.py", line 856, in create_connection
    raise err
  File "/usr/local/lib/python3.9/socket.py", line 844, in create_connection
    sock.connect(sa)
OSError: [Errno 113] No route to host
2024-12-16 19:17:52,219 - ValveController - ERROR - MQTT connection failed: [Errno 113] No route to host
Traceback (most recent call last):
  File "/app/valves_node.py", line 62, in connect_mqtt
    self.client.connect(self.broker_host, self.broker_port)
  File "/usr/local/lib/python3.9/site-packages/paho/mqtt/client.py", line 1435, in connect
    return self.reconnect()
  File "/usr/local/lib/python3.9/site-packages/paho/mqtt/client.py", line 1598, in reconnect
    self._sock = self._create_socket()
  File "/usr/local/lib/python3.9/site-packages/paho/mqtt/client.py", line 4609, in _create_socket
    sock = self._create_socket_connection()
  File "/usr/local/lib/python3.9/site-packages/paho/mqtt/client.py", line 4640, in _create_socket_connection
    return socket.create_connection(addr, timeout=self._connect_timeout, source_address=source)
  File "/usr/local/lib/python3.9/socket.py", line 856, in create_connection
    raise err
  File "/usr/local/lib/python3.9/socket.py", line 844, in create_connection
    sock.connect(sa)
OSError: [Errno 113] No route to host
2024-12-16 19:18:00,279 - ValveController - ERROR - MQTT connection failed: [Errno 113] No route to host
Traceback (most recent call last):
  File "/app/valves_node.py", line 62, in connect_mqtt
    self.client.connect(self.broker_host, self.broker_port)
  File "/usr/local/lib/python3.9/site-packages/paho/mqtt/client.py", line 1435, in connect
    return self.reconnect()
  File "/usr/local/lib/python3.9/site-packages/paho/mqtt/client.py", line 1598, in reconnect
    self._sock = self._create_socket()
  File "/usr/local/lib/python3.9/site-packages/paho/mqtt/client.py", line 4609, in _create_socket
    sock = self._create_socket_connection()
  File "/usr/local/lib/python3.9/site-packages/paho/mqtt/client.py", line 4640, in _create_socket_connection
    return socket.create_connection(addr, timeout=self._connect_timeout, source_address=source)
  File "/usr/local/lib/python3.9/socket.py", line 856, in create_connection
    raise err
  File "/usr/local/lib/python3.9/socket.py", line 844, in create_connection
    sock.connect(sa)
OSError: [Errno 113] No route to host
2024-12-16 19:18:08,343 - ValveController - ERROR - MQTT connection failed: [Errno 113] No route to host
Traceback (most recent call last):
  File "/app/valves_node.py", line 62, in connect_mqtt
    self.client.connect(self.broker_host, self.broker_port)
  File "/usr/local/lib/python3.9/site-packages/paho/mqtt/client.py", line 1435, in connect
    return self.reconnect()
  File "/usr/local/lib/python3.9/site-packages/paho/mqtt/client.py", line 1598, in reconnect
    self._sock = self._create_socket()
  File "/usr/local/lib/python3.9/site-packages/paho/mqtt/client.py", line 4609, in _create_socket
    sock = self._create_socket_connection()
  File "/usr/local/lib/python3.9/site-packages/paho/mqtt/client.py", line 4640, in _create_socket_connection
    return socket.create_connection(addr, timeout=self._connect_timeout, source_address=source)
  File "/usr/local/lib/python3.9/socket.py", line 856, in create_connection
    raise err
  File "/usr/local/lib/python3.9/socket.py", line 844, in create_connection
    sock.connect(sa)
OSError: [Errno 113] No route to host
2024-12-16 19:18:16,407 - ValveController - ERROR - MQTT connection failed: [Errno 113] No route to host
Traceback (most recent call last):
  File "/app/valves_node.py", line 62, in connect_mqtt
    self.client.connect(self.broker_host, self.broker_port)
  File "/usr/local/lib/python3.9/site-packages/paho/mqtt/client.py", line 1435, in connect
    return self.reconnect()
  File "/usr/local/lib/python3.9/site-packages/paho/mqtt/client.py", line 1598, in reconnect
    self._sock = self._create_socket()
  File "/usr/local/lib/python3.9/site-packages/paho/mqtt/client.py", line 4609, in _create_socket
    sock = self._create_socket_connection()
  File "/usr/local/lib/python3.9/site-packages/paho/mqtt/client.py", line 4640, in _create_socket_connection
    return socket.create_connection(addr, timeout=self._connect_timeout, source_address=source)
  File "/usr/local/lib/python3.9/socket.py", line 856, in create_connection
    raise err
  File "/usr/local/lib/python3.9/socket.py", line 844, in create_connection
    sock.connect(sa)
OSError: [Errno 113] No route to host
2024-12-16 19:18:24,471 - ValveController - ERROR - MQTT connection failed: [Errno 113] No route to host
Traceback (most recent call last):
  File "/app/valves_node.py", line 62, in connect_mqtt
    self.client.connect(self.broker_host, self.broker_port)
  File "/usr/local/lib/python3.9/site-packages/paho/mqtt/client.py", line 1435, in connect
    return self.reconnect()
  File "/usr/local/lib/python3.9/site-packages/paho/mqtt/client.py", line 1598, in reconnect
    self._sock = self._create_socket()
  File "/usr/local/lib/python3.9/site-packages/paho/mqtt/client.py", line 4609, in _create_socket
    sock = self._create_socket_connection()
  File "/usr/local/lib/python3.9/site-packages/paho/mqtt/client.py", line 4640, in _create_socket_connection
    return socket.create_connection(addr, timeout=self._connect_timeout, source_address=source)
  File "/usr/local/lib/python3.9/socket.py", line 856, in create_connection
    raise err
  File "/usr/local/lib/python3.9/socket.py", line 844, in create_connection
    sock.connect(sa)
OSError: [Errno 113] No route to host
2024-12-16 19:18:32,536 - ValveController - ERROR - MQTT connection failed: [Errno 113] No route to host
Traceback (most recent call last):
  File "/app/valves_node.py", line 62, in connect_mqtt
    self.client.connect(self.broker_host, self.broker_port)
  File "/usr/local/lib/python3.9/site-packages/paho/mqtt/client.py", line 1435, in connect
    return self.reconnect()
  File "/usr/local/lib/python3.9/site-packages/paho/mqtt/client.py", line 1598, in reconnect
    self._sock = self._create_socket()
  File "/usr/local/lib/python3.9/site-packages/paho/mqtt/client.py", line 4609, in _create_socket
    sock = self._create_socket_connection()
  File "/usr/local/lib/python3.9/site-packages/paho/mqtt/client.py", line 4640, in _create_socket_connection
    return socket.create_connection(addr, timeout=self._connect_timeout, source_address=source)
  File "/usr/local/lib/python3.9/socket.py", line 856, in create_connection
    raise err
  File "/usr/local/lib/python3.9/socket.py", line 844, in create_connection
    sock.connect(sa)
OSError: [Errno 113] No route to host
2024-12-16 19:18:37,560 - ValveController - ERROR - MQTT connection failed: [Errno 111] Connection refused
Traceback (most recent call last):
  File "/app/valves_node.py", line 62, in connect_mqtt
    self.client.connect(self.broker_host, self.broker_port)
  File "/usr/local/lib/python3.9/site-packages/paho/mqtt/client.py", line 1435, in connect
    return self.reconnect()
  File "/usr/local/lib/python3.9/site-packages/paho/mqtt/client.py", line 1598, in reconnect
    self._sock = self._create_socket()
  File "/usr/local/lib/python3.9/site-packages/paho/mqtt/client.py", line 4609, in _create_socket
    sock = self._create_socket_connection()
  File "/usr/local/lib/python3.9/site-packages/paho/mqtt/client.py", line 4640, in _create_socket_connection
    return socket.create_connection(addr, timeout=self._connect_timeout, source_address=source)
  File "/usr/local/lib/python3.9/socket.py", line 856, in create_connection
    raise err
  File "/usr/local/lib/python3.9/socket.py", line 844, in create_connection
    sock.connect(sa)
ConnectionRefusedError: [Errno 111] Connection refused
2025-01-04 15:48:29,819 - ValveController - ERROR - MQTT connection failed: [Errno 111] Connection refused
Traceback (most recent call last):
  File "/app/valves_node.py", line 62, in connect_mqtt
    self.client.connect(self.broker_host, self.broker_port)
  File "/usr/local/lib/python3.9/site-packages/paho/mqtt/client.py", line 1435, in connect
    return self.reconnect()
  File "/usr/local/lib/python3.9/site-packages/paho/mqtt/client.py", line 1598, in reconnect
    self._sock = self._create_socket()
  File "/usr/local/lib/python3.9/site-packages/paho/mqtt/client.py", line 4609, in _create_socket
    sock = self._create_socket_connection()
  File "/usr/local/lib/python3.9/site-packages/paho/mqtt/client.py", line 4640, in _create_socket_connection
    return socket.create_connection(addr, timeout=self._connect_timeout, source_address=source)
  File "/usr/local/lib/python3.9/socket.py", line 856, in create_connection
    raise err
  File "/usr/local/lib/python3.9/socket.py", line 844, in create_connection
    sock.connect(sa)
ConnectionRefusedError: [Errno 111] Connection refused
2025-01-04 15:48:34,852 - ValveController - ERROR - MQTT connection failed: [Errno 111] Connection refused
Traceback (most recent call last):
  File "/app/valves_node.py", line 62, in connect_mqtt
    self.client.connect(self.broker_host, self.broker_port)
  File "/usr/local/lib/python3.9/site-packages/paho/mqtt/client.py", line 1435, in connect
    return self.reconnect()
  File "/usr/local/lib/python3.9/site-packages/paho/mqtt/client.py", line 1598, in reconnect
    self._sock = self._create_socket()
  File "/usr/local/lib/python3.9/site-packages/paho/mqtt/client.py", line 4609, in _create_socket
    sock = self._create_socket_connection()
  File "/usr/local/lib/python3.9/site-packages/paho/mqtt/client.py", line 4640, in _create_socket_connection
    return socket.create_connection(addr, timeout=self._connect_timeout, source_address=source)
  File "/usr/local/lib/python3.9/socket.py", line 856, in create_connection
    raise err
  File "/usr/local/lib/python3.9/socket.py", line 844, in create_connection
    sock.connect(sa)
ConnectionRefusedError: [Errno 111] Connection refused
2025-01-04 15:48:39,866 - ValveController - ERROR - MQTT connection failed: [Errno 111] Connection refused
Traceback (most recent call last):
  File "/app/valves_node.py", line 62, in connect_mqtt
    self.client.connect(self.broker_host, self.broker_port)
  File "/usr/local/lib/python3.9/site-packages/paho/mqtt/client.py", line 1435, in connect
    return self.reconnect()
  File "/usr/local/lib/python3.9/site-packages/paho/mqtt/client.py", line 1598, in reconnect
    self._sock = self._create_socket()
  File "/usr/local/lib/python3.9/site-packages/paho/mqtt/client.py", line 4609, in _create_socket
    sock = self._create_socket_connection()
  File "/usr/local/lib/python3.9/site-packages/paho/mqtt/client.py", line 4640, in _create_socket_connection
    return socket.create_connection(addr, timeout=self._connect_timeout, source_address=source)
  File "/usr/local/lib/python3.9/socket.py", line 856, in create_connection
    raise err
  File "/usr/local/lib/python3.9/socket.py", line 844, in create_connection
    sock.connect(sa)
ConnectionRefusedError: [Errno 111] Connection refused
2025-01-04 15:48:44,880 - ValveController - ERROR - MQTT connection failed: [Errno 111] Connection refused
Traceback (most recent call last):
  File "/app/valves_node.py", line 62, in connect_mqtt
    self.client.connect(self.broker_host, self.broker_port)
  File "/usr/local/lib/python3.9/site-packages/paho/mqtt/client.py", line 1435, in connect
    return self.reconnect()
  File "/usr/local/lib/python3.9/site-packages/paho/mqtt/client.py", line 1598, in reconnect
    self._sock = self._create_socket()
  File "/usr/local/lib/python3.9/site-packages/paho/mqtt/client.py", line 4609, in _create_socket
    sock = self._create_socket_connection()
  File "/usr/local/lib/python3.9/site-packages/paho/mqtt/client.py", line 4640, in _create_socket_connection
    return socket.create_connection(addr, timeout=self._connect_timeout, source_address=source)
  File "/usr/local/lib/python3.9/socket.py", line 856, in create_connection
    raise err
  File "/usr/local/lib/python3.9/socket.py", line 844, in create_connection
    sock.connect(sa)
ConnectionRefusedError: [Errno 111] Connection refused
2025-01-04 15:48:49,905 - ValveController - ERROR - MQTT connection failed: [Errno 111] Connection refused
Traceback (most recent call last):
  File "/app/valves_node.py", line 62, in connect_mqtt
    self.client.connect(self.broker_host, self.broker_port)
  File "/usr/local/lib/python3.9/site-packages/paho/mqtt/client.py", line 1435, in connect
    return self.reconnect()
  File "/usr/local/lib/python3.9/site-packages/paho/mqtt/client.py", line 1598, in reconnect
    self._sock = self._create_socket()
  File "/usr/local/lib/python3.9/site-packages/paho/mqtt/client.py", line 4609, in _create_socket
    sock = self._create_socket_connection()
  File "/usr/local/lib/python3.9/site-packages/paho/mqtt/client.py", line 4640, in _create_socket_connection
    return socket.create_connection(addr, timeout=self._connect_timeout, source_address=source)
  File "/usr/local/lib/python3.9/socket.py", line 856, in create_connection
    raise err
  File "/usr/local/lib/python3.9/socket.py", line 844, in create_connection
    sock.connect(sa)
ConnectionRefusedError: [Errno 111] Connection refused
2025-01-04 15:49:00,070 - ValveController - ERROR - MQTT connection failed: [Errno 111] Connection refused
Traceback (most recent call last):
  File "/app/valves_node.py", line 62, in connect_mqtt
    self.client.connect(self.broker_host, self.broker_port)
  File "/usr/local/lib/python3.9/site-packages/paho/mqtt/client.py", line 1435, in connect
    return self.reconnect()
  File "/usr/local/lib/python3.9/site-packages/paho/mqtt/client.py", line 1598, in reconnect
    self._sock = self._create_socket()
  File "/usr/local/lib/python3.9/site-packages/paho/mqtt/client.py", line 4609, in _create_socket
    sock = self._create_socket_connection()
  File "/usr/local/lib/python3.9/site-packages/paho/mqtt/client.py", line 4640, in _create_socket_connection
    return socket.create_connection(addr, timeout=self._connect_timeout, source_address=source)
  File "/usr/local/lib/python3.9/socket.py", line 856, in create_connection
    raise err
  File "/usr/local/lib/python3.9/socket.py", line 844, in create_connection
    sock.connect(sa)
ConnectionRefusedError: [Errno 111] Connection refused
2025-01-04 15:49:05,084 - ValveController - ERROR - MQTT connection failed: [Errno 111] Connection refused
Traceback (most recent call last):
  File "/app/valves_node.py", line 62, in connect_mqtt
    self.client.connect(self.broker_host, self.broker_port)
  File "/usr/local/lib/python3.9/site-packages/paho/mqtt/client.py", line 1435, in connect
    return self.reconnect()
  File "/usr/local/lib/python3.9/site-packages/paho/mqtt/client.py", line 1598, in reconnect
    self._sock = self._create_socket()
  File "/usr/local/lib/python3.9/site-packages/paho/mqtt/client.py", line 4609, in _create_socket
    sock = self._create_socket_connection()
  File "/usr/local/lib/python3.9/site-packages/paho/mqtt/client.py", line 4640, in _create_socket_connection
    return socket.create_connection(addr, timeout=self._connect_timeout, source_address=source)
  File "/usr/local/lib/python3.9/socket.py", line 856, in create_connection
    raise err
  File "/usr/local/lib/python3.9/socket.py", line 844, in create_connection
    sock.connect(sa)
ConnectionRefusedError: [Errno 111] Connection refused
2025-01-04 15:49:10,098 - ValveController - ERROR - MQTT connection failed: [Errno 111] Connection refused
Traceback (most recent call last):
  File "/app/valves_node.py", line 62, in connect_mqtt
    self.client.connect(self.broker_host, self.broker_port)
  File "/usr/local/lib/python3.9/site-packages/paho/mqtt/client.py", line 1435, in connect
    return self.reconnect()
  File "/usr/local/lib/python3.9/site-packages/paho/mqtt/client.py", line 1598, in reconnect
    self._sock = self._create_socket()
  File "/usr/local/lib/python3.9/site-packages/paho/mqtt/client.py", line 4609, in _create_socket
    sock = self._create_socket_connection()
  File "/usr/local/lib/python3.9/site-packages/paho/mqtt/client.py", line 4640, in _create_socket_connection
    return socket.create_connection(addr, timeout=self._connect_timeout, source_address=source)
  File "/usr/local/lib/python3.9/socket.py", line 856, in create_connection
    raise err
  File "/usr/local/lib/python3.9/socket.py", line 844, in create_connection
    sock.connect(sa)
ConnectionRefusedError: [Errno 111] Connection refused
2025-01-04 15:49:15,111 - ValveController - ERROR - MQTT connection failed: [Errno 111] Connection refused
Traceback (most recent call last):
  File "/app/valves_node.py", line 62, in connect_mqtt
    self.client.connect(self.broker_host, self.broker_port)
  File "/usr/local/lib/python3.9/site-packages/paho/mqtt/client.py", line 1435, in connect
    return self.reconnect()
  File "/usr/local/lib/python3.9/site-packages/paho/mqtt/client.py", line 1598, in reconnect
    self._sock = self._create_socket()
  File "/usr/local/lib/python3.9/site-packages/paho/mqtt/client.py", line 4609, in _create_socket
    sock = self._create_socket_connection()
  File "/usr/local/lib/python3.9/site-packages/paho/mqtt/client.py", line 4640, in _create_socket_connection
    return socket.create_connection(addr, timeout=self._connect_timeout, source_address=source)
  File "/usr/local/lib/python3.9/socket.py", line 856, in create_connection
    raise err
  File "/usr/local/lib/python3.9/socket.py", line 844, in create_connection
    sock.connect(sa)
ConnectionRefusedError: [Errno 111] Connection refused
2025-01-04 15:49:50,814 - ValveController - ERROR - MQTT connection failed: [Errno 111] Connection refused
Traceback (most recent call last):
  File "/app/valves_node.py", line 62, in connect_mqtt
    self.client.connect(self.broker_host, self.broker_port)
  File "/usr/local/lib/python3.9/site-packages/paho/mqtt/client.py", line 1435, in connect
    return self.reconnect()
  File "/usr/local/lib/python3.9/site-packages/paho/mqtt/client.py", line 1598, in reconnect
    self._sock = self._create_socket()
  File "/usr/local/lib/python3.9/site-packages/paho/mqtt/client.py", line 4609, in _create_socket
    sock = self._create_socket_connection()
  File "/usr/local/lib/python3.9/site-packages/paho/mqtt/client.py", line 4640, in _create_socket_connection
    return socket.create_connection(addr, timeout=self._connect_timeout, source_address=source)
  File "/usr/local/lib/python3.9/socket.py", line 856, in create_connection
    raise err
  File "/usr/local/lib/python3.9/socket.py", line 844, in create_connection
    sock.connect(sa)
ConnectionRefusedError: [Errno 111] Connection refused
2025-01-04 15:49:55,824 - ValveController - ERROR - MQTT connection failed: [Errno 111] Connection refused
Traceback (most recent call last):
  File "/app/valves_node.py", line 62, in connect_mqtt
    self.client.connect(self.broker_host, self.broker_port)
  File "/usr/local/lib/python3.9/site-packages/paho/mqtt/client.py", line 1435, in connect
    return self.reconnect()
  File "/usr/local/lib/python3.9/site-packages/paho/mqtt/client.py", line 1598, in reconnect
    self._sock = self._create_socket()
  File "/usr/local/lib/python3.9/site-packages/paho/mqtt/client.py", line 4609, in _create_socket
    sock = self._create_socket_connection()
  File "/usr/local/lib/python3.9/site-packages/paho/mqtt/client.py", line 4640, in _create_socket_connection
    return socket.create_connection(addr, timeout=self._connect_timeout, source_address=source)
  File "/usr/local/lib/python3.9/socket.py", line 856, in create_connection
    raise err
  File "/usr/local/lib/python3.9/socket.py", line 844, in create_connection
    sock.connect(sa)
ConnectionRefusedError: [Errno 111] Connection refused
2025-01-04 15:50:00,846 - ValveController - ERROR - MQTT connection failed: [Errno 111] Connection refused
Traceback (most recent call last):
  File "/app/valves_node.py", line 62, in connect_mqtt
    self.client.connect(self.broker_host, self.broker_port)
  File "/usr/local/lib/python3.9/site-packages/paho/mqtt/client.py", line 1435, in connect
    return self.reconnect()
  File "/usr/local/lib/python3.9/site-packages/paho/mqtt/client.py", line 1598, in reconnect
    self._sock = self._create_socket()
  File "/usr/local/lib/python3.9/site-packages/paho/mqtt/client.py", line 4609, in _create_socket
    sock = self._create_socket_connection()
  File "/usr/local/lib/python3.9/site-packages/paho/mqtt/client.py", line 4640, in _create_socket_connection
    return socket.create_connection(addr, timeout=self._connect_timeout, source_address=source)
  File "/usr/local/lib/python3.9/socket.py", line 856, in create_connection
    raise err
  File "/usr/local/lib/python3.9/socket.py", line 844, in create_connection
    sock.connect(sa)
ConnectionRefusedError: [Errno 111] Connection refused
2025-01-04 15:50:05,857 - ValveController - ERROR - MQTT connection failed: [Errno 111] Connection refused
Traceback (most recent call last):
  File "/app/valves_node.py", line 62, in connect_mqtt
    self.client.connect(self.broker_host, self.broker_port)
  File "/usr/local/lib/python3.9/site-packages/paho/mqtt/client.py", line 1435, in connect
    return self.reconnect()
  File "/usr/local/lib/python3.9/site-packages/paho/mqtt/client.py", line 1598, in reconnect
    self._sock = self._create_socket()
  File "/usr/local/lib/python3.9/site-packages/paho/mqtt/client.py", line 4609, in _create_socket
    sock = self._create_socket_connection()
  File "/usr/local/lib/python3.9/site-packages/paho/mqtt/client.py", line 4640, in _create_socket_connection
    return socket.create_connection(addr, timeout=self._connect_timeout, source_address=source)
  File "/usr/local/lib/python3.9/socket.py", line 856, in create_connection
    raise err
  File "/usr/local/lib/python3.9/socket.py", line 844, in create_connection
    sock.connect(sa)
ConnectionRefusedError: [Errno 111] Connection refused
2025-01-04 16:02:27,255 - ValveController - ERROR - MQTT connection failed: [Errno 111] Connection refused
Traceback (most recent call last):
  File "/app/valves_node.py", line 62, in connect_mqtt
    self.client.connect(self.broker_host, self.broker_port)
  File "/usr/local/lib/python3.9/site-packages/paho/mqtt/client.py", line 1435, in connect
    return self.reconnect()
  File "/usr/local/lib/python3.9/site-packages/paho/mqtt/client.py", line 1598, in reconnect
    self._sock = self._create_socket()
  File "/usr/local/lib/python3.9/site-packages/paho/mqtt/client.py", line 4609, in _create_socket
    sock = self._create_socket_connection()
  File "/usr/local/lib/python3.9/site-packages/paho/mqtt/client.py", line 4640, in _create_socket_connection
    return socket.create_connection(addr, timeout=self._connect_timeout, source_address=source)
  File "/usr/local/lib/python3.9/socket.py", line 856, in create_connection
    raise err
  File "/usr/local/lib/python3.9/socket.py", line 844, in create_connection
    sock.connect(sa)
ConnectionRefusedError: [Errno 111] Connection refused
2025-01-04 16:02:32,273 - ValveController - ERROR - MQTT connection failed: [Errno 111] Connection refused
Traceback (most recent call last):
  File "/app/valves_node.py", line 62, in connect_mqtt
    self.client.connect(self.broker_host, self.broker_port)
  File "/usr/local/lib/python3.9/site-packages/paho/mqtt/client.py", line 1435, in connect
    return self.reconnect()
  File "/usr/local/lib/python3.9/site-packages/paho/mqtt/client.py", line 1598, in reconnect
    self._sock = self._create_socket()
  File "/usr/local/lib/python3.9/site-packages/paho/mqtt/client.py", line 4609, in _create_socket
    sock = self._create_socket_connection()
  File "/usr/local/lib/python3.9/site-packages/paho/mqtt/client.py", line 4640, in _create_socket_connection
    return socket.create_connection(addr, timeout=self._connect_timeout, source_address=source)
  File "/usr/local/lib/python3.9/socket.py", line 856, in create_connection
    raise err
  File "/usr/local/lib/python3.9/socket.py", line 844, in create_connection
    sock.connect(sa)
ConnectionRefusedError: [Errno 111] Connection refused
2025-01-04 16:02:37,286 - ValveController - ERROR - MQTT connection failed: [Errno 111] Connection refused
Traceback (most recent call last):
  File "/app/valves_node.py", line 62, in connect_mqtt
    self.client.connect(self.broker_host, self.broker_port)
  File "/usr/local/lib/python3.9/site-packages/paho/mqtt/client.py", line 1435, in connect
    return self.reconnect()
  File "/usr/local/lib/python3.9/site-packages/paho/mqtt/client.py", line 1598, in reconnect
    self._sock = self._create_socket()
  File "/usr/local/lib/python3.9/site-packages/paho/mqtt/client.py", line 4609, in _create_socket
    sock = self._create_socket_connection()
  File "/usr/local/lib/python3.9/site-packages/paho/mqtt/client.py", line 4640, in _create_socket_connection
    return socket.create_connection(addr, timeout=self._connect_timeout, source_address=source)
  File "/usr/local/lib/python3.9/socket.py", line 856, in create_connection
    raise err
  File "/usr/local/lib/python3.9/socket.py", line 844, in create_connection
    sock.connect(sa)
ConnectionRefusedError: [Errno 111] Connection refused
2025-01-04 16:02:42,305 - ValveController - ERROR - MQTT connection failed: [Errno 111] Connection refused
Traceback (most recent call last):
  File "/app/valves_node.py", line 62, in connect_mqtt
    self.client.connect(self.broker_host, self.broker_port)
  File "/usr/local/lib/python3.9/site-packages/paho/mqtt/client.py", line 1435, in connect
    return self.reconnect()
  File "/usr/local/lib/python3.9/site-packages/paho/mqtt/client.py", line 1598, in reconnect
    self._sock = self._create_socket()
  File "/usr/local/lib/python3.9/site-packages/paho/mqtt/client.py", line 4609, in _create_socket
    sock = self._create_socket_connection()
  File "/usr/local/lib/python3.9/site-packages/paho/mqtt/client.py", line 4640, in _create_socket_connection
    return socket.create_connection(addr, timeout=self._connect_timeout, source_address=source)
  File "/usr/local/lib/python3.9/socket.py", line 856, in create_connection
    raise err
  File "/usr/local/lib/python3.9/socket.py", line 844, in create_connection
    sock.connect(sa)
ConnectionRefusedError: [Errno 111] Connection refused
2025-01-04 16:02:47,322 - ValveController - ERROR - MQTT connection failed: [Errno 111] Connection refused
Traceback (most recent call last):
  File "/app/valves_node.py", line 62, in connect_mqtt
    self.client.connect(self.broker_host, self.broker_port)
  File "/usr/local/lib/python3.9/site-packages/paho/mqtt/client.py", line 1435, in connect
    return self.reconnect()
  File "/usr/local/lib/python3.9/site-packages/paho/mqtt/client.py", line 1598, in reconnect
    self._sock = self._create_socket()
  File "/usr/local/lib/python3.9/site-packages/paho/mqtt/client.py", line 4609, in _create_socket
    sock = self._create_socket_connection()
  File "/usr/local/lib/python3.9/site-packages/paho/mqtt/client.py", line 4640, in _create_socket_connection
    return socket.create_connection(addr, timeout=self._connect_timeout, source_address=source)
  File "/usr/local/lib/python3.9/socket.py", line 856, in create_connection
    raise err
  File "/usr/local/lib/python3.9/socket.py", line 844, in create_connection
    sock.connect(sa)
ConnectionRefusedError: [Errno 111] Connection refused
2025-01-04 16:02:52,342 - ValveController - ERROR - MQTT connection failed: [Errno 111] Connection refused
Traceback (most recent call last):
  File "/app/valves_node.py", line 62, in connect_mqtt
    self.client.connect(self.broker_host, self.broker_port)
  File "/usr/local/lib/python3.9/site-packages/paho/mqtt/client.py", line 1435, in connect
    return self.reconnect()
  File "/usr/local/lib/python3.9/site-packages/paho/mqtt/client.py", line 1598, in reconnect
    self._sock = self._create_socket()
  File "/usr/local/lib/python3.9/site-packages/paho/mqtt/client.py", line 4609, in _create_socket
    sock = self._create_socket_connection()
  File "/usr/local/lib/python3.9/site-packages/paho/mqtt/client.py", line 4640, in _create_socket_connection
    return socket.create_connection(addr, timeout=self._connect_timeout, source_address=source)
  File "/usr/local/lib/python3.9/socket.py", line 856, in create_connection
    raise err
  File "/usr/local/lib/python3.9/socket.py", line 844, in create_connection
    sock.connect(sa)
ConnectionRefusedError: [Errno 111] Connection refused
2025-01-04 16:02:57,361 - ValveController - ERROR - MQTT connection failed: [Errno 111] Connection refused
Traceback (most recent call last):
  File "/app/valves_node.py", line 62, in connect_mqtt
    self.client.connect(self.broker_host, self.broker_port)
  File "/usr/local/lib/python3.9/site-packages/paho/mqtt/client.py", line 1435, in connect
    return self.reconnect()
  File "/usr/local/lib/python3.9/site-packages/paho/mqtt/client.py", line 1598, in reconnect
    self._sock = self._create_socket()
  File "/usr/local/lib/python3.9/site-packages/paho/mqtt/client.py", line 4609, in _create_socket
    sock = self._create_socket_connection()
  File "/usr/local/lib/python3.9/site-packages/paho/mqtt/client.py", line 4640, in _create_socket_connection
    return socket.create_connection(addr, timeout=self._connect_timeout, source_address=source)
  File "/usr/local/lib/python3.9/socket.py", line 856, in create_connection
    raise err
  File "/usr/local/lib/python3.9/socket.py", line 844, in create_connection
    sock.connect(sa)
ConnectionRefusedError: [Errno 111] Connection refused
2025-01-04 16:03:02,378 - ValveController - ERROR - MQTT connection failed: [Errno 111] Connection refused
Traceback (most recent call last):
  File "/app/valves_node.py", line 62, in connect_mqtt
    self.client.connect(self.broker_host, self.broker_port)
  File "/usr/local/lib/python3.9/site-packages/paho/mqtt/client.py", line 1435, in connect
    return self.reconnect()
  File "/usr/local/lib/python3.9/site-packages/paho/mqtt/client.py", line 1598, in reconnect
    self._sock = self._create_socket()
  File "/usr/local/lib/python3.9/site-packages/paho/mqtt/client.py", line 4609, in _create_socket
    sock = self._create_socket_connection()
  File "/usr/local/lib/python3.9/site-packages/paho/mqtt/client.py", line 4640, in _create_socket_connection
    return socket.create_connection(addr, timeout=self._connect_timeout, source_address=source)
  File "/usr/local/lib/python3.9/socket.py", line 856, in create_connection
    raise err
  File "/usr/local/lib/python3.9/socket.py", line 844, in create_connection
    sock.connect(sa)
ConnectionRefusedError: [Errno 111] Connection refused
2025-01-04 16:03:07,397 - ValveController - ERROR - MQTT connection failed: [Errno 111] Connection refused
Traceback (most recent call last):
  File "/app/valves_node.py", line 62, in connect_mqtt
    self.client.connect(self.broker_host, self.broker_port)
  File "/usr/local/lib/python3.9/site-packages/paho/mqtt/client.py", line 1435, in connect
    return self.reconnect()
  File "/usr/local/lib/python3.9/site-packages/paho/mqtt/client.py", line 1598, in reconnect
    self._sock = self._create_socket()
  File "/usr/local/lib/python3.9/site-packages/paho/mqtt/client.py", line 4609, in _create_socket
    sock = self._create_socket_connection()
  File "/usr/local/lib/python3.9/site-packages/paho/mqtt/client.py", line 4640, in _create_socket_connection
    return socket.create_connection(addr, timeout=self._connect_timeout, source_address=source)
  File "/usr/local/lib/python3.9/socket.py", line 856, in create_connection
    raise err
  File "/usr/local/lib/python3.9/socket.py", line 844, in create_connection
    sock.connect(sa)
ConnectionRefusedError: [Errno 111] Connection refused
2025-01-04 16:03:12,419 - ValveController - ERROR - MQTT connection failed: [Errno 111] Connection refused
Traceback (most recent call last):
  File "/app/valves_node.py", line 62, in connect_mqtt
    self.client.connect(self.broker_host, self.broker_port)
  File "/usr/local/lib/python3.9/site-packages/paho/mqtt/client.py", line 1435, in connect
    return self.reconnect()
  File "/usr/local/lib/python3.9/site-packages/paho/mqtt/client.py", line 1598, in reconnect
    self._sock = self._create_socket()
  File "/usr/local/lib/python3.9/site-packages/paho/mqtt/client.py", line 4609, in _create_socket
    sock = self._create_socket_connection()
  File "/usr/local/lib/python3.9/site-packages/paho/mqtt/client.py", line 4640, in _create_socket_connection
    return socket.create_connection(addr, timeout=self._connect_timeout, source_address=source)
  File "/usr/local/lib/python3.9/socket.py", line 856, in create_connection
    raise err
  File "/usr/local/lib/python3.9/socket.py", line 844, in create_connection
    sock.connect(sa)
ConnectionRefusedError: [Errno 111] Connection refused
2025-01-04 16:03:17,436 - ValveController - ERROR - MQTT connection failed: [Errno 111] Connection refused
Traceback (most recent call last):
  File "/app/valves_node.py", line 62, in connect_mqtt
    self.client.connect(self.broker_host, self.broker_port)
  File "/usr/local/lib/python3.9/site-packages/paho/mqtt/client.py", line 1435, in connect
    return self.reconnect()
  File "/usr/local/lib/python3.9/site-packages/paho/mqtt/client.py", line 1598, in reconnect
    self._sock = self._create_socket()
  File "/usr/local/lib/python3.9/site-packages/paho/mqtt/client.py", line 4609, in _create_socket
    sock = self._create_socket_connection()
  File "/usr/local/lib/python3.9/site-packages/paho/mqtt/client.py", line 4640, in _create_socket_connection
    return socket.create_connection(addr, timeout=self._connect_timeout, source_address=source)
  File "/usr/local/lib/python3.9/socket.py", line 856, in create_connection
    raise err
  File "/usr/local/lib/python3.9/socket.py", line 844, in create_connection
    sock.connect(sa)
ConnectionRefusedError: [Errno 111] Connection refused
2025-01-04 16:03:22,455 - ValveController - ERROR - MQTT connection failed: [Errno 111] Connection refused
Traceback (most recent call last):
  File "/app/valves_node.py", line 62, in connect_mqtt
    self.client.connect(self.broker_host, self.broker_port)
  File "/usr/local/lib/python3.9/site-packages/paho/mqtt/client.py", line 1435, in connect
    return self.reconnect()
  File "/usr/local/lib/python3.9/site-packages/paho/mqtt/client.py", line 1598, in reconnect
    self._sock = self._create_socket()
  File "/usr/local/lib/python3.9/site-packages/paho/mqtt/client.py", line 4609, in _create_socket
    sock = self._create_socket_connection()
  File "/usr/local/lib/python3.9/site-packages/paho/mqtt/client.py", line 4640, in _create_socket_connection
    return socket.create_connection(addr, timeout=self._connect_timeout, source_address=source)
  File "/usr/local/lib/python3.9/socket.py", line 856, in create_connection
    raise err
  File "/usr/local/lib/python3.9/socket.py", line 844, in create_connection
    sock.connect(sa)
ConnectionRefusedError: [Errno 111] Connection refused
2025-01-04 16:03:27,476 - ValveController - ERROR - MQTT connection failed: [Errno 111] Connection refused
Traceback (most recent call last):
  File "/app/valves_node.py", line 62, in connect_mqtt
    self.client.connect(self.broker_host, self.broker_port)
  File "/usr/local/lib/python3.9/site-packages/paho/mqtt/client.py", line 1435, in connect
    return self.reconnect()
  File "/usr/local/lib/python3.9/site-packages/paho/mqtt/client.py", line 1598, in reconnect
    self._sock = self._create_socket()
  File "/usr/local/lib/python3.9/site-packages/paho/mqtt/client.py", line 4609, in _create_socket
    sock = self._create_socket_connection()
  File "/usr/local/lib/python3.9/site-packages/paho/mqtt/client.py", line 4640, in _create_socket_connection
    return socket.create_connection(addr, timeout=self._connect_timeout, source_address=source)
  File "/usr/local/lib/python3.9/socket.py", line 856, in create_connection
    raise err
  File "/usr/local/lib/python3.9/socket.py", line 844, in create_connection
    sock.connect(sa)
ConnectionRefusedError: [Errno 111] Connection refused
2025-01-04 16:03:32,489 - ValveController - ERROR - MQTT connection failed: [Errno 111] Connection refused
Traceback (most recent call last):
  File "/app/valves_node.py", line 62, in connect_mqtt
    self.client.connect(self.broker_host, self.broker_port)
  File "/usr/local/lib/python3.9/site-packages/paho/mqtt/client.py", line 1435, in connect
    return self.reconnect()
  File "/usr/local/lib/python3.9/site-packages/paho/mqtt/client.py", line 1598, in reconnect
    self._sock = self._create_socket()
  File "/usr/local/lib/python3.9/site-packages/paho/mqtt/client.py", line 4609, in _create_socket
    sock = self._create_socket_connection()
  File "/usr/local/lib/python3.9/site-packages/paho/mqtt/client.py", line 4640, in _create_socket_connection
    return socket.create_connection(addr, timeout=self._connect_timeout, source_address=source)
  File "/usr/local/lib/python3.9/socket.py", line 856, in create_connection
    raise err
  File "/usr/local/lib/python3.9/socket.py", line 844, in create_connection
    sock.connect(sa)
ConnectionRefusedError: [Errno 111] Connection refused
2025-01-04 16:03:37,517 - ValveController - ERROR - MQTT connection failed: [Errno 111] Connection refused
Traceback (most recent call last):
  File "/app/valves_node.py", line 62, in connect_mqtt
    self.client.connect(self.broker_host, self.broker_port)
  File "/usr/local/lib/python3.9/site-packages/paho/mqtt/client.py", line 1435, in connect
    return self.reconnect()
  File "/usr/local/lib/python3.9/site-packages/paho/mqtt/client.py", line 1598, in reconnect
    self._sock = self._create_socket()
  File "/usr/local/lib/python3.9/site-packages/paho/mqtt/client.py", line 4609, in _create_socket
    sock = self._create_socket_connection()
  File "/usr/local/lib/python3.9/site-packages/paho/mqtt/client.py", line 4640, in _create_socket_connection
    return socket.create_connection(addr, timeout=self._connect_timeout, source_address=source)
  File "/usr/local/lib/python3.9/socket.py", line 856, in create_connection
    raise err
  File "/usr/local/lib/python3.9/socket.py", line 844, in create_connection
    sock.connect(sa)
ConnectionRefusedError: [Errno 111] Connection refused
2025-01-04 16:03:42,532 - ValveController - ERROR - MQTT connection failed: [Errno 111] Connection refused
Traceback (most recent call last):
  File "/app/valves_node.py", line 62, in connect_mqtt
    self.client.connect(self.broker_host, self.broker_port)
  File "/usr/local/lib/python3.9/site-packages/paho/mqtt/client.py", line 1435, in connect
    return self.reconnect()
  File "/usr/local/lib/python3.9/site-packages/paho/mqtt/client.py", line 1598, in reconnect
    self._sock = self._create_socket()
  File "/usr/local/lib/python3.9/site-packages/paho/mqtt/client.py", line 4609, in _create_socket
    sock = self._create_socket_connection()
  File "/usr/local/lib/python3.9/site-packages/paho/mqtt/client.py", line 4640, in _create_socket_connection
    return socket.create_connection(addr, timeout=self._connect_timeout, source_address=source)
  File "/usr/local/lib/python3.9/socket.py", line 856, in create_connection
    raise err
  File "/usr/local/lib/python3.9/socket.py", line 844, in create_connection
    sock.connect(sa)
ConnectionRefusedError: [Errno 111] Connection refused
2025-01-04 16:03:47,546 - ValveController - ERROR - MQTT connection failed: [Errno 111] Connection refused
Traceback (most recent call last):
  File "/app/valves_node.py", line 62, in connect_mqtt
    self.client.connect(self.broker_host, self.broker_port)
  File "/usr/local/lib/python3.9/site-packages/paho/mqtt/client.py", line 1435, in connect
    return self.reconnect()
  File "/usr/local/lib/python3.9/site-packages/paho/mqtt/client.py", line 1598, in reconnect
    self._sock = self._create_socket()
  File "/usr/local/lib/python3.9/site-packages/paho/mqtt/client.py", line 4609, in _create_socket
    sock = self._create_socket_connection()
  File "/usr/local/lib/python3.9/site-packages/paho/mqtt/client.py", line 4640, in _create_socket_connection
    return socket.create_connection(addr, timeout=self._connect_timeout, source_address=source)
  File "/usr/local/lib/python3.9/socket.py", line 856, in create_connection
    raise err
  File "/usr/local/lib/python3.9/socket.py", line 844, in create_connection
    sock.connect(sa)
ConnectionRefusedError: [Errno 111] Connection refused
2025-01-04 16:03:52,560 - ValveController - ERROR - MQTT connection failed: [Errno 111] Connection refused
Traceback (most recent call last):
  File "/app/valves_node.py", line 62, in connect_mqtt
    self.client.connect(self.broker_host, self.broker_port)
  File "/usr/local/lib/python3.9/site-packages/paho/mqtt/client.py", line 1435, in connect
    return self.reconnect()
  File "/usr/local/lib/python3.9/site-packages/paho/mqtt/client.py", line 1598, in reconnect
    self._sock = self._create_socket()
  File "/usr/local/lib/python3.9/site-packages/paho/mqtt/client.py", line 4609, in _create_socket
    sock = self._create_socket_connection()
  File "/usr/local/lib/python3.9/site-packages/paho/mqtt/client.py", line 4640, in _create_socket_connection
    return socket.create_connection(addr, timeout=self._connect_timeout, source_address=source)
  File "/usr/local/lib/python3.9/socket.py", line 856, in create_connection
    raise err
  File "/usr/local/lib/python3.9/socket.py", line 844, in create_connection
    sock.connect(sa)
ConnectionRefusedError: [Errno 111] Connection refused
2025-01-04 16:03:57,582 - ValveController - ERROR - MQTT connection failed: [Errno 111] Connection refused
Traceback (most recent call last):
  File "/app/valves_node.py", line 62, in connect_mqtt
    self.client.connect(self.broker_host, self.broker_port)
  File "/usr/local/lib/python3.9/site-packages/paho/mqtt/client.py", line 1435, in connect
    return self.reconnect()
  File "/usr/local/lib/python3.9/site-packages/paho/mqtt/client.py", line 1598, in reconnect
    self._sock = self._create_socket()
  File "/usr/local/lib/python3.9/site-packages/paho/mqtt/client.py", line 4609, in _create_socket
    sock = self._create_socket_connection()
  File "/usr/local/lib/python3.9/site-packages/paho/mqtt/client.py", line 4640, in _create_socket_connection
    return socket.create_connection(addr, timeout=self._connect_timeout, source_address=source)
  File "/usr/local/lib/python3.9/socket.py", line 856, in create_connection
    raise err
  File "/usr/local/lib/python3.9/socket.py", line 844, in create_connection
    sock.connect(sa)
ConnectionRefusedError: [Errno 111] Connection refused
2025-01-04 16:04:02,596 - ValveController - ERROR - MQTT connection failed: [Errno 111] Connection refused
Traceback (most recent call last):
  File "/app/valves_node.py", line 62, in connect_mqtt
    self.client.connect(self.broker_host, self.broker_port)
  File "/usr/local/lib/python3.9/site-packages/paho/mqtt/client.py", line 1435, in connect
    return self.reconnect()
  File "/usr/local/lib/python3.9/site-packages/paho/mqtt/client.py", line 1598, in reconnect
    self._sock = self._create_socket()
  File "/usr/local/lib/python3.9/site-packages/paho/mqtt/client.py", line 4609, in _create_socket
    sock = self._create_socket_connection()
  File "/usr/local/lib/python3.9/site-packages/paho/mqtt/client.py", line 4640, in _create_socket_connection
    return socket.create_connection(addr, timeout=self._connect_timeout, source_address=source)
  File "/usr/local/lib/python3.9/socket.py", line 856, in create_connection
    raise err
  File "/usr/local/lib/python3.9/socket.py", line 844, in create_connection
    sock.connect(sa)
ConnectionRefusedError: [Errno 111] Connection refused
2025-01-04 16:04:07,613 - ValveController - ERROR - MQTT connection failed: [Errno 111] Connection refused
Traceback (most recent call last):
  File "/app/valves_node.py", line 62, in connect_mqtt
    self.client.connect(self.broker_host, self.broker_port)
  File "/usr/local/lib/python3.9/site-packages/paho/mqtt/client.py", line 1435, in connect
    return self.reconnect()
  File "/usr/local/lib/python3.9/site-packages/paho/mqtt/client.py", line 1598, in reconnect
    self._sock = self._create_socket()
  File "/usr/local/lib/python3.9/site-packages/paho/mqtt/client.py", line 4609, in _create_socket
    sock = self._create_socket_connection()
  File "/usr/local/lib/python3.9/site-packages/paho/mqtt/client.py", line 4640, in _create_socket_connection
    return socket.create_connection(addr, timeout=self._connect_timeout, source_address=source)
  File "/usr/local/lib/python3.9/socket.py", line 856, in create_connection
    raise err
  File "/usr/local/lib/python3.9/socket.py", line 844, in create_connection
    sock.connect(sa)
ConnectionRefusedError: [Errno 111] Connection refused
2025-01-04 16:04:12,629 - ValveController - ERROR - MQTT connection failed: [Errno 111] Connection refused
Traceback (most recent call last):
  File "/app/valves_node.py", line 62, in connect_mqtt
    self.client.connect(self.broker_host, self.broker_port)
  File "/usr/local/lib/python3.9/site-packages/paho/mqtt/client.py", line 1435, in connect
    return self.reconnect()
  File "/usr/local/lib/python3.9/site-packages/paho/mqtt/client.py", line 1598, in reconnect
    self._sock = self._create_socket()
  File "/usr/local/lib/python3.9/site-packages/paho/mqtt/client.py", line 4609, in _create_socket
    sock = self._create_socket_connection()
  File "/usr/local/lib/python3.9/site-packages/paho/mqtt/client.py", line 4640, in _create_socket_connection
    return socket.create_connection(addr, timeout=self._connect_timeout, source_address=source)
  File "/usr/local/lib/python3.9/socket.py", line 856, in create_connection
    raise err
  File "/usr/local/lib/python3.9/socket.py", line 844, in create_connection
    sock.connect(sa)
ConnectionRefusedError: [Errno 111] Connection refused
2025-01-04 16:04:17,655 - ValveController - ERROR - MQTT connection failed: [Errno 111] Connection refused
Traceback (most recent call last):
  File "/app/valves_node.py", line 62, in connect_mqtt
    self.client.connect(self.broker_host, self.broker_port)
  File "/usr/local/lib/python3.9/site-packages/paho/mqtt/client.py", line 1435, in connect
    return self.reconnect()
  File "/usr/local/lib/python3.9/site-packages/paho/mqtt/client.py", line 1598, in reconnect
    self._sock = self._create_socket()
  File "/usr/local/lib/python3.9/site-packages/paho/mqtt/client.py", line 4609, in _create_socket
    sock = self._create_socket_connection()
  File "/usr/local/lib/python3.9/site-packages/paho/mqtt/client.py", line 4640, in _create_socket_connection
    return socket.create_connection(addr, timeout=self._connect_timeout, source_address=source)
  File "/usr/local/lib/python3.9/socket.py", line 856, in create_connection
    raise err
  File "/usr/local/lib/python3.9/socket.py", line 844, in create_connection
    sock.connect(sa)
ConnectionRefusedError: [Errno 111] Connection refused
2025-01-04 16:04:22,669 - ValveController - ERROR - MQTT connection failed: [Errno 111] Connection refused
Traceback (most recent call last):
  File "/app/valves_node.py", line 62, in connect_mqtt
    self.client.connect(self.broker_host, self.broker_port)
  File "/usr/local/lib/python3.9/site-packages/paho/mqtt/client.py", line 1435, in connect
    return self.reconnect()
  File "/usr/local/lib/python3.9/site-packages/paho/mqtt/client.py", line 1598, in reconnect
    self._sock = self._create_socket()
  File "/usr/local/lib/python3.9/site-packages/paho/mqtt/client.py", line 4609, in _create_socket
    sock = self._create_socket_connection()
  File "/usr/local/lib/python3.9/site-packages/paho/mqtt/client.py", line 4640, in _create_socket_connection
    return socket.create_connection(addr, timeout=self._connect_timeout, source_address=source)
  File "/usr/local/lib/python3.9/socket.py", line 856, in create_connection
    raise err
  File "/usr/local/lib/python3.9/socket.py", line 844, in create_connection
    sock.connect(sa)
ConnectionRefusedError: [Errno 111] Connection refused
2025-01-04 16:04:27,774 - ValveController - ERROR - MQTT connection failed: [Errno 111] Connection refused
Traceback (most recent call last):
  File "/app/valves_node.py", line 62, in connect_mqtt
    self.client.connect(self.broker_host, self.broker_port)
  File "/usr/local/lib/python3.9/site-packages/paho/mqtt/client.py", line 1435, in connect
    return self.reconnect()
  File "/usr/local/lib/python3.9/site-packages/paho/mqtt/client.py", line 1598, in reconnect
    self._sock = self._create_socket()
  File "/usr/local/lib/python3.9/site-packages/paho/mqtt/client.py", line 4609, in _create_socket
    sock = self._create_socket_connection()
  File "/usr/local/lib/python3.9/site-packages/paho/mqtt/client.py", line 4640, in _create_socket_connection
    return socket.create_connection(addr, timeout=self._connect_timeout, source_address=source)
  File "/usr/local/lib/python3.9/socket.py", line 856, in create_connection
    raise err
  File "/usr/local/lib/python3.9/socket.py", line 844, in create_connection
    sock.connect(sa)
ConnectionRefusedError: [Errno 111] Connection refused
2025-01-04 16:04:32,857 - ValveController - ERROR - MQTT connection failed: [Errno 111] Connection refused
Traceback (most recent call last):
  File "/app/valves_node.py", line 62, in connect_mqtt
    self.client.connect(self.broker_host, self.broker_port)
  File "/usr/local/lib/python3.9/site-packages/paho/mqtt/client.py", line 1435, in connect
    return self.reconnect()
  File "/usr/local/lib/python3.9/site-packages/paho/mqtt/client.py", line 1598, in reconnect
    self._sock = self._create_socket()
  File "/usr/local/lib/python3.9/site-packages/paho/mqtt/client.py", line 4609, in _create_socket
    sock = self._create_socket_connection()
  File "/usr/local/lib/python3.9/site-packages/paho/mqtt/client.py", line 4640, in _create_socket_connection
    return socket.create_connection(addr, timeout=self._connect_timeout, source_address=source)
  File "/usr/local/lib/python3.9/socket.py", line 856, in create_connection
    raise err
  File "/usr/local/lib/python3.9/socket.py", line 844, in create_connection
    sock.connect(sa)
ConnectionRefusedError: [Errno 111] Connection refused
2025-01-04 16:04:37,875 - ValveController - ERROR - MQTT connection failed: [Errno 111] Connection refused
Traceback (most recent call last):
  File "/app/valves_node.py", line 62, in connect_mqtt
    self.client.connect(self.broker_host, self.broker_port)
  File "/usr/local/lib/python3.9/site-packages/paho/mqtt/client.py", line 1435, in connect
    return self.reconnect()
  File "/usr/local/lib/python3.9/site-packages/paho/mqtt/client.py", line 1598, in reconnect
    self._sock = self._create_socket()
  File "/usr/local/lib/python3.9/site-packages/paho/mqtt/client.py", line 4609, in _create_socket
    sock = self._create_socket_connection()
  File "/usr/local/lib/python3.9/site-packages/paho/mqtt/client.py", line 4640, in _create_socket_connection
    return socket.create_connection(addr, timeout=self._connect_timeout, source_address=source)
  File "/usr/local/lib/python3.9/socket.py", line 856, in create_connection
    raise err
  File "/usr/local/lib/python3.9/socket.py", line 844, in create_connection
    sock.connect(sa)
ConnectionRefusedError: [Errno 111] Connection refused
2025-01-04 16:04:42,894 - ValveController - ERROR - MQTT connection failed: [Errno 111] Connection refused
Traceback (most recent call last):
  File "/app/valves_node.py", line 62, in connect_mqtt
    self.client.connect(self.broker_host, self.broker_port)
  File "/usr/local/lib/python3.9/site-packages/paho/mqtt/client.py", line 1435, in connect
    return self.reconnect()
  File "/usr/local/lib/python3.9/site-packages/paho/mqtt/client.py", line 1598, in reconnect
    self._sock = self._create_socket()
  File "/usr/local/lib/python3.9/site-packages/paho/mqtt/client.py", line 4609, in _create_socket
    sock = self._create_socket_connection()
  File "/usr/local/lib/python3.9/site-packages/paho/mqtt/client.py", line 4640, in _create_socket_connection
    return socket.create_connection(addr, timeout=self._connect_timeout, source_address=source)
  File "/usr/local/lib/python3.9/socket.py", line 856, in create_connection
    raise err
  File "/usr/local/lib/python3.9/socket.py", line 844, in create_connection
    sock.connect(sa)
ConnectionRefusedError: [Errno 111] Connection refused
2025-01-04 16:04:47,916 - ValveController - ERROR - MQTT connection failed: [Errno 111] Connection refused
Traceback (most recent call last):
  File "/app/valves_node.py", line 62, in connect_mqtt
    self.client.connect(self.broker_host, self.broker_port)
  File "/usr/local/lib/python3.9/site-packages/paho/mqtt/client.py", line 1435, in connect
    return self.reconnect()
  File "/usr/local/lib/python3.9/site-packages/paho/mqtt/client.py", line 1598, in reconnect
    self._sock = self._create_socket()
  File "/usr/local/lib/python3.9/site-packages/paho/mqtt/client.py", line 4609, in _create_socket
    sock = self._create_socket_connection()
  File "/usr/local/lib/python3.9/site-packages/paho/mqtt/client.py", line 4640, in _create_socket_connection
    return socket.create_connection(addr, timeout=self._connect_timeout, source_address=source)
  File "/usr/local/lib/python3.9/socket.py", line 856, in create_connection
    raise err
  File "/usr/local/lib/python3.9/socket.py", line 844, in create_connection
    sock.connect(sa)
ConnectionRefusedError: [Errno 111] Connection refused
2025-01-04 16:04:52,926 - ValveController - ERROR - MQTT connection failed: [Errno 111] Connection refused
Traceback (most recent call last):
  File "/app/valves_node.py", line 62, in connect_mqtt
    self.client.connect(self.broker_host, self.broker_port)
  File "/usr/local/lib/python3.9/site-packages/paho/mqtt/client.py", line 1435, in connect
    return self.reconnect()
  File "/usr/local/lib/python3.9/site-packages/paho/mqtt/client.py", line 1598, in reconnect
    self._sock = self._create_socket()
  File "/usr/local/lib/python3.9/site-packages/paho/mqtt/client.py", line 4609, in _create_socket
    sock = self._create_socket_connection()
  File "/usr/local/lib/python3.9/site-packages/paho/mqtt/client.py", line 4640, in _create_socket_connection
    return socket.create_connection(addr, timeout=self._connect_timeout, source_address=source)
  File "/usr/local/lib/python3.9/socket.py", line 856, in create_connection
    raise err
  File "/usr/local/lib/python3.9/socket.py", line 844, in create_connection
    sock.connect(sa)
ConnectionRefusedError: [Errno 111] Connection refused
2025-01-04 16:04:57,943 - ValveController - ERROR - MQTT connection failed: [Errno 111] Connection refused
Traceback (most recent call last):
  File "/app/valves_node.py", line 62, in connect_mqtt
    self.client.connect(self.broker_host, self.broker_port)
  File "/usr/local/lib/python3.9/site-packages/paho/mqtt/client.py", line 1435, in connect
    return self.reconnect()
  File "/usr/local/lib/python3.9/site-packages/paho/mqtt/client.py", line 1598, in reconnect
    self._sock = self._create_socket()
  File "/usr/local/lib/python3.9/site-packages/paho/mqtt/client.py", line 4609, in _create_socket
    sock = self._create_socket_connection()
  File "/usr/local/lib/python3.9/site-packages/paho/mqtt/client.py", line 4640, in _create_socket_connection
    return socket.create_connection(addr, timeout=self._connect_timeout, source_address=source)
  File "/usr/local/lib/python3.9/socket.py", line 856, in create_connection
    raise err
  File "/usr/local/lib/python3.9/socket.py", line 844, in create_connection
    sock.connect(sa)
ConnectionRefusedError: [Errno 111] Connection refused
2025-01-04 16:05:02,958 - ValveController - ERROR - MQTT connection failed: [Errno 111] Connection refused
Traceback (most recent call last):
  File "/app/valves_node.py", line 62, in connect_mqtt
    self.client.connect(self.broker_host, self.broker_port)
  File "/usr/local/lib/python3.9/site-packages/paho/mqtt/client.py", line 1435, in connect
    return self.reconnect()
  File "/usr/local/lib/python3.9/site-packages/paho/mqtt/client.py", line 1598, in reconnect
    self._sock = self._create_socket()
  File "/usr/local/lib/python3.9/site-packages/paho/mqtt/client.py", line 4609, in _create_socket
    sock = self._create_socket_connection()
  File "/usr/local/lib/python3.9/site-packages/paho/mqtt/client.py", line 4640, in _create_socket_connection
    return socket.create_connection(addr, timeout=self._connect_timeout, source_address=source)
  File "/usr/local/lib/python3.9/socket.py", line 856, in create_connection
    raise err
  File "/usr/local/lib/python3.9/socket.py", line 844, in create_connection
    sock.connect(sa)
ConnectionRefusedError: [Errno 111] Connection refused
2025-01-04 16:05:07,971 - ValveController - ERROR - MQTT connection failed: [Errno 111] Connection refused
Traceback (most recent call last):
  File "/app/valves_node.py", line 62, in connect_mqtt
    self.client.connect(self.broker_host, self.broker_port)
  File "/usr/local/lib/python3.9/site-packages/paho/mqtt/client.py", line 1435, in connect
    return self.reconnect()
  File "/usr/local/lib/python3.9/site-packages/paho/mqtt/client.py", line 1598, in reconnect
    self._sock = self._create_socket()
  File "/usr/local/lib/python3.9/site-packages/paho/mqtt/client.py", line 4609, in _create_socket
    sock = self._create_socket_connection()
  File "/usr/local/lib/python3.9/site-packages/paho/mqtt/client.py", line 4640, in _create_socket_connection
    return socket.create_connection(addr, timeout=self._connect_timeout, source_address=source)
  File "/usr/local/lib/python3.9/socket.py", line 856, in create_connection
    raise err
  File "/usr/local/lib/python3.9/socket.py", line 844, in create_connection
    sock.connect(sa)
ConnectionRefusedError: [Errno 111] Connection refused
2025-01-04 16:05:13,006 - ValveController - ERROR - MQTT connection failed: [Errno 111] Connection refused
Traceback (most recent call last):
  File "/app/valves_node.py", line 62, in connect_mqtt
    self.client.connect(self.broker_host, self.broker_port)
  File "/usr/local/lib/python3.9/site-packages/paho/mqtt/client.py", line 1435, in connect
    return self.reconnect()
  File "/usr/local/lib/python3.9/site-packages/paho/mqtt/client.py", line 1598, in reconnect
    self._sock = self._create_socket()
  File "/usr/local/lib/python3.9/site-packages/paho/mqtt/client.py", line 4609, in _create_socket
    sock = self._create_socket_connection()
  File "/usr/local/lib/python3.9/site-packages/paho/mqtt/client.py", line 4640, in _create_socket_connection
    return socket.create_connection(addr, timeout=self._connect_timeout, source_address=source)
  File "/usr/local/lib/python3.9/socket.py", line 856, in create_connection
    raise err
  File "/usr/local/lib/python3.9/socket.py", line 844, in create_connection
    sock.connect(sa)
ConnectionRefusedError: [Errno 111] Connection refused
2025-01-04 18:12:47,856 - ValveController - INFO - Connected to MQTT broker with result code Success
2025-01-04 18:12:47,857 - ValveController - INFO - Subscribed to topic: device1/valves/1
2025-01-04 18:12:47,858 - ValveController - INFO - Subscribed to topic: device1/valves/2
2025-01-04 18:12:47,859 - ValveController - INFO - Subscribed to topic: device1/valves/3
2025-01-04 18:12:47,862 - ValveController - INFO - Subscribed to topic: device1/valves/4
2025-01-04 18:12:47,923 - ValveController - INFO - Valve '1' state set to 1
2025-01-04 18:12:47,924 - ValveController - INFO - Valve '2' state set to 1
2025-01-04 18:12:47,925 - ValveController - INFO - Valve '3' state set to 1
2025-01-04 18:12:47,926 - ValveController - INFO - Valve '4' state set to 1
2025-01-04 18:13:25,976 - ValveController - WARNING - Disconnected from MQTT broker. Reconnecting...
2025-01-04 18:14:32,918 - ValveController - INFO - Connected to MQTT broker with result code Success
2025-01-04 18:14:32,919 - ValveController - INFO - Subscribed to topic: device2/valves/1
2025-01-04 18:14:32,920 - ValveController - INFO - Subscribed to topic: device2/valves/2
2025-01-04 18:14:32,920 - ValveController - INFO - Subscribed to topic: device2/valves/3
2025-01-04 18:14:32,921 - ValveController - INFO - Subscribed to topic: device2/valves/4
2025-01-04 18:56:51,872 - ValveController - WARNING - Disconnected from MQTT broker. Reconnecting...
2025-01-04 18:56:54,093 - ValveController - INFO - Connected to MQTT broker with result code Success
2025-01-04 18:56:54,094 - ValveController - INFO - Subscribed to topic: device2/valves/1
2025-01-04 18:56:54,095 - ValveController - INFO - Subscribed to topic: device2/valves/2
2025-01-04 18:56:54,096 - ValveController - INFO - Subscribed to topic: device2/valves/3
2025-01-04 18:56:54,097 - ValveController - INFO - Subscribed to topic: device2/valves/4
2025-01-04 19:01:09,519 - ValveController - WARNING - Disconnected from MQTT broker. Reconnecting...
2025-01-04 19:06:31,764 - ValveController - INFO - Connected to MQTT broker with result code Success
2025-01-04 19:06:31,780 - ValveController - INFO - Subscribed to topic: device2/valves/1
2025-01-04 19:06:31,781 - ValveController - INFO - Subscribed to topic: device2/valves/2
2025-01-04 19:06:31,781 - ValveController - INFO - Subscribed to topic: device2/valves/3
2025-01-04 19:06:31,782 - ValveController - INFO - Subscribed to topic: device2/valves/4
2025-01-04 19:06:32,763 - ValveController - INFO - Valve '1' state set to 1
2025-01-04 19:06:32,769 - ValveController - INFO - Valve '2' state set to 1
2025-01-04 19:06:32,770 - ValveController - INFO - Valve '3' state set to 1
2025-01-04 19:06:32,770 - ValveController - INFO - Valve '4' state set to 1
2025-01-04 19:23:16,871 - ValveController - INFO - Valve '1' state set to 1
2025-01-04 19:23:16,875 - ValveController - INFO - Valve '2' state set to 0
2025-01-04 19:23:16,877 - ValveController - INFO - Valve '3' state set to 1
2025-01-04 19:23:16,878 - ValveController - INFO - Valve '4' state set to 1
2025-01-04 19:23:16,903 - ValveController - INFO - Valve '1' state set to 0
2025-01-04 19:23:16,908 - ValveController - INFO - Valve '2' state set to 0
2025-01-04 19:23:16,909 - ValveController - INFO - Valve '3' state set to 0
2025-01-04 19:23:16,910 - ValveController - INFO - Valve '4' state set to 0
2025-01-04 19:23:16,952 - ValveController - INFO - Valve '1' state set to 1
2025-01-04 19:23:16,997 - ValveController - INFO - Valve '2' state set to 1
2025-01-04 19:23:16,999 - ValveController - INFO - Valve '3' state set to 1
2025-01-04 19:23:17,000 - ValveController - INFO - Valve '4' state set to 1
2025-01-04 19:25:13,808 - ValveController - INFO - Valve '1' state set to 1
2025-01-04 19:25:13,815 - ValveController - INFO - Valve '2' state set to 0
2025-01-04 19:25:13,816 - ValveController - INFO - Valve '3' state set to 1
2025-01-04 19:25:13,818 - ValveController - INFO - Valve '4' state set to 1
2025-01-04 19:25:46,935 - ValveController - INFO - Valve '1' state set to 0
2025-01-04 19:25:46,953 - ValveController - INFO - Valve '2' state set to 0
2025-01-04 19:25:46,955 - ValveController - INFO - Valve '3' state set to 0
2025-01-04 19:25:46,956 - ValveController - INFO - Valve '4' state set to 0
2025-01-04 19:25:46,980 - ValveController - INFO - Valve '1' state set to 1
2025-01-04 19:25:46,982 - ValveController - INFO - Valve '2' state set to 1
2025-01-04 19:25:46,984 - ValveController - INFO - Valve '3' state set to 1
2025-01-04 19:25:46,985 - ValveController - INFO - Valve '4' state set to 1
2025-01-05 15:46:35,518 - ValveController - INFO - Valve '1' state set to 1
2025-01-05 15:46:35,522 - ValveController - INFO - Valve '2' state set to 0
2025-01-05 15:46:35,524 - ValveController - INFO - Valve '3' state set to 1
2025-01-05 15:46:35,525 - ValveController - INFO - Valve '4' state set to 1
2025-01-05 15:46:58,895 - ValveController - INFO - Valve '1' state set to 0
2025-01-05 15:46:58,913 - ValveController - INFO - Valve '2' state set to 0
2025-01-05 15:46:58,915 - ValveController - INFO - Valve '3' state set to 0
2025-01-05 15:46:58,916 - ValveController - INFO - Valve '4' state set to 0
2025-01-05 15:46:58,938 - ValveController - INFO - Valve '1' state set to 1
2025-01-05 15:46:58,944 - ValveController - INFO - Valve '2' state set to 1
2025-01-05 15:46:58,945 - ValveController - INFO - Valve '3' state set to 1
2025-01-05 15:46:58,946 - ValveController - INFO - Valve '4' state set to 1
2025-01-05 15:47:12,260 - ValveController - INFO - Connected to MQTT broker with result code Success
2025-01-05 15:47:12,269 - ValveController - INFO - Subscribed to topic: device2/valves/1
2025-01-05 15:47:12,269 - ValveController - INFO - Subscribed to topic: device2/valves/2
2025-01-05 15:47:12,270 - ValveController - INFO - Subscribed to topic: device2/valves/3
2025-01-05 15:47:12,270 - ValveController - INFO - Subscribed to topic: device2/valves/4
2025-01-05 15:48:20,648 - ValveController - INFO - Valve '1' state set to 1
2025-01-05 15:48:20,652 - ValveController - INFO - Valve '2' state set to 1
2025-01-05 15:48:20,653 - ValveController - INFO - Valve '3' state set to 1
2025-01-05 15:48:20,653 - ValveController - INFO - Valve '4' state set to 1
2025-01-05 15:49:49,619 - ValveController - INFO - Valve '1' state set to 1
2025-01-05 15:49:49,635 - ValveController - INFO - Valve '2' state set to 0
2025-01-05 15:49:49,636 - ValveController - INFO - Valve '3' state set to 1
2025-01-05 15:49:49,638 - ValveController - INFO - Valve '4' state set to 1
2025-01-05 15:54:38,416 - ValveController - INFO - Valve '1' state set to 0
2025-01-05 15:54:38,420 - ValveController - INFO - Valve '2' state set to 0
2025-01-05 15:54:38,421 - ValveController - INFO - Valve '3' state set to 0
2025-01-05 15:54:38,423 - ValveController - INFO - Valve '4' state set to 0
2025-01-05 15:54:38,424 - ValveController - INFO - Valve '1' state set to 1
2025-01-05 15:54:38,425 - ValveController - INFO - Valve '2' state set to 1
2025-01-05 15:54:38,426 - ValveController - INFO - Valve '3' state set to 1
2025-01-05 15:54:38,427 - ValveController - INFO - Valve '4' state set to 1
2025-01-05 15:55:59,495 - ValveController - WARNING - Disconnected from MQTT broker. Reconnecting...
2025-01-05 15:58:09,852 - ValveController - INFO - Connected to MQTT broker with result code Success
2025-01-05 15:58:09,856 - ValveController - INFO - Subscribed to topic: device2/valves/1
2025-01-05 15:58:09,857 - ValveController - INFO - Subscribed to topic: device2/valves/2
2025-01-05 15:58:09,858 - ValveController - INFO - Subscribed to topic: device2/valves/3
2025-01-05 15:58:09,860 - ValveController - INFO - Subscribed to topic: device2/valves/4
2025-01-05 15:58:10,373 - ValveController - INFO - Valve '1' state set to 1
2025-01-05 15:58:10,376 - ValveController - INFO - Valve '2' state set to 1
2025-01-05 15:58:10,378 - ValveController - INFO - Valve '3' state set to 1
2025-01-05 15:58:10,379 - ValveController - INFO - Valve '4' state set to 1
2025-01-05 15:58:30,410 - ValveController - INFO - Valve '1' state set to 1
2025-01-05 15:58:30,416 - ValveController - INFO - Valve '2' state set to 0
2025-01-05 15:58:30,418 - ValveController - INFO - Valve '3' state set to 1
2025-01-05 15:58:30,419 - ValveController - INFO - Valve '4' state set to 1
2025-01-05 15:58:38,828 - ValveController - INFO - Valve '1' state set to 0
2025-01-05 15:58:38,832 - ValveController - INFO - Valve '2' state set to 0
2025-01-05 15:58:38,835 - ValveController - INFO - Valve '3' state set to 0
2025-01-05 15:58:38,839 - ValveController - INFO - Valve '4' state set to 0
2025-01-05 15:58:38,877 - ValveController - INFO - Valve '1' state set to 1
2025-01-05 15:58:38,880 - ValveController - INFO - Valve '2' state set to 1
2025-01-05 15:58:38,882 - ValveController - INFO - Valve '3' state set to 1
2025-01-05 15:58:38,883 - ValveController - INFO - Valve '4' state set to 1
2025-01-05 16:17:51,069 - ValveController - WARNING - Disconnected from MQTT broker. Reconnecting...
2025-01-05 16:17:53,376 - ValveController - INFO - Connected to MQTT broker with result code Success
2025-01-05 16:17:53,377 - ValveController - INFO - Subscribed to topic: device2/valves/1
2025-01-05 16:17:53,377 - ValveController - INFO - Subscribed to topic: device2/valves/2
2025-01-05 16:17:53,379 - ValveController - INFO - Subscribed to topic: device2/valves/3
2025-01-05 16:17:53,380 - ValveController - INFO - Subscribed to topic: device2/valves/4
2025-01-05 16:18:47,498 - ValveController - INFO - Valve '1' state set to 1
2025-01-05 16:18:47,506 - ValveController - INFO - Valve '2' state set to 0
2025-01-05 16:18:47,508 - ValveController - INFO - Valve '3' state set to 1
2025-01-05 16:18:47,509 - ValveController - INFO - Valve '4' state set to 1
2025-01-05 16:19:10,973 - ValveController - INFO - Valve '1' state set to 0
2025-01-05 16:19:10,977 - ValveController - INFO - Valve '2' state set to 0
2025-01-05 16:19:10,979 - ValveController - INFO - Valve '3' state set to 0
2025-01-05 16:19:10,980 - ValveController - INFO - Valve '4' state set to 0
2025-01-05 16:19:11,007 - ValveController - INFO - Valve '1' state set to 1
2025-01-05 16:19:11,013 - ValveController - INFO - Valve '2' state set to 1
2025-01-05 16:19:11,014 - ValveController - INFO - Valve '3' state set to 1
2025-01-05 16:19:11,015 - ValveController - INFO - Valve '4' state set to 1
2025-01-05 16:19:18,313 - ValveController - INFO - Valve '1' state set to 1
2025-01-05 16:19:18,332 - ValveController - INFO - Valve '2' state set to 0
2025-01-05 16:19:18,334 - ValveController - INFO - Valve '3' state set to 1
2025-01-05 16:19:18,335 - ValveController - INFO - Valve '4' state set to 1
2025-01-05 16:19:24,398 - ValveController - INFO - Valve '1' state set to 0
2025-01-05 16:19:24,401 - ValveController - INFO - Valve '2' state set to 0
2025-01-05 16:19:24,403 - ValveController - INFO - Valve '3' state set to 0
2025-01-05 16:19:24,404 - ValveController - INFO - Valve '4' state set to 0
2025-01-05 16:19:24,443 - ValveController - INFO - Valve '1' state set to 1
2025-01-05 16:19:24,465 - ValveController - INFO - Valve '2' state set to 1
2025-01-05 16:19:24,466 - ValveController - INFO - Valve '3' state set to 1
2025-01-05 16:19:24,468 - ValveController - INFO - Valve '4' state set to 1
2025-01-05 16:19:43,519 - ValveController - INFO - Valve '1' state set to 1
2025-01-05 16:19:43,529 - ValveController - INFO - Valve '2' state set to 0
2025-01-05 16:19:43,530 - ValveController - INFO - Valve '3' state set to 1
2025-01-05 16:19:43,532 - ValveController - INFO - Valve '4' state set to 1
2025-01-05 16:20:16,891 - ValveController - INFO - Valve '1' state set to 0
2025-01-05 16:20:16,898 - ValveController - INFO - Valve '2' state set to 0
2025-01-05 16:20:16,899 - ValveController - INFO - Valve '3' state set to 0
2025-01-05 16:20:16,900 - ValveController - INFO - Valve '4' state set to 0
2025-01-05 16:20:16,901 - ValveController - INFO - Valve '1' state set to 1
2025-01-05 16:20:16,901 - ValveController - INFO - Valve '2' state set to 1
2025-01-05 16:20:16,902 - ValveController - INFO - Valve '3' state set to 1
2025-01-05 16:20:16,903 - ValveController - INFO - Valve '4' state set to 1
2025-01-05 16:20:26,576 - ValveController - INFO - Valve '1' state set to 1
2025-01-05 16:20:26,622 - ValveController - INFO - Valve '2' state set to 0
2025-01-05 16:20:26,623 - ValveController - INFO - Valve '3' state set to 1
2025-01-05 16:20:26,624 - ValveController - INFO - Valve '4' state set to 1
2025-01-05 16:20:38,456 - ValveController - INFO - Valve '1' state set to 0
2025-01-05 16:20:38,464 - ValveController - INFO - Valve '2' state set to 0
2025-01-05 16:20:38,467 - ValveController - INFO - Valve '3' state set to 0
2025-01-05 16:20:38,468 - ValveController - INFO - Valve '4' state set to 0
2025-01-05 16:20:38,470 - ValveController - INFO - Valve '1' state set to 1
2025-01-05 16:20:38,471 - ValveController - INFO - Valve '2' state set to 1
2025-01-05 16:20:38,473 - ValveController - INFO - Valve '3' state set to 1
2025-01-05 16:20:38,474 - ValveController - INFO - Valve '4' state set to 1
2025-01-05 16:21:09,155 - ValveController - INFO - Valve '1' state set to 1
2025-01-05 16:21:09,158 - ValveController - INFO - Valve '2' state set to 0
2025-01-05 16:21:09,159 - ValveController - INFO - Valve '3' state set to 1
2025-01-05 16:21:09,160 - ValveController - INFO - Valve '4' state set to 1
2025-01-05 16:21:29,266 - ValveController - INFO - Valve '1' state set to 0
2025-01-05 16:21:29,272 - ValveController - INFO - Valve '2' state set to 0
2025-01-05 16:21:29,273 - ValveController - INFO - Valve '3' state set to 0
2025-01-05 16:21:29,275 - ValveController - INFO - Valve '4' state set to 0
2025-01-05 16:21:29,307 - ValveController - INFO - Valve '1' state set to 1
2025-01-05 16:21:29,314 - ValveController - INFO - Valve '2' state set to 1
2025-01-05 16:21:29,315 - ValveController - INFO - Valve '3' state set to 1
2025-01-05 16:21:29,317 - ValveController - INFO - Valve '4' state set to 1
2025-01-05 16:21:53,769 - ValveController - INFO - Valve '1' state set to 1
2025-01-05 16:21:53,776 - ValveController - INFO - Valve '2' state set to 0
2025-01-05 16:21:53,777 - ValveController - INFO - Valve '3' state set to 1
2025-01-05 16:21:53,778 - ValveController - INFO - Valve '4' state set to 1
2025-01-05 16:23:46,258 - ValveController - INFO - Valve '1' state set to 0
2025-01-05 16:23:46,267 - ValveController - INFO - Valve '2' state set to 0
2025-01-05 16:23:46,268 - ValveController - INFO - Valve '3' state set to 0
2025-01-05 16:23:46,269 - ValveController - INFO - Valve '4' state set to 0
2025-01-05 16:23:46,269 - ValveController - INFO - Valve '1' state set to 1
2025-01-05 16:23:46,270 - ValveController - INFO - Valve '2' state set to 1
2025-01-05 16:23:46,270 - ValveController - INFO - Valve '3' state set to 1
2025-01-05 16:23:46,271 - ValveController - INFO - Valve '4' state set to 1
2025-01-05 16:25:01,299 - ValveController - INFO - Valve '1' state set to 1
2025-01-05 16:25:01,352 - ValveController - INFO - Valve '2' state set to 0
2025-01-05 16:25:01,354 - ValveController - INFO - Valve '3' state set to 1
2025-01-05 16:25:01,355 - ValveController - INFO - Valve '4' state set to 1
2025-01-05 16:30:29,197 - ValveController - INFO - Valve '1' state set to 0
2025-01-05 16:30:29,204 - ValveController - INFO - Valve '2' state set to 0
2025-01-05 16:30:29,205 - ValveController - INFO - Valve '3' state set to 0
2025-01-05 16:30:29,206 - ValveController - INFO - Valve '4' state set to 0
2025-01-05 16:30:29,224 - ValveController - INFO - Valve '1' state set to 1
2025-01-05 16:30:29,227 - ValveController - INFO - Valve '2' state set to 1
2025-01-05 16:30:29,228 - ValveController - INFO - Valve '3' state set to 1
2025-01-05 16:30:29,229 - ValveController - INFO - Valve '4' state set to 1
2025-01-05 16:31:37,483 - ValveController - INFO - Valve '1' state set to 0
2025-01-05 16:33:35,587 - ValveController - INFO - Valve '2' state set to 0
2025-01-05 16:33:45,047 - ValveController - INFO - Valve '1' state set to 1
2025-01-05 16:35:30,333 - ValveController - INFO - Valve '4' state set to 0
2025-01-05 16:35:36,963 - ValveController - INFO - Valve '2' state set to 1
2025-01-05 16:37:00,358 - ValveController - INFO - Valve '2' state set to 0
2025-01-05 16:37:05,046 - ValveController - INFO - Valve '2' state set to 1
2025-01-05 16:37:09,559 - ValveController - INFO - Valve '4' state set to 1
2025-01-05 16:40:20,966 - ValveController - INFO - Valve '3' state set to 0
2025-01-05 16:40:21,037 - ValveController - INFO - Valve '3' state set to 0
2025-01-05 16:40:21,304 - ValveController - INFO - Valve '3' state set to 0
2025-01-05 16:40:51,910 - ValveController - INFO - Valve '3' state set to 1
2025-01-05 17:06:04,582 - ValveController - INFO - Valve '3' state set to 0
2025-01-05 17:36:19,764 - ValveController - INFO - Valve '3' state set to 1
2025-01-05 17:40:26,749 - ValveController - INFO - Valve '3' state set to 0
2025-01-05 17:41:44,825 - ValveController - INFO - Valve '3' state set to 1
2025-01-05 17:43:56,578 - ValveController - INFO - Valve '4' state set to 0
2025-01-05 17:44:50,433 - ValveController - INFO - Valve '1' state set to 1
2025-01-05 17:44:50,438 - ValveController - INFO - Valve '2' state set to 0
2025-01-05 17:44:50,439 - ValveController - INFO - Valve '3' state set to 1
2025-01-05 17:44:50,440 - ValveController - INFO - Valve '4' state set to 1
                                                                                                                                                                                                                                                                                                                                                                                                                                                                                                                                                                                                                                2025-01-05 17:48:01,765 - ValveController - INFO - Connected to MQTT broker with result code Success
2025-01-05 17:48:01,778 - ValveController - INFO - Subscribed to topic: device2/valves/1
2025-01-05 17:48:01,779 - ValveController - INFO - Subscribed to topic: device2/valves/2
2025-01-05 17:48:01,780 - ValveController - INFO - Subscribed to topic: device2/valves/3
2025-01-05 17:48:01,781 - ValveController - INFO - Subscribed to topic: device2/valves/4
2025-01-05 17:48:02,803 - ValveController - INFO - Valve '1' state set to 1
2025-01-05 17:48:02,805 - ValveController - INFO - Valve '2' state set to 1
2025-01-05 17:48:02,806 - ValveController - INFO - Valve '3' state set to 1
2025-01-05 17:48:02,807 - ValveController - INFO - Valve '4' state set to 1
2025-01-05 17:48:38,801 - ValveController - INFO - Valve '1' state set to 1
2025-01-05 17:48:38,823 - ValveController - INFO - Valve '2' state set to 0
2025-01-05 17:48:38,824 - ValveController - INFO - Valve '3' state set to 1
2025-01-05 17:48:38,825 - ValveController - INFO - Valve '4' state set to 1
2025-01-05 17:48:52,206 - ValveController - INFO - Valve '1' state set to 0
2025-01-05 17:48:52,210 - ValveController - INFO - Valve '2' state set to 0
2025-01-05 17:48:52,212 - ValveController - INFO - Valve '3' state set to 0
2025-01-05 17:48:52,213 - ValveController - INFO - Valve '4' state set to 0
2025-01-05 17:48:52,214 - ValveController - INFO - Valve '1' state set to 1
2025-01-05 17:48:52,215 - ValveController - INFO - Valve '2' state set to 1
2025-01-05 17:48:52,216 - ValveController - INFO - Valve '3' state set to 1
2025-01-05 17:48:52,255 - ValveController - INFO - Valve '4' state set to 1
2025-01-05 17:49:34,239 - ValveController - INFO - Valve '1' state set to 1
2025-01-05 17:49:34,246 - ValveController - INFO - Valve '2' state set to 0
2025-01-05 17:49:34,248 - ValveController - INFO - Valve '3' state set to 1
2025-01-05 17:49:34,249 - ValveController - INFO - Valve '4' state set to 1
2025-01-05 17:51:27,522 - ValveController - INFO - Valve '1' state set to 0
2025-01-05 17:51:27,525 - ValveController - INFO - Valve '2' state set to 0
2025-01-05 17:51:27,527 - ValveController - INFO - Valve '3' state set to 0
2025-01-05 17:51:27,529 - ValveController - INFO - Valve '4' state set to 0
2025-01-05 17:51:27,572 - ValveController - INFO - Valve '1' state set to 1
2025-01-05 17:51:27,619 - ValveController - INFO - Valve '2' state set to 1
2025-01-05 17:51:27,620 - ValveController - INFO - Valve '3' state set to 1
2025-01-05 17:51:27,621 - ValveController - INFO - Valve '4' state set to 1
2025-01-05 17:55:25,395 - ValveController - INFO - Valve '1' state set to 1
2025-01-05 17:55:25,400 - ValveController - INFO - Valve '2' state set to 0
2025-01-05 17:55:25,402 - ValveController - INFO - Valve '3' state set to 1
2025-01-05 17:55:25,403 - ValveController - INFO - Valve '4' state set to 1
2025-01-05 17:55:42,079 - ValveController - INFO - Valve '1' state set to 0
2025-01-05 17:55:42,086 - ValveController - INFO - Valve '2' state set to 0
2025-01-05 17:55:42,088 - ValveController - INFO - Valve '3' state set to 0
2025-01-05 17:55:42,089 - ValveController - INFO - Valve '4' state set to 0
2025-01-05 17:55:42,090 - ValveController - INFO - Valve '1' state set to 1
2025-01-05 17:55:42,092 - ValveController - INFO - Valve '2' state set to 1
2025-01-05 17:55:42,093 - ValveController - INFO - Valve '3' state set to 1
2025-01-05 17:55:42,094 - ValveController - INFO - Valve '4' state set to 1
2025-01-05 17:56:34,931 - ValveController - INFO - Valve '1' state set to 1
2025-01-05 17:56:34,938 - ValveController - INFO - Valve '2' state set to 0
2025-01-05 17:56:34,940 - ValveController - INFO - Valve '3' state set to 1
2025-01-05 17:56:34,942 - ValveController - INFO - Valve '4' state set to 1
2025-01-05 17:56:39,401 - ValveController - INFO - Valve '1' state set to 0
2025-01-05 17:56:39,410 - ValveController - INFO - Valve '2' state set to 0
2025-01-05 17:56:39,411 - ValveController - INFO - Valve '3' state set to 0
2025-01-05 17:56:39,412 - ValveController - INFO - Valve '4' state set to 0
2025-01-05 17:56:39,414 - ValveController - INFO - Valve '1' state set to 1
2025-01-05 17:56:39,415 - ValveController - INFO - Valve '2' state set to 1
2025-01-05 17:56:39,416 - ValveController - INFO - Valve '3' state set to 1
2025-01-05 17:56:39,417 - ValveController - INFO - Valve '4' state set to 1
2025-01-05 17:56:54,699 - ValveController - INFO - Valve '1' state set to 1
2025-01-05 17:56:54,704 - ValveController - INFO - Valve '2' state set to 0
2025-01-05 17:56:54,706 - ValveController - INFO - Valve '3' state set to 1
2025-01-05 17:56:54,707 - ValveController - INFO - Valve '4' state set to 1
2025-01-05 17:57:52,124 - ValveController - INFO - Valve '1' state set to 0
2025-01-05 17:57:52,129 - ValveController - INFO - Valve '2' state set to 0
2025-01-05 17:57:52,131 - ValveController - INFO - Valve '3' state set to 0
2025-01-05 17:57:52,132 - ValveController - INFO - Valve '4' state set to 0
2025-01-05 17:57:52,187 - ValveController - INFO - Valve '1' state set to 1
2025-01-05 17:57:52,197 - ValveController - INFO - Valve '2' state set to 1
2025-01-05 17:57:52,198 - ValveController - INFO - Valve '3' state set to 1
2025-01-05 17:57:52,199 - ValveController - INFO - Valve '4' state set to 1
2025-01-05 17:58:32,766 - ValveController - WARNING - Disconnected from MQTT broker. Reconnecting...
2025-01-05 17:58:35,015 - ValveController - INFO - Connected to MQTT broker with result code Success
2025-01-05 17:58:35,016 - ValveController - INFO - Subscribed to topic: device2/valves/1
2025-01-05 17:58:35,017 - ValveController - INFO - Subscribed to topic: device2/valves/2
2025-01-05 17:58:35,017 - ValveController - INFO - Subscribed to topic: device2/valves/3
2025-01-05 17:58:35,018 - ValveController - INFO - Subscribed to topic: device2/valves/4
2025-01-05 17:58:52,599 - ValveController - INFO - Valve '1' state set to 1
2025-01-05 17:58:52,604 - ValveController - INFO - Valve '2' state set to 0
2025-01-05 17:58:52,605 - ValveController - INFO - Valve '3' state set to 1
2025-01-05 17:58:52,607 - ValveController - INFO - Valve '4' state set to 1
2025-01-05 17:59:33,111 - ValveController - INFO - Valve '1' state set to 0
2025-01-05 17:59:33,114 - ValveController - INFO - Valve '2' state set to 0
2025-01-05 17:59:33,116 - ValveController - INFO - Valve '3' state set to 0
2025-01-05 17:59:33,118 - ValveController - INFO - Valve '4' state set to 0
2025-01-05 17:59:33,169 - ValveController - INFO - Valve '1' state set to 1
2025-01-05 17:59:33,183 - ValveController - INFO - Valve '2' state set to 1
2025-01-05 17:59:33,184 - ValveController - INFO - Valve '3' state set to 1
2025-01-05 17:59:33,185 - ValveController - INFO - Valve '4' state set to 1
2025-01-05 18:02:23,211 - ValveController - INFO - Valve '1' state set to 1
2025-01-05 18:02:23,216 - ValveController - INFO - Valve '2' state set to 1
2025-01-05 18:02:23,216 - ValveController - INFO - Valve '3' state set to 1
2025-01-05 18:02:23,217 - ValveController - INFO - Valve '4' state set to 0
2025-01-05 18:06:09,208 - ValveController - INFO - Valve '1' state set to 0
2025-01-05 18:06:09,212 - ValveController - INFO - Valve '2' state set to 0
2025-01-05 18:06:09,215 - ValveController - INFO - Valve '3' state set to 0
2025-01-05 18:06:09,218 - ValveController - INFO - Valve '4' state set to 0
2025-01-05 18:06:09,219 - ValveController - INFO - Valve '1' state set to 1
2025-01-05 18:06:09,221 - ValveController - INFO - Valve '2' state set to 1
2025-01-05 18:06:09,223 - ValveController - INFO - Valve '3' state set to 1
2025-01-05 18:06:09,224 - ValveController - INFO - Valve '4' state set to 1
2025-01-05 18:11:43,157 - ValveController - INFO - Valve '1' state set to 1
2025-01-05 18:11:43,169 - ValveController - INFO - Valve '2' state set to 0
2025-01-05 18:11:43,171 - ValveController - INFO - Valve '3' state set to 1
2025-01-05 18:11:43,172 - ValveController - INFO - Valve '4' state set to 1
2025-01-05 18:11:52,663 - ValveController - INFO - Valve '1' state set to 0
2025-01-05 18:11:52,672 - ValveController - INFO - Valve '2' state set to 0
2025-01-05 18:11:52,673 - ValveController - INFO - Valve '3' state set to 0
2025-01-05 18:11:52,674 - ValveController - INFO - Valve '4' state set to 0
2025-01-05 18:11:52,676 - ValveController - INFO - Valve '1' state set to 1
2025-01-05 18:11:52,678 - ValveController - INFO - Valve '2' state set to 1
2025-01-05 18:11:52,679 - ValveController - INFO - Valve '3' state set to 1
2025-01-05 18:11:52,681 - ValveController - INFO - Valve '4' state set to 1
2025-01-05 18:12:39,550 - ValveController - INFO - Valve '1' state set to 1
2025-01-05 18:12:39,553 - ValveController - INFO - Valve '2' state set to 0
2025-01-05 18:12:39,554 - ValveController - INFO - Valve '3' state set to 1
2025-01-05 18:12:39,555 - ValveController - INFO - Valve '4' state set to 1
2025-01-05 18:17:51,428 - ValveController - INFO - Valve '1' state set to 1
2025-01-05 18:17:51,433 - ValveController - INFO - Valve '2' state set to 0
2025-01-05 18:17:51,435 - ValveController - INFO - Valve '3' state set to 1
2025-01-05 18:17:51,436 - ValveController - INFO - Valve '4' state set to 1
2025-01-05 18:19:43,309 - ValveController - INFO - Valve '1' state set to 0
2025-01-05 18:19:43,315 - ValveController - INFO - Valve '2' state set to 0
2025-01-05 18:19:43,316 - ValveController - INFO - Valve '3' state set to 0
2025-01-05 18:19:43,318 - ValveController - INFO - Valve '4' state set to 0
2025-01-05 18:19:43,353 - ValveController - INFO - Valve '1' state set to 1
2025-01-05 18:19:43,413 - ValveController - INFO - Valve '2' state set to 1
2025-01-05 18:19:43,414 - ValveController - INFO - Valve '3' state set to 1
2025-01-05 18:19:43,415 - ValveController - INFO - Valve '4' state set to 1
2025-01-05 18:20:19,286 - ValveController - INFO - Valve '1' state set to 1
2025-01-05 18:20:19,292 - ValveController - INFO - Valve '2' state set to 0
2025-01-05 18:20:19,294 - ValveController - INFO - Valve '3' state set to 1
2025-01-05 18:20:19,296 - ValveController - INFO - Valve '4' state set to 1
2025-01-05 18:27:01,491 - ValveController - INFO - Valve '1' state set to 1
2025-01-05 18:27:01,507 - ValveController - INFO - Valve '2' state set to 0
2025-01-05 18:27:01,509 - ValveController - INFO - Valve '3' state set to 1
2025-01-05 18:27:01,510 - ValveController - INFO - Valve '4' state set to 1
2025-01-05 18:30:50,245 - ValveController - INFO - Valve '1' state set to 1
2025-01-05 18:30:50,248 - ValveController - INFO - Valve '2' state set to 0
2025-01-05 18:30:50,250 - ValveController - INFO - Valve '3' state set to 1
2025-01-05 18:30:50,251 - ValveController - INFO - Valve '4' state set to 1
2025-01-05 18:31:00,442 - ValveController - INFO - Valve '1' state set to 0
2025-01-05 18:31:00,447 - ValveController - INFO - Valve '2' state set to 0
2025-01-05 18:31:00,448 - ValveController - INFO - Valve '3' state set to 0
2025-01-05 18:31:00,450 - ValveController - INFO - Valve '4' state set to 0
2025-01-05 18:31:00,451 - ValveController - INFO - Valve '1' state set to 1
2025-01-05 18:31:00,452 - ValveController - INFO - Valve '2' state set to 1
2025-01-05 18:31:00,454 - ValveController - INFO - Valve '3' state set to 1
2025-01-05 18:31:00,455 - ValveController - INFO - Valve '4' state set to 1
2025-01-05 18:31:19,747 - ValveController - INFO - Valve '1' state set to 1
2025-01-05 18:31:19,765 - ValveController - INFO - Valve '2' state set to 0
2025-01-05 18:31:19,766 - ValveController - INFO - Valve '3' state set to 1
2025-01-05 18:31:19,768 - ValveController - INFO - Valve '4' state set to 1
2025-01-05 18:31:23,813 - ValveController - INFO - Valve '1' state set to 0
2025-01-05 18:31:23,819 - ValveController - INFO - Valve '2' state set to 0
2025-01-05 18:31:23,820 - ValveController - INFO - Valve '3' state set to 0
2025-01-05 18:31:23,821 - ValveController - INFO - Valve '4' state set to 0
2025-01-05 18:31:23,850 - ValveController - INFO - Valve '1' state set to 1
2025-01-05 18:31:23,856 - ValveController - INFO - Valve '2' state set to 1
2025-01-05 18:31:23,857 - ValveController - INFO - Valve '3' state set to 1
2025-01-05 18:31:23,858 - ValveController - INFO - Valve '4' state set to 1
2025-01-05 18:32:04,803 - ValveController - INFO - Valve '1' state set to 1
2025-01-05 18:32:04,812 - ValveController - INFO - Valve '2' state set to 0
2025-01-05 18:32:04,814 - ValveController - INFO - Valve '3' state set to 1
2025-01-05 18:32:04,816 - ValveController - INFO - Valve '4' state set to 1
2025-01-05 18:32:52,438 - ValveController - INFO - Valve '1' state set to 0
2025-01-05 18:32:52,441 - ValveController - INFO - Valve '2' state set to 0
2025-01-05 18:32:52,443 - ValveController - INFO - Valve '3' state set to 0
2025-01-05 18:32:52,444 - ValveController - INFO - Valve '4' state set to 0
2025-01-05 18:32:52,446 - ValveController - INFO - Valve '1' state set to 1
2025-01-05 18:32:52,480 - ValveController - INFO - Valve '2' state set to 1
2025-01-05 18:32:52,525 - ValveController - INFO - Valve '3' state set to 1
2025-01-05 18:32:52,526 - ValveController - INFO - Valve '4' state set to 1
2025-01-05 18:47:20,871 - ValveController - INFO - Valve '1' state set to 1
2025-01-05 18:47:20,879 - ValveController - INFO - Valve '2' state set to 0
2025-01-05 18:47:20,880 - ValveController - INFO - Valve '3' state set to 1
2025-01-05 18:47:20,881 - ValveController - INFO - Valve '4' state set to 1
2025-01-05 18:48:27,625 - ValveController - INFO - Valve '1' state set to 0
2025-01-05 18:48:27,631 - ValveController - INFO - Valve '2' state set to 0
2025-01-05 18:48:27,633 - ValveController - INFO - Valve '3' state set to 0
2025-01-05 18:48:27,634 - ValveController - INFO - Valve '4' state set to 0
2025-01-05 18:48:27,636 - ValveController - INFO - Valve '1' state set to 1
2025-01-05 18:48:27,637 - ValveController - INFO - Valve '2' state set to 1
2025-01-05 18:48:27,638 - ValveController - INFO - Valve '3' state set to 1
2025-01-05 18:48:27,639 - ValveController - INFO - Valve '4' state set to 1
